trial,seed,graph,gen,bestSpan_gen
1,1235,sd_3_100.txt,1,139
1,1235,sd_3_100.txt,2,136
1,1235,sd_3_100.txt,3,135
1,1235,sd_3_100.txt,4,135
1,1235,sd_3_100.txt,5,135
1,1235,sd_3_100.txt,6,134
1,1235,sd_3_100.txt,7,133
1,1235,sd_3_100.txt,8,133
1,1235,sd_3_100.txt,9,133
1,1235,sd_3_100.txt,10,131
1,1235,sd_3_100.txt,11,131
1,1235,sd_3_100.txt,12,130
1,1235,sd_3_100.txt,13,130
1,1235,sd_3_100.txt,14,129
1,1235,sd_3_100.txt,15,127
1,1235,sd_3_100.txt,16,127
1,1235,sd_3_100.txt,17,127
1,1235,sd_3_100.txt,18,126
1,1235,sd_3_100.txt,19,126
1,1235,sd_3_100.txt,20,125
1,1235,sd_3_100.txt,21,125
1,1235,sd_3_100.txt,22,125
1,1235,sd_3_100.txt,23,124
1,1235,sd_3_100.txt,24,124
1,1235,sd_3_100.txt,25,122
1,1235,sd_3_100.txt,26,122
1,1235,sd_3_100.txt,27,122
1,1235,sd_3_100.txt,28,122
1,1235,sd_3_100.txt,29,122
1,1235,sd_3_100.txt,30,122
1,1235,sd_3_100.txt,31,122
1,1235,sd_3_100.txt,32,122
1,1235,sd_3_100.txt,33,122
1,1235,sd_3_100.txt,34,122
1,1235,sd_3_100.txt,35,121
1,1235,sd_3_100.txt,36,121
1,1235,sd_3_100.txt,37,120
1,1235,sd_3_100.txt,38,120
1,1235,sd_3_100.txt,39,120
1,1235,sd_3_100.txt,40,120
1,1235,sd_3_100.txt,41,120
1,1235,sd_3_100.txt,42,120
1,1235,sd_3_100.txt,43,120
1,1235,sd_3_100.txt,44,120
1,1235,sd_3_100.txt,45,120
1,1235,sd_3_100.txt,46,120
1,1235,sd_3_100.txt,47,120
1,1235,sd_3_100.txt,48,120
1,1235,sd_3_100.txt,49,120
1,1235,sd_3_100.txt,50,120
1,1235,sd_3_100.txt,51,120
1,1235,sd_3_100.txt,52,120
1,1235,sd_3_100.txt,53,120
1,1235,sd_3_100.txt,54,119
1,1235,sd_3_100.txt,55,119
1,1235,sd_3_100.txt,56,119
1,1235,sd_3_100.txt,57,119
1,1235,sd_3_100.txt,58,119
1,1235,sd_3_100.txt,59,119
1,1235,sd_3_100.txt,60,119
1,1235,sd_3_100.txt,61,119
1,1235,sd_3_100.txt,62,119
1,1235,sd_3_100.txt,63,119
1,1235,sd_3_100.txt,64,119
1,1235,sd_3_100.txt,65,119
1,1235,sd_3_100.txt,66,119
1,1235,sd_3_100.txt,67,119
1,1235,sd_3_100.txt,68,119
1,1235,sd_3_100.txt,69,119
1,1235,sd_3_100.txt,70,119
1,1235,sd_3_100.txt,71,119
1,1235,sd_3_100.txt,72,119
1,1235,sd_3_100.txt,73,119
1,1235,sd_3_100.txt,74,119
1,1235,sd_3_100.txt,75,119
1,1235,sd_3_100.txt,76,119
1,1235,sd_3_100.txt,77,119
1,1235,sd_3_100.txt,78,119
1,1235,sd_3_100.txt,79,119
1,1235,sd_3_100.txt,80,119
1,1235,sd_3_100.txt,81,119
1,1235,sd_3_100.txt,82,119
1,1235,sd_3_100.txt,83,119
1,1235,sd_3_100.txt,84,119
1,1235,sd_3_100.txt,85,119
1,1235,sd_3_100.txt,86,119
1,1235,sd_3_100.txt,87,119
1,1235,sd_3_100.txt,88,119
1,1235,sd_3_100.txt,89,119
1,1235,sd_3_100.txt,90,117
1,1235,sd_3_100.txt,91,117
1,1235,sd_3_100.txt,92,117
1,1235,sd_3_100.txt,93,117
1,1235,sd_3_100.txt,94,117
1,1235,sd_3_100.txt,95,117
1,1235,sd_3_100.txt,96,117
1,1235,sd_3_100.txt,97,117
1,1235,sd_3_100.txt,98,117
1,1235,sd_3_100.txt,99,117
1,1235,sd_3_100.txt,100,117
1,1235,sd_3_100.txt,101,117
1,1235,sd_3_100.txt,102,117
1,1235,sd_3_100.txt,103,117
1,1235,sd_3_100.txt,104,117
1,1235,sd_3_100.txt,105,117
1,1235,sd_3_100.txt,106,117
1,1235,sd_3_100.txt,107,117
1,1235,sd_3_100.txt,108,117
1,1235,sd_3_100.txt,109,117
1,1235,sd_3_100.txt,110,117
1,1235,sd_3_100.txt,111,117
1,1235,sd_3_100.txt,112,117
1,1235,sd_3_100.txt,113,117
1,1235,sd_3_100.txt,114,117
1,1235,sd_3_100.txt,115,116
1,1235,sd_3_100.txt,116,116
1,1235,sd_3_100.txt,117,116
1,1235,sd_3_100.txt,118,116
1,1235,sd_3_100.txt,119,116
1,1235,sd_3_100.txt,120,116
1,1235,sd_3_100.txt,121,116
1,1235,sd_3_100.txt,122,116
1,1235,sd_3_100.txt,123,116
1,1235,sd_3_100.txt,124,116
1,1235,sd_3_100.txt,125,116
1,1235,sd_3_100.txt,126,116
1,1235,sd_3_100.txt,127,116
1,1235,sd_3_100.txt,128,116
1,1235,sd_3_100.txt,129,116
1,1235,sd_3_100.txt,130,116
1,1235,sd_3_100.txt,131,116
1,1235,sd_3_100.txt,132,116
1,1235,sd_3_100.txt,133,116
1,1235,sd_3_100.txt,134,116
1,1235,sd_3_100.txt,135,116
1,1235,sd_3_100.txt,136,116
1,1235,sd_3_100.txt,137,116
1,1235,sd_3_100.txt,138,116
1,1235,sd_3_100.txt,139,116
1,1235,sd_3_100.txt,140,116
1,1235,sd_3_100.txt,141,116
1,1235,sd_3_100.txt,142,116
1,1235,sd_3_100.txt,143,116
1,1235,sd_3_100.txt,144,116
1,1235,sd_3_100.txt,145,116
1,1235,sd_3_100.txt,146,116
1,1235,sd_3_100.txt,147,116
1,1235,sd_3_100.txt,148,116
1,1235,sd_3_100.txt,149,116
1,1235,sd_3_100.txt,150,116
1,1235,sd_3_100.txt,151,116
1,1235,sd_3_100.txt,152,116
1,1235,sd_3_100.txt,153,116
1,1235,sd_3_100.txt,154,116
1,1235,sd_3_100.txt,155,116
1,1235,sd_3_100.txt,156,116
1,1235,sd_3_100.txt,157,116
1,1235,sd_3_100.txt,158,116
1,1235,sd_3_100.txt,159,116
1,1235,sd_3_100.txt,160,116
1,1235,sd_3_100.txt,161,116
1,1235,sd_3_100.txt,162,116
1,1235,sd_3_100.txt,163,116
1,1235,sd_3_100.txt,164,116
1,1235,sd_3_100.txt,165,116
1,1235,sd_3_100.txt,166,116
1,1235,sd_3_100.txt,167,116
1,1235,sd_3_100.txt,168,116
1,1235,sd_3_100.txt,169,116
1,1235,sd_3_100.txt,170,116
1,1235,sd_3_100.txt,171,116
1,1235,sd_3_100.txt,172,116
1,1235,sd_3_100.txt,173,116
1,1235,sd_3_100.txt,174,116
1,1235,sd_3_100.txt,175,116
1,1235,sd_3_100.txt,176,116
1,1235,sd_3_100.txt,177,116
1,1235,sd_3_100.txt,178,116
1,1235,sd_3_100.txt,179,116
1,1235,sd_3_100.txt,180,116
1,1235,sd_3_100.txt,181,116
1,1235,sd_3_100.txt,182,116
1,1235,sd_3_100.txt,183,116
1,1235,sd_3_100.txt,184,116
1,1235,sd_3_100.txt,185,116
1,1235,sd_3_100.txt,186,116
1,1235,sd_3_100.txt,187,116
1,1235,sd_3_100.txt,188,116
1,1235,sd_3_100.txt,189,116
1,1235,sd_3_100.txt,190,116
1,1235,sd_3_100.txt,191,116
1,1235,sd_3_100.txt,192,116
1,1235,sd_3_100.txt,193,116
1,1235,sd_3_100.txt,194,116
1,1235,sd_3_100.txt,195,116
1,1235,sd_3_100.txt,196,116
1,1235,sd_3_100.txt,197,116
1,1235,sd_3_100.txt,198,116
1,1235,sd_3_100.txt,199,116
1,1235,sd_3_100.txt,200,116
2,1236,sd_3_100.txt,1,137
2,1236,sd_3_100.txt,2,134
2,1236,sd_3_100.txt,3,134
2,1236,sd_3_100.txt,4,134
2,1236,sd_3_100.txt,5,134
2,1236,sd_3_100.txt,6,132
2,1236,sd_3_100.txt,7,132
2,1236,sd_3_100.txt,8,132
2,1236,sd_3_100.txt,9,132
2,1236,sd_3_100.txt,10,132
2,1236,sd_3_100.txt,11,132
2,1236,sd_3_100.txt,12,131
2,1236,sd_3_100.txt,13,129
2,1236,sd_3_100.txt,14,129
2,1236,sd_3_100.txt,15,129
2,1236,sd_3_100.txt,16,129
2,1236,sd_3_100.txt,17,129
2,1236,sd_3_100.txt,18,129
2,1236,sd_3_100.txt,19,129
2,1236,sd_3_100.txt,20,129
2,1236,sd_3_100.txt,21,127
2,1236,sd_3_100.txt,22,127
2,1236,sd_3_100.txt,23,127
2,1236,sd_3_100.txt,24,127
2,1236,sd_3_100.txt,25,127
2,1236,sd_3_100.txt,26,127
2,1236,sd_3_100.txt,27,127
2,1236,sd_3_100.txt,28,127
2,1236,sd_3_100.txt,29,127
2,1236,sd_3_100.txt,30,127
2,1236,sd_3_100.txt,31,127
2,1236,sd_3_100.txt,32,127
2,1236,sd_3_100.txt,33,127
2,1236,sd_3_100.txt,34,127
2,1236,sd_3_100.txt,35,127
2,1236,sd_3_100.txt,36,127
2,1236,sd_3_100.txt,37,126
2,1236,sd_3_100.txt,38,126
2,1236,sd_3_100.txt,39,126
2,1236,sd_3_100.txt,40,125
2,1236,sd_3_100.txt,41,125
2,1236,sd_3_100.txt,42,125
2,1236,sd_3_100.txt,43,125
2,1236,sd_3_100.txt,44,124
2,1236,sd_3_100.txt,45,124
2,1236,sd_3_100.txt,46,124
2,1236,sd_3_100.txt,47,124
2,1236,sd_3_100.txt,48,124
2,1236,sd_3_100.txt,49,124
2,1236,sd_3_100.txt,50,124
2,1236,sd_3_100.txt,51,124
2,1236,sd_3_100.txt,52,122
2,1236,sd_3_100.txt,53,122
2,1236,sd_3_100.txt,54,122
2,1236,sd_3_100.txt,55,122
2,1236,sd_3_100.txt,56,122
2,1236,sd_3_100.txt,57,122
2,1236,sd_3_100.txt,58,122
2,1236,sd_3_100.txt,59,122
2,1236,sd_3_100.txt,60,122
2,1236,sd_3_100.txt,61,122
2,1236,sd_3_100.txt,62,122
2,1236,sd_3_100.txt,63,122
2,1236,sd_3_100.txt,64,122
2,1236,sd_3_100.txt,65,122
2,1236,sd_3_100.txt,66,122
2,1236,sd_3_100.txt,67,122
2,1236,sd_3_100.txt,68,122
2,1236,sd_3_100.txt,69,122
2,1236,sd_3_100.txt,70,122
2,1236,sd_3_100.txt,71,122
2,1236,sd_3_100.txt,72,122
2,1236,sd_3_100.txt,73,122
2,1236,sd_3_100.txt,74,122
2,1236,sd_3_100.txt,75,122
2,1236,sd_3_100.txt,76,122
2,1236,sd_3_100.txt,77,122
2,1236,sd_3_100.txt,78,122
2,1236,sd_3_100.txt,79,122
2,1236,sd_3_100.txt,80,122
2,1236,sd_3_100.txt,81,122
2,1236,sd_3_100.txt,82,122
2,1236,sd_3_100.txt,83,122
2,1236,sd_3_100.txt,84,122
2,1236,sd_3_100.txt,85,122
2,1236,sd_3_100.txt,86,122
2,1236,sd_3_100.txt,87,122
2,1236,sd_3_100.txt,88,122
2,1236,sd_3_100.txt,89,122
2,1236,sd_3_100.txt,90,122
2,1236,sd_3_100.txt,91,122
2,1236,sd_3_100.txt,92,122
2,1236,sd_3_100.txt,93,122
2,1236,sd_3_100.txt,94,122
2,1236,sd_3_100.txt,95,122
2,1236,sd_3_100.txt,96,122
2,1236,sd_3_100.txt,97,122
2,1236,sd_3_100.txt,98,122
2,1236,sd_3_100.txt,99,122
2,1236,sd_3_100.txt,100,122
2,1236,sd_3_100.txt,101,122
2,1236,sd_3_100.txt,102,122
2,1236,sd_3_100.txt,103,122
2,1236,sd_3_100.txt,104,122
2,1236,sd_3_100.txt,105,122
2,1236,sd_3_100.txt,106,122
2,1236,sd_3_100.txt,107,122
2,1236,sd_3_100.txt,108,122
2,1236,sd_3_100.txt,109,122
2,1236,sd_3_100.txt,110,122
2,1236,sd_3_100.txt,111,122
2,1236,sd_3_100.txt,112,122
2,1236,sd_3_100.txt,113,122
2,1236,sd_3_100.txt,114,122
2,1236,sd_3_100.txt,115,122
2,1236,sd_3_100.txt,116,122
2,1236,sd_3_100.txt,117,122
2,1236,sd_3_100.txt,118,122
2,1236,sd_3_100.txt,119,122
2,1236,sd_3_100.txt,120,122
2,1236,sd_3_100.txt,121,122
2,1236,sd_3_100.txt,122,122
2,1236,sd_3_100.txt,123,122
2,1236,sd_3_100.txt,124,122
2,1236,sd_3_100.txt,125,122
2,1236,sd_3_100.txt,126,122
2,1236,sd_3_100.txt,127,122
2,1236,sd_3_100.txt,128,122
2,1236,sd_3_100.txt,129,122
2,1236,sd_3_100.txt,130,122
2,1236,sd_3_100.txt,131,122
2,1236,sd_3_100.txt,132,122
2,1236,sd_3_100.txt,133,122
2,1236,sd_3_100.txt,134,122
2,1236,sd_3_100.txt,135,122
2,1236,sd_3_100.txt,136,122
2,1236,sd_3_100.txt,137,122
2,1236,sd_3_100.txt,138,122
2,1236,sd_3_100.txt,139,122
2,1236,sd_3_100.txt,140,122
2,1236,sd_3_100.txt,141,122
2,1236,sd_3_100.txt,142,122
2,1236,sd_3_100.txt,143,122
2,1236,sd_3_100.txt,144,122
2,1236,sd_3_100.txt,145,122
2,1236,sd_3_100.txt,146,122
2,1236,sd_3_100.txt,147,122
2,1236,sd_3_100.txt,148,122
2,1236,sd_3_100.txt,149,122
2,1236,sd_3_100.txt,150,122
2,1236,sd_3_100.txt,151,122
2,1236,sd_3_100.txt,152,122
3,1237,sd_3_100.txt,1,136
3,1237,sd_3_100.txt,2,136
3,1237,sd_3_100.txt,3,136
3,1237,sd_3_100.txt,4,133
3,1237,sd_3_100.txt,5,133
3,1237,sd_3_100.txt,6,133
3,1237,sd_3_100.txt,7,133
3,1237,sd_3_100.txt,8,132
3,1237,sd_3_100.txt,9,132
3,1237,sd_3_100.txt,10,132
3,1237,sd_3_100.txt,11,132
3,1237,sd_3_100.txt,12,131
3,1237,sd_3_100.txt,13,131
3,1237,sd_3_100.txt,14,131
3,1237,sd_3_100.txt,15,131
3,1237,sd_3_100.txt,16,131
3,1237,sd_3_100.txt,17,131
3,1237,sd_3_100.txt,18,131
3,1237,sd_3_100.txt,19,131
3,1237,sd_3_100.txt,20,131
3,1237,sd_3_100.txt,21,130
3,1237,sd_3_100.txt,22,130
3,1237,sd_3_100.txt,23,130
3,1237,sd_3_100.txt,24,128
3,1237,sd_3_100.txt,25,127
3,1237,sd_3_100.txt,26,127
3,1237,sd_3_100.txt,27,127
3,1237,sd_3_100.txt,28,126
3,1237,sd_3_100.txt,29,126
3,1237,sd_3_100.txt,30,126
3,1237,sd_3_100.txt,31,126
3,1237,sd_3_100.txt,32,126
3,1237,sd_3_100.txt,33,125
3,1237,sd_3_100.txt,34,124
3,1237,sd_3_100.txt,35,124
3,1237,sd_3_100.txt,36,124
3,1237,sd_3_100.txt,37,124
3,1237,sd_3_100.txt,38,124
3,1237,sd_3_100.txt,39,124
3,1237,sd_3_100.txt,40,124
3,1237,sd_3_100.txt,41,124
3,1237,sd_3_100.txt,42,124
3,1237,sd_3_100.txt,43,123
3,1237,sd_3_100.txt,44,123
3,1237,sd_3_100.txt,45,123
3,1237,sd_3_100.txt,46,123
3,1237,sd_3_100.txt,47,123
3,1237,sd_3_100.txt,48,123
3,1237,sd_3_100.txt,49,123
3,1237,sd_3_100.txt,50,123
3,1237,sd_3_100.txt,51,121
3,1237,sd_3_100.txt,52,121
3,1237,sd_3_100.txt,53,121
3,1237,sd_3_100.txt,54,121
3,1237,sd_3_100.txt,55,121
3,1237,sd_3_100.txt,56,121
3,1237,sd_3_100.txt,57,121
3,1237,sd_3_100.txt,58,121
3,1237,sd_3_100.txt,59,121
3,1237,sd_3_100.txt,60,121
3,1237,sd_3_100.txt,61,121
3,1237,sd_3_100.txt,62,121
3,1237,sd_3_100.txt,63,121
3,1237,sd_3_100.txt,64,120
3,1237,sd_3_100.txt,65,120
3,1237,sd_3_100.txt,66,120
3,1237,sd_3_100.txt,67,120
3,1237,sd_3_100.txt,68,120
3,1237,sd_3_100.txt,69,120
3,1237,sd_3_100.txt,70,120
3,1237,sd_3_100.txt,71,120
3,1237,sd_3_100.txt,72,120
3,1237,sd_3_100.txt,73,120
3,1237,sd_3_100.txt,74,120
3,1237,sd_3_100.txt,75,120
3,1237,sd_3_100.txt,76,120
3,1237,sd_3_100.txt,77,120
3,1237,sd_3_100.txt,78,120
3,1237,sd_3_100.txt,79,120
3,1237,sd_3_100.txt,80,120
3,1237,sd_3_100.txt,81,120
3,1237,sd_3_100.txt,82,120
3,1237,sd_3_100.txt,83,120
3,1237,sd_3_100.txt,84,120
3,1237,sd_3_100.txt,85,120
3,1237,sd_3_100.txt,86,120
3,1237,sd_3_100.txt,87,120
3,1237,sd_3_100.txt,88,120
3,1237,sd_3_100.txt,89,120
3,1237,sd_3_100.txt,90,120
3,1237,sd_3_100.txt,91,120
3,1237,sd_3_100.txt,92,120
3,1237,sd_3_100.txt,93,120
3,1237,sd_3_100.txt,94,120
3,1237,sd_3_100.txt,95,120
3,1237,sd_3_100.txt,96,120
3,1237,sd_3_100.txt,97,120
3,1237,sd_3_100.txt,98,120
3,1237,sd_3_100.txt,99,120
3,1237,sd_3_100.txt,100,119
3,1237,sd_3_100.txt,101,119
3,1237,sd_3_100.txt,102,119
3,1237,sd_3_100.txt,103,119
3,1237,sd_3_100.txt,104,119
3,1237,sd_3_100.txt,105,119
3,1237,sd_3_100.txt,106,119
3,1237,sd_3_100.txt,107,119
3,1237,sd_3_100.txt,108,119
3,1237,sd_3_100.txt,109,119
3,1237,sd_3_100.txt,110,119
3,1237,sd_3_100.txt,111,119
3,1237,sd_3_100.txt,112,119
3,1237,sd_3_100.txt,113,119
3,1237,sd_3_100.txt,114,119
3,1237,sd_3_100.txt,115,119
3,1237,sd_3_100.txt,116,119
3,1237,sd_3_100.txt,117,119
3,1237,sd_3_100.txt,118,119
3,1237,sd_3_100.txt,119,119
3,1237,sd_3_100.txt,120,119
3,1237,sd_3_100.txt,121,119
3,1237,sd_3_100.txt,122,119
3,1237,sd_3_100.txt,123,119
3,1237,sd_3_100.txt,124,119
3,1237,sd_3_100.txt,125,119
3,1237,sd_3_100.txt,126,119
3,1237,sd_3_100.txt,127,119
3,1237,sd_3_100.txt,128,119
3,1237,sd_3_100.txt,129,119
3,1237,sd_3_100.txt,130,119
3,1237,sd_3_100.txt,131,119
3,1237,sd_3_100.txt,132,119
3,1237,sd_3_100.txt,133,119
3,1237,sd_3_100.txt,134,119
3,1237,sd_3_100.txt,135,119
3,1237,sd_3_100.txt,136,119
3,1237,sd_3_100.txt,137,119
3,1237,sd_3_100.txt,138,119
3,1237,sd_3_100.txt,139,119
3,1237,sd_3_100.txt,140,119
3,1237,sd_3_100.txt,141,119
3,1237,sd_3_100.txt,142,119
3,1237,sd_3_100.txt,143,119
3,1237,sd_3_100.txt,144,119
3,1237,sd_3_100.txt,145,119
3,1237,sd_3_100.txt,146,119
3,1237,sd_3_100.txt,147,119
3,1237,sd_3_100.txt,148,119
3,1237,sd_3_100.txt,149,119
3,1237,sd_3_100.txt,150,119
3,1237,sd_3_100.txt,151,119
3,1237,sd_3_100.txt,152,119
3,1237,sd_3_100.txt,153,119
3,1237,sd_3_100.txt,154,119
3,1237,sd_3_100.txt,155,119
3,1237,sd_3_100.txt,156,119
3,1237,sd_3_100.txt,157,119
3,1237,sd_3_100.txt,158,119
3,1237,sd_3_100.txt,159,119
3,1237,sd_3_100.txt,160,119
3,1237,sd_3_100.txt,161,119
3,1237,sd_3_100.txt,162,119
3,1237,sd_3_100.txt,163,119
3,1237,sd_3_100.txt,164,119
3,1237,sd_3_100.txt,165,119
3,1237,sd_3_100.txt,166,119
3,1237,sd_3_100.txt,167,119
3,1237,sd_3_100.txt,168,119
3,1237,sd_3_100.txt,169,119
3,1237,sd_3_100.txt,170,119
3,1237,sd_3_100.txt,171,119
3,1237,sd_3_100.txt,172,119
3,1237,sd_3_100.txt,173,119
3,1237,sd_3_100.txt,174,119
3,1237,sd_3_100.txt,175,119
3,1237,sd_3_100.txt,176,119
3,1237,sd_3_100.txt,177,119
3,1237,sd_3_100.txt,178,119
3,1237,sd_3_100.txt,179,119
3,1237,sd_3_100.txt,180,119
3,1237,sd_3_100.txt,181,119
3,1237,sd_3_100.txt,182,119
3,1237,sd_3_100.txt,183,119
3,1237,sd_3_100.txt,184,119
3,1237,sd_3_100.txt,185,119
3,1237,sd_3_100.txt,186,119
3,1237,sd_3_100.txt,187,119
3,1237,sd_3_100.txt,188,119
3,1237,sd_3_100.txt,189,119
3,1237,sd_3_100.txt,190,119
3,1237,sd_3_100.txt,191,119
3,1237,sd_3_100.txt,192,119
3,1237,sd_3_100.txt,193,119
3,1237,sd_3_100.txt,194,119
3,1237,sd_3_100.txt,195,119
3,1237,sd_3_100.txt,196,119
3,1237,sd_3_100.txt,197,119
3,1237,sd_3_100.txt,198,119
3,1237,sd_3_100.txt,199,119
3,1237,sd_3_100.txt,200,119
4,1238,sd_3_100.txt,1,139
4,1238,sd_3_100.txt,2,134
4,1238,sd_3_100.txt,3,134
4,1238,sd_3_100.txt,4,134
4,1238,sd_3_100.txt,5,134
4,1238,sd_3_100.txt,6,134
4,1238,sd_3_100.txt,7,133
4,1238,sd_3_100.txt,8,132
4,1238,sd_3_100.txt,9,132
4,1238,sd_3_100.txt,10,132
4,1238,sd_3_100.txt,11,131
4,1238,sd_3_100.txt,12,131
4,1238,sd_3_100.txt,13,131
4,1238,sd_3_100.txt,14,129
4,1238,sd_3_100.txt,15,129
4,1238,sd_3_100.txt,16,129
4,1238,sd_3_100.txt,17,129
4,1238,sd_3_100.txt,18,128
4,1238,sd_3_100.txt,19,128
4,1238,sd_3_100.txt,20,128
4,1238,sd_3_100.txt,21,127
4,1238,sd_3_100.txt,22,127
4,1238,sd_3_100.txt,23,127
4,1238,sd_3_100.txt,24,127
4,1238,sd_3_100.txt,25,127
4,1238,sd_3_100.txt,26,127
4,1238,sd_3_100.txt,27,126
4,1238,sd_3_100.txt,28,126
4,1238,sd_3_100.txt,29,126
4,1238,sd_3_100.txt,30,126
4,1238,sd_3_100.txt,31,126
4,1238,sd_3_100.txt,32,126
4,1238,sd_3_100.txt,33,126
4,1238,sd_3_100.txt,34,126
4,1238,sd_3_100.txt,35,125
4,1238,sd_3_100.txt,36,125
4,1238,sd_3_100.txt,37,125
4,1238,sd_3_100.txt,38,125
4,1238,sd_3_100.txt,39,125
4,1238,sd_3_100.txt,40,125
4,1238,sd_3_100.txt,41,125
4,1238,sd_3_100.txt,42,125
4,1238,sd_3_100.txt,43,125
4,1238,sd_3_100.txt,44,125
4,1238,sd_3_100.txt,45,125
4,1238,sd_3_100.txt,46,125
4,1238,sd_3_100.txt,47,125
4,1238,sd_3_100.txt,48,125
4,1238,sd_3_100.txt,49,125
4,1238,sd_3_100.txt,50,124
4,1238,sd_3_100.txt,51,124
4,1238,sd_3_100.txt,52,124
4,1238,sd_3_100.txt,53,124
4,1238,sd_3_100.txt,54,124
4,1238,sd_3_100.txt,55,124
4,1238,sd_3_100.txt,56,124
4,1238,sd_3_100.txt,57,124
4,1238,sd_3_100.txt,58,124
4,1238,sd_3_100.txt,59,124
4,1238,sd_3_100.txt,60,124
4,1238,sd_3_100.txt,61,124
4,1238,sd_3_100.txt,62,124
4,1238,sd_3_100.txt,63,124
4,1238,sd_3_100.txt,64,124
4,1238,sd_3_100.txt,65,124
4,1238,sd_3_100.txt,66,124
4,1238,sd_3_100.txt,67,124
4,1238,sd_3_100.txt,68,124
4,1238,sd_3_100.txt,69,124
4,1238,sd_3_100.txt,70,124
4,1238,sd_3_100.txt,71,124
4,1238,sd_3_100.txt,72,124
4,1238,sd_3_100.txt,73,124
4,1238,sd_3_100.txt,74,124
4,1238,sd_3_100.txt,75,124
4,1238,sd_3_100.txt,76,124
4,1238,sd_3_100.txt,77,124
4,1238,sd_3_100.txt,78,124
4,1238,sd_3_100.txt,79,124
4,1238,sd_3_100.txt,80,124
4,1238,sd_3_100.txt,81,124
4,1238,sd_3_100.txt,82,124
4,1238,sd_3_100.txt,83,124
4,1238,sd_3_100.txt,84,124
4,1238,sd_3_100.txt,85,124
4,1238,sd_3_100.txt,86,124
4,1238,sd_3_100.txt,87,124
4,1238,sd_3_100.txt,88,124
4,1238,sd_3_100.txt,89,124
4,1238,sd_3_100.txt,90,124
4,1238,sd_3_100.txt,91,124
4,1238,sd_3_100.txt,92,124
4,1238,sd_3_100.txt,93,124
4,1238,sd_3_100.txt,94,123
4,1238,sd_3_100.txt,95,123
4,1238,sd_3_100.txt,96,123
4,1238,sd_3_100.txt,97,123
4,1238,sd_3_100.txt,98,123
4,1238,sd_3_100.txt,99,123
4,1238,sd_3_100.txt,100,123
4,1238,sd_3_100.txt,101,123
4,1238,sd_3_100.txt,102,123
4,1238,sd_3_100.txt,103,123
4,1238,sd_3_100.txt,104,123
4,1238,sd_3_100.txt,105,123
4,1238,sd_3_100.txt,106,123
4,1238,sd_3_100.txt,107,123
4,1238,sd_3_100.txt,108,123
4,1238,sd_3_100.txt,109,123
4,1238,sd_3_100.txt,110,123
4,1238,sd_3_100.txt,111,123
4,1238,sd_3_100.txt,112,123
4,1238,sd_3_100.txt,113,123
4,1238,sd_3_100.txt,114,123
4,1238,sd_3_100.txt,115,123
4,1238,sd_3_100.txt,116,123
4,1238,sd_3_100.txt,117,123
4,1238,sd_3_100.txt,118,123
4,1238,sd_3_100.txt,119,123
4,1238,sd_3_100.txt,120,123
4,1238,sd_3_100.txt,121,123
4,1238,sd_3_100.txt,122,123
4,1238,sd_3_100.txt,123,123
4,1238,sd_3_100.txt,124,123
4,1238,sd_3_100.txt,125,123
4,1238,sd_3_100.txt,126,123
4,1238,sd_3_100.txt,127,123
4,1238,sd_3_100.txt,128,123
4,1238,sd_3_100.txt,129,123
4,1238,sd_3_100.txt,130,123
4,1238,sd_3_100.txt,131,123
4,1238,sd_3_100.txt,132,123
4,1238,sd_3_100.txt,133,123
4,1238,sd_3_100.txt,134,123
4,1238,sd_3_100.txt,135,123
4,1238,sd_3_100.txt,136,123
4,1238,sd_3_100.txt,137,123
4,1238,sd_3_100.txt,138,123
4,1238,sd_3_100.txt,139,123
4,1238,sd_3_100.txt,140,123
4,1238,sd_3_100.txt,141,123
4,1238,sd_3_100.txt,142,123
4,1238,sd_3_100.txt,143,123
4,1238,sd_3_100.txt,144,123
4,1238,sd_3_100.txt,145,123
4,1238,sd_3_100.txt,146,123
4,1238,sd_3_100.txt,147,123
4,1238,sd_3_100.txt,148,123
4,1238,sd_3_100.txt,149,123
4,1238,sd_3_100.txt,150,123
4,1238,sd_3_100.txt,151,123
4,1238,sd_3_100.txt,152,123
4,1238,sd_3_100.txt,153,123
4,1238,sd_3_100.txt,154,123
4,1238,sd_3_100.txt,155,123
4,1238,sd_3_100.txt,156,123
4,1238,sd_3_100.txt,157,123
4,1238,sd_3_100.txt,158,123
4,1238,sd_3_100.txt,159,123
4,1238,sd_3_100.txt,160,123
4,1238,sd_3_100.txt,161,123
4,1238,sd_3_100.txt,162,123
4,1238,sd_3_100.txt,163,123
4,1238,sd_3_100.txt,164,121
4,1238,sd_3_100.txt,165,121
4,1238,sd_3_100.txt,166,121
4,1238,sd_3_100.txt,167,121
4,1238,sd_3_100.txt,168,121
4,1238,sd_3_100.txt,169,120
4,1238,sd_3_100.txt,170,120
4,1238,sd_3_100.txt,171,120
4,1238,sd_3_100.txt,172,120
4,1238,sd_3_100.txt,173,120
4,1238,sd_3_100.txt,174,120
4,1238,sd_3_100.txt,175,120
4,1238,sd_3_100.txt,176,120
4,1238,sd_3_100.txt,177,120
4,1238,sd_3_100.txt,178,120
4,1238,sd_3_100.txt,179,120
4,1238,sd_3_100.txt,180,120
4,1238,sd_3_100.txt,181,120
4,1238,sd_3_100.txt,182,120
4,1238,sd_3_100.txt,183,120
4,1238,sd_3_100.txt,184,120
4,1238,sd_3_100.txt,185,120
4,1238,sd_3_100.txt,186,120
4,1238,sd_3_100.txt,187,120
4,1238,sd_3_100.txt,188,120
4,1238,sd_3_100.txt,189,120
4,1238,sd_3_100.txt,190,120
4,1238,sd_3_100.txt,191,120
4,1238,sd_3_100.txt,192,120
4,1238,sd_3_100.txt,193,120
4,1238,sd_3_100.txt,194,120
4,1238,sd_3_100.txt,195,120
4,1238,sd_3_100.txt,196,120
4,1238,sd_3_100.txt,197,120
4,1238,sd_3_100.txt,198,120
4,1238,sd_3_100.txt,199,120
4,1238,sd_3_100.txt,200,120
5,1239,sd_3_100.txt,1,135
5,1239,sd_3_100.txt,2,135
5,1239,sd_3_100.txt,3,135
5,1239,sd_3_100.txt,4,135
5,1239,sd_3_100.txt,5,134
5,1239,sd_3_100.txt,6,134
5,1239,sd_3_100.txt,7,134
5,1239,sd_3_100.txt,8,131
5,1239,sd_3_100.txt,9,131
5,1239,sd_3_100.txt,10,131
5,1239,sd_3_100.txt,11,131
5,1239,sd_3_100.txt,12,130
5,1239,sd_3_100.txt,13,130
5,1239,sd_3_100.txt,14,130
5,1239,sd_3_100.txt,15,130
5,1239,sd_3_100.txt,16,130
5,1239,sd_3_100.txt,17,130
5,1239,sd_3_100.txt,18,130
5,1239,sd_3_100.txt,19,130
5,1239,sd_3_100.txt,20,129
5,1239,sd_3_100.txt,21,129
5,1239,sd_3_100.txt,22,129
5,1239,sd_3_100.txt,23,129
5,1239,sd_3_100.txt,24,129
5,1239,sd_3_100.txt,25,129
5,1239,sd_3_100.txt,26,129
5,1239,sd_3_100.txt,27,129
5,1239,sd_3_100.txt,28,129
5,1239,sd_3_100.txt,29,128
5,1239,sd_3_100.txt,30,128
5,1239,sd_3_100.txt,31,128
5,1239,sd_3_100.txt,32,128
5,1239,sd_3_100.txt,33,128
5,1239,sd_3_100.txt,34,128
5,1239,sd_3_100.txt,35,128
5,1239,sd_3_100.txt,36,128
5,1239,sd_3_100.txt,37,128
5,1239,sd_3_100.txt,38,128
5,1239,sd_3_100.txt,39,127
5,1239,sd_3_100.txt,40,127
5,1239,sd_3_100.txt,41,127
5,1239,sd_3_100.txt,42,127
5,1239,sd_3_100.txt,43,127
5,1239,sd_3_100.txt,44,127
5,1239,sd_3_100.txt,45,127
5,1239,sd_3_100.txt,46,127
5,1239,sd_3_100.txt,47,127
5,1239,sd_3_100.txt,48,127
5,1239,sd_3_100.txt,49,127
5,1239,sd_3_100.txt,50,127
5,1239,sd_3_100.txt,51,127
5,1239,sd_3_100.txt,52,127
5,1239,sd_3_100.txt,53,127
5,1239,sd_3_100.txt,54,127
5,1239,sd_3_100.txt,55,127
5,1239,sd_3_100.txt,56,127
5,1239,sd_3_100.txt,57,127
5,1239,sd_3_100.txt,58,127
5,1239,sd_3_100.txt,59,127
5,1239,sd_3_100.txt,60,127
5,1239,sd_3_100.txt,61,127
5,1239,sd_3_100.txt,62,127
5,1239,sd_3_100.txt,63,127
5,1239,sd_3_100.txt,64,127
5,1239,sd_3_100.txt,65,127
5,1239,sd_3_100.txt,66,127
5,1239,sd_3_100.txt,67,127
5,1239,sd_3_100.txt,68,127
5,1239,sd_3_100.txt,69,127
5,1239,sd_3_100.txt,70,127
5,1239,sd_3_100.txt,71,127
5,1239,sd_3_100.txt,72,127
5,1239,sd_3_100.txt,73,127
5,1239,sd_3_100.txt,74,127
5,1239,sd_3_100.txt,75,127
5,1239,sd_3_100.txt,76,127
5,1239,sd_3_100.txt,77,127
5,1239,sd_3_100.txt,78,127
5,1239,sd_3_100.txt,79,127
5,1239,sd_3_100.txt,80,127
5,1239,sd_3_100.txt,81,127
5,1239,sd_3_100.txt,82,127
5,1239,sd_3_100.txt,83,127
5,1239,sd_3_100.txt,84,127
5,1239,sd_3_100.txt,85,127
5,1239,sd_3_100.txt,86,127
5,1239,sd_3_100.txt,87,127
5,1239,sd_3_100.txt,88,127
5,1239,sd_3_100.txt,89,127
5,1239,sd_3_100.txt,90,126
5,1239,sd_3_100.txt,91,126
5,1239,sd_3_100.txt,92,126
5,1239,sd_3_100.txt,93,126
5,1239,sd_3_100.txt,94,126
5,1239,sd_3_100.txt,95,126
5,1239,sd_3_100.txt,96,126
5,1239,sd_3_100.txt,97,126
5,1239,sd_3_100.txt,98,126
5,1239,sd_3_100.txt,99,125
5,1239,sd_3_100.txt,100,125
5,1239,sd_3_100.txt,101,125
5,1239,sd_3_100.txt,102,125
5,1239,sd_3_100.txt,103,125
5,1239,sd_3_100.txt,104,125
5,1239,sd_3_100.txt,105,125
5,1239,sd_3_100.txt,106,125
5,1239,sd_3_100.txt,107,125
5,1239,sd_3_100.txt,108,125
5,1239,sd_3_100.txt,109,125
5,1239,sd_3_100.txt,110,125
5,1239,sd_3_100.txt,111,125
5,1239,sd_3_100.txt,112,125
5,1239,sd_3_100.txt,113,125
5,1239,sd_3_100.txt,114,125
5,1239,sd_3_100.txt,115,125
5,1239,sd_3_100.txt,116,125
5,1239,sd_3_100.txt,117,125
5,1239,sd_3_100.txt,118,125
5,1239,sd_3_100.txt,119,125
5,1239,sd_3_100.txt,120,125
5,1239,sd_3_100.txt,121,125
5,1239,sd_3_100.txt,122,125
5,1239,sd_3_100.txt,123,125
5,1239,sd_3_100.txt,124,125
5,1239,sd_3_100.txt,125,125
5,1239,sd_3_100.txt,126,125
5,1239,sd_3_100.txt,127,125
5,1239,sd_3_100.txt,128,125
5,1239,sd_3_100.txt,129,125
5,1239,sd_3_100.txt,130,125
5,1239,sd_3_100.txt,131,125
5,1239,sd_3_100.txt,132,125
5,1239,sd_3_100.txt,133,125
5,1239,sd_3_100.txt,134,125
5,1239,sd_3_100.txt,135,125
5,1239,sd_3_100.txt,136,125
5,1239,sd_3_100.txt,137,125
5,1239,sd_3_100.txt,138,125
5,1239,sd_3_100.txt,139,125
5,1239,sd_3_100.txt,140,125
5,1239,sd_3_100.txt,141,125
5,1239,sd_3_100.txt,142,125
5,1239,sd_3_100.txt,143,125
5,1239,sd_3_100.txt,144,125
5,1239,sd_3_100.txt,145,125
5,1239,sd_3_100.txt,146,125
5,1239,sd_3_100.txt,147,125
5,1239,sd_3_100.txt,148,125
5,1239,sd_3_100.txt,149,125
5,1239,sd_3_100.txt,150,125
5,1239,sd_3_100.txt,151,125
5,1239,sd_3_100.txt,152,125
5,1239,sd_3_100.txt,153,125
5,1239,sd_3_100.txt,154,125
5,1239,sd_3_100.txt,155,125
5,1239,sd_3_100.txt,156,125
5,1239,sd_3_100.txt,157,125
5,1239,sd_3_100.txt,158,125
5,1239,sd_3_100.txt,159,125
5,1239,sd_3_100.txt,160,125
5,1239,sd_3_100.txt,161,125
5,1239,sd_3_100.txt,162,125
5,1239,sd_3_100.txt,163,125
5,1239,sd_3_100.txt,164,125
5,1239,sd_3_100.txt,165,125
5,1239,sd_3_100.txt,166,125
5,1239,sd_3_100.txt,167,125
5,1239,sd_3_100.txt,168,125
5,1239,sd_3_100.txt,169,125
5,1239,sd_3_100.txt,170,125
5,1239,sd_3_100.txt,171,125
5,1239,sd_3_100.txt,172,125
5,1239,sd_3_100.txt,173,125
5,1239,sd_3_100.txt,174,125
5,1239,sd_3_100.txt,175,125
5,1239,sd_3_100.txt,176,125
5,1239,sd_3_100.txt,177,125
5,1239,sd_3_100.txt,178,125
5,1239,sd_3_100.txt,179,125
5,1239,sd_3_100.txt,180,125
5,1239,sd_3_100.txt,181,125
5,1239,sd_3_100.txt,182,125
5,1239,sd_3_100.txt,183,125
5,1239,sd_3_100.txt,184,125
5,1239,sd_3_100.txt,185,125
5,1239,sd_3_100.txt,186,125
5,1239,sd_3_100.txt,187,125
5,1239,sd_3_100.txt,188,125
5,1239,sd_3_100.txt,189,125
5,1239,sd_3_100.txt,190,125
5,1239,sd_3_100.txt,191,125
5,1239,sd_3_100.txt,192,125
5,1239,sd_3_100.txt,193,125
5,1239,sd_3_100.txt,194,125
5,1239,sd_3_100.txt,195,125
5,1239,sd_3_100.txt,196,125
5,1239,sd_3_100.txt,197,125
5,1239,sd_3_100.txt,198,125
5,1239,sd_3_100.txt,199,125
6,1240,sd_3_100.txt,1,136
6,1240,sd_3_100.txt,2,134
6,1240,sd_3_100.txt,3,134
6,1240,sd_3_100.txt,4,133
6,1240,sd_3_100.txt,5,132
6,1240,sd_3_100.txt,6,132
6,1240,sd_3_100.txt,7,132
6,1240,sd_3_100.txt,8,131
6,1240,sd_3_100.txt,9,131
6,1240,sd_3_100.txt,10,131
6,1240,sd_3_100.txt,11,127
6,1240,sd_3_100.txt,12,127
6,1240,sd_3_100.txt,13,127
6,1240,sd_3_100.txt,14,127
6,1240,sd_3_100.txt,15,126
6,1240,sd_3_100.txt,16,126
6,1240,sd_3_100.txt,17,125
6,1240,sd_3_100.txt,18,125
6,1240,sd_3_100.txt,19,125
6,1240,sd_3_100.txt,20,125
6,1240,sd_3_100.txt,21,125
6,1240,sd_3_100.txt,22,125
6,1240,sd_3_100.txt,23,125
6,1240,sd_3_100.txt,24,124
6,1240,sd_3_100.txt,25,124
6,1240,sd_3_100.txt,26,124
6,1240,sd_3_100.txt,27,123
6,1240,sd_3_100.txt,28,123
6,1240,sd_3_100.txt,29,123
6,1240,sd_3_100.txt,30,123
6,1240,sd_3_100.txt,31,123
6,1240,sd_3_100.txt,32,123
6,1240,sd_3_100.txt,33,123
6,1240,sd_3_100.txt,34,123
6,1240,sd_3_100.txt,35,123
6,1240,sd_3_100.txt,36,123
6,1240,sd_3_100.txt,37,123
6,1240,sd_3_100.txt,38,123
6,1240,sd_3_100.txt,39,123
6,1240,sd_3_100.txt,40,123
6,1240,sd_3_100.txt,41,123
6,1240,sd_3_100.txt,42,123
6,1240,sd_3_100.txt,43,123
6,1240,sd_3_100.txt,44,123
6,1240,sd_3_100.txt,45,123
6,1240,sd_3_100.txt,46,123
6,1240,sd_3_100.txt,47,123
6,1240,sd_3_100.txt,48,123
6,1240,sd_3_100.txt,49,123
6,1240,sd_3_100.txt,50,123
6,1240,sd_3_100.txt,51,123
6,1240,sd_3_100.txt,52,123
6,1240,sd_3_100.txt,53,123
6,1240,sd_3_100.txt,54,123
6,1240,sd_3_100.txt,55,123
6,1240,sd_3_100.txt,56,123
6,1240,sd_3_100.txt,57,123
6,1240,sd_3_100.txt,58,123
6,1240,sd_3_100.txt,59,123
6,1240,sd_3_100.txt,60,123
6,1240,sd_3_100.txt,61,123
6,1240,sd_3_100.txt,62,123
6,1240,sd_3_100.txt,63,123
6,1240,sd_3_100.txt,64,123
6,1240,sd_3_100.txt,65,122
6,1240,sd_3_100.txt,66,122
6,1240,sd_3_100.txt,67,122
6,1240,sd_3_100.txt,68,122
6,1240,sd_3_100.txt,69,122
6,1240,sd_3_100.txt,70,122
6,1240,sd_3_100.txt,71,122
6,1240,sd_3_100.txt,72,122
6,1240,sd_3_100.txt,73,122
6,1240,sd_3_100.txt,74,122
6,1240,sd_3_100.txt,75,122
6,1240,sd_3_100.txt,76,122
6,1240,sd_3_100.txt,77,122
6,1240,sd_3_100.txt,78,122
6,1240,sd_3_100.txt,79,122
6,1240,sd_3_100.txt,80,122
6,1240,sd_3_100.txt,81,122
6,1240,sd_3_100.txt,82,122
6,1240,sd_3_100.txt,83,122
6,1240,sd_3_100.txt,84,122
6,1240,sd_3_100.txt,85,121
6,1240,sd_3_100.txt,86,121
6,1240,sd_3_100.txt,87,121
6,1240,sd_3_100.txt,88,121
6,1240,sd_3_100.txt,89,121
6,1240,sd_3_100.txt,90,121
6,1240,sd_3_100.txt,91,121
6,1240,sd_3_100.txt,92,121
6,1240,sd_3_100.txt,93,121
6,1240,sd_3_100.txt,94,121
6,1240,sd_3_100.txt,95,121
6,1240,sd_3_100.txt,96,121
6,1240,sd_3_100.txt,97,121
6,1240,sd_3_100.txt,98,121
6,1240,sd_3_100.txt,99,121
6,1240,sd_3_100.txt,100,121
6,1240,sd_3_100.txt,101,121
6,1240,sd_3_100.txt,102,121
6,1240,sd_3_100.txt,103,121
6,1240,sd_3_100.txt,104,121
6,1240,sd_3_100.txt,105,121
6,1240,sd_3_100.txt,106,121
6,1240,sd_3_100.txt,107,121
6,1240,sd_3_100.txt,108,121
6,1240,sd_3_100.txt,109,121
6,1240,sd_3_100.txt,110,121
6,1240,sd_3_100.txt,111,121
6,1240,sd_3_100.txt,112,121
6,1240,sd_3_100.txt,113,121
6,1240,sd_3_100.txt,114,121
6,1240,sd_3_100.txt,115,121
6,1240,sd_3_100.txt,116,121
6,1240,sd_3_100.txt,117,121
6,1240,sd_3_100.txt,118,121
6,1240,sd_3_100.txt,119,121
6,1240,sd_3_100.txt,120,120
6,1240,sd_3_100.txt,121,120
6,1240,sd_3_100.txt,122,120
6,1240,sd_3_100.txt,123,120
6,1240,sd_3_100.txt,124,120
6,1240,sd_3_100.txt,125,120
6,1240,sd_3_100.txt,126,120
6,1240,sd_3_100.txt,127,120
6,1240,sd_3_100.txt,128,120
6,1240,sd_3_100.txt,129,120
6,1240,sd_3_100.txt,130,120
6,1240,sd_3_100.txt,131,120
6,1240,sd_3_100.txt,132,120
6,1240,sd_3_100.txt,133,120
6,1240,sd_3_100.txt,134,120
6,1240,sd_3_100.txt,135,120
6,1240,sd_3_100.txt,136,120
6,1240,sd_3_100.txt,137,120
6,1240,sd_3_100.txt,138,120
6,1240,sd_3_100.txt,139,120
6,1240,sd_3_100.txt,140,120
6,1240,sd_3_100.txt,141,119
6,1240,sd_3_100.txt,142,119
6,1240,sd_3_100.txt,143,119
6,1240,sd_3_100.txt,144,119
6,1240,sd_3_100.txt,145,119
6,1240,sd_3_100.txt,146,119
6,1240,sd_3_100.txt,147,119
6,1240,sd_3_100.txt,148,119
6,1240,sd_3_100.txt,149,119
6,1240,sd_3_100.txt,150,118
6,1240,sd_3_100.txt,151,118
6,1240,sd_3_100.txt,152,118
6,1240,sd_3_100.txt,153,118
6,1240,sd_3_100.txt,154,118
6,1240,sd_3_100.txt,155,118
6,1240,sd_3_100.txt,156,118
6,1240,sd_3_100.txt,157,118
6,1240,sd_3_100.txt,158,118
6,1240,sd_3_100.txt,159,118
6,1240,sd_3_100.txt,160,118
6,1240,sd_3_100.txt,161,118
6,1240,sd_3_100.txt,162,118
6,1240,sd_3_100.txt,163,118
6,1240,sd_3_100.txt,164,118
6,1240,sd_3_100.txt,165,118
6,1240,sd_3_100.txt,166,118
6,1240,sd_3_100.txt,167,118
6,1240,sd_3_100.txt,168,118
6,1240,sd_3_100.txt,169,118
6,1240,sd_3_100.txt,170,118
6,1240,sd_3_100.txt,171,118
6,1240,sd_3_100.txt,172,118
6,1240,sd_3_100.txt,173,118
6,1240,sd_3_100.txt,174,118
6,1240,sd_3_100.txt,175,118
6,1240,sd_3_100.txt,176,118
6,1240,sd_3_100.txt,177,118
6,1240,sd_3_100.txt,178,118
6,1240,sd_3_100.txt,179,118
6,1240,sd_3_100.txt,180,118
6,1240,sd_3_100.txt,181,118
6,1240,sd_3_100.txt,182,117
6,1240,sd_3_100.txt,183,117
6,1240,sd_3_100.txt,184,117
6,1240,sd_3_100.txt,185,117
6,1240,sd_3_100.txt,186,117
6,1240,sd_3_100.txt,187,117
6,1240,sd_3_100.txt,188,117
6,1240,sd_3_100.txt,189,117
6,1240,sd_3_100.txt,190,117
6,1240,sd_3_100.txt,191,117
6,1240,sd_3_100.txt,192,117
6,1240,sd_3_100.txt,193,117
6,1240,sd_3_100.txt,194,117
6,1240,sd_3_100.txt,195,117
6,1240,sd_3_100.txt,196,117
6,1240,sd_3_100.txt,197,117
6,1240,sd_3_100.txt,198,117
6,1240,sd_3_100.txt,199,117
6,1240,sd_3_100.txt,200,117
7,1241,sd_3_100.txt,1,138
7,1241,sd_3_100.txt,2,134
7,1241,sd_3_100.txt,3,134
7,1241,sd_3_100.txt,4,134
7,1241,sd_3_100.txt,5,133
7,1241,sd_3_100.txt,6,133
7,1241,sd_3_100.txt,7,130
7,1241,sd_3_100.txt,8,130
7,1241,sd_3_100.txt,9,129
7,1241,sd_3_100.txt,10,129
7,1241,sd_3_100.txt,11,129
7,1241,sd_3_100.txt,12,129
7,1241,sd_3_100.txt,13,129
7,1241,sd_3_100.txt,14,129
7,1241,sd_3_100.txt,15,129
7,1241,sd_3_100.txt,16,129
7,1241,sd_3_100.txt,17,129
7,1241,sd_3_100.txt,18,129
7,1241,sd_3_100.txt,19,128
7,1241,sd_3_100.txt,20,128
7,1241,sd_3_100.txt,21,127
7,1241,sd_3_100.txt,22,127
7,1241,sd_3_100.txt,23,127
7,1241,sd_3_100.txt,24,126
7,1241,sd_3_100.txt,25,126
7,1241,sd_3_100.txt,26,126
7,1241,sd_3_100.txt,27,126
7,1241,sd_3_100.txt,28,126
7,1241,sd_3_100.txt,29,126
7,1241,sd_3_100.txt,30,125
7,1241,sd_3_100.txt,31,125
7,1241,sd_3_100.txt,32,125
7,1241,sd_3_100.txt,33,125
7,1241,sd_3_100.txt,34,124
7,1241,sd_3_100.txt,35,124
7,1241,sd_3_100.txt,36,123
7,1241,sd_3_100.txt,37,123
7,1241,sd_3_100.txt,38,123
7,1241,sd_3_100.txt,39,123
7,1241,sd_3_100.txt,40,122
7,1241,sd_3_100.txt,41,122
7,1241,sd_3_100.txt,42,122
7,1241,sd_3_100.txt,43,121
7,1241,sd_3_100.txt,44,121
7,1241,sd_3_100.txt,45,121
7,1241,sd_3_100.txt,46,121
7,1241,sd_3_100.txt,47,121
7,1241,sd_3_100.txt,48,121
7,1241,sd_3_100.txt,49,121
7,1241,sd_3_100.txt,50,121
7,1241,sd_3_100.txt,51,121
7,1241,sd_3_100.txt,52,121
7,1241,sd_3_100.txt,53,121
7,1241,sd_3_100.txt,54,121
7,1241,sd_3_100.txt,55,121
7,1241,sd_3_100.txt,56,121
7,1241,sd_3_100.txt,57,120
7,1241,sd_3_100.txt,58,120
7,1241,sd_3_100.txt,59,120
7,1241,sd_3_100.txt,60,120
7,1241,sd_3_100.txt,61,120
7,1241,sd_3_100.txt,62,120
7,1241,sd_3_100.txt,63,120
7,1241,sd_3_100.txt,64,120
7,1241,sd_3_100.txt,65,120
7,1241,sd_3_100.txt,66,120
7,1241,sd_3_100.txt,67,120
7,1241,sd_3_100.txt,68,120
7,1241,sd_3_100.txt,69,120
7,1241,sd_3_100.txt,70,120
7,1241,sd_3_100.txt,71,120
7,1241,sd_3_100.txt,72,120
7,1241,sd_3_100.txt,73,119
7,1241,sd_3_100.txt,74,119
7,1241,sd_3_100.txt,75,119
7,1241,sd_3_100.txt,76,119
7,1241,sd_3_100.txt,77,119
7,1241,sd_3_100.txt,78,119
7,1241,sd_3_100.txt,79,119
7,1241,sd_3_100.txt,80,119
7,1241,sd_3_100.txt,81,119
7,1241,sd_3_100.txt,82,119
7,1241,sd_3_100.txt,83,119
7,1241,sd_3_100.txt,84,119
7,1241,sd_3_100.txt,85,119
7,1241,sd_3_100.txt,86,119
7,1241,sd_3_100.txt,87,119
7,1241,sd_3_100.txt,88,119
7,1241,sd_3_100.txt,89,119
7,1241,sd_3_100.txt,90,119
7,1241,sd_3_100.txt,91,119
7,1241,sd_3_100.txt,92,119
7,1241,sd_3_100.txt,93,119
7,1241,sd_3_100.txt,94,119
7,1241,sd_3_100.txt,95,119
7,1241,sd_3_100.txt,96,119
7,1241,sd_3_100.txt,97,119
7,1241,sd_3_100.txt,98,119
7,1241,sd_3_100.txt,99,119
7,1241,sd_3_100.txt,100,119
7,1241,sd_3_100.txt,101,119
7,1241,sd_3_100.txt,102,119
7,1241,sd_3_100.txt,103,119
7,1241,sd_3_100.txt,104,119
7,1241,sd_3_100.txt,105,119
7,1241,sd_3_100.txt,106,119
7,1241,sd_3_100.txt,107,119
7,1241,sd_3_100.txt,108,119
7,1241,sd_3_100.txt,109,119
7,1241,sd_3_100.txt,110,119
7,1241,sd_3_100.txt,111,119
7,1241,sd_3_100.txt,112,119
7,1241,sd_3_100.txt,113,119
7,1241,sd_3_100.txt,114,119
7,1241,sd_3_100.txt,115,119
7,1241,sd_3_100.txt,116,119
7,1241,sd_3_100.txt,117,119
7,1241,sd_3_100.txt,118,119
7,1241,sd_3_100.txt,119,119
7,1241,sd_3_100.txt,120,119
7,1241,sd_3_100.txt,121,119
7,1241,sd_3_100.txt,122,119
7,1241,sd_3_100.txt,123,119
7,1241,sd_3_100.txt,124,119
7,1241,sd_3_100.txt,125,119
7,1241,sd_3_100.txt,126,119
7,1241,sd_3_100.txt,127,119
7,1241,sd_3_100.txt,128,119
7,1241,sd_3_100.txt,129,119
7,1241,sd_3_100.txt,130,119
7,1241,sd_3_100.txt,131,119
7,1241,sd_3_100.txt,132,119
7,1241,sd_3_100.txt,133,119
7,1241,sd_3_100.txt,134,119
7,1241,sd_3_100.txt,135,119
7,1241,sd_3_100.txt,136,119
7,1241,sd_3_100.txt,137,119
7,1241,sd_3_100.txt,138,119
7,1241,sd_3_100.txt,139,119
7,1241,sd_3_100.txt,140,119
7,1241,sd_3_100.txt,141,119
7,1241,sd_3_100.txt,142,119
7,1241,sd_3_100.txt,143,119
7,1241,sd_3_100.txt,144,119
7,1241,sd_3_100.txt,145,119
7,1241,sd_3_100.txt,146,119
7,1241,sd_3_100.txt,147,119
7,1241,sd_3_100.txt,148,119
7,1241,sd_3_100.txt,149,119
7,1241,sd_3_100.txt,150,119
7,1241,sd_3_100.txt,151,119
7,1241,sd_3_100.txt,152,119
7,1241,sd_3_100.txt,153,119
7,1241,sd_3_100.txt,154,119
7,1241,sd_3_100.txt,155,119
7,1241,sd_3_100.txt,156,119
7,1241,sd_3_100.txt,157,119
7,1241,sd_3_100.txt,158,119
7,1241,sd_3_100.txt,159,119
7,1241,sd_3_100.txt,160,119
7,1241,sd_3_100.txt,161,119
7,1241,sd_3_100.txt,162,119
7,1241,sd_3_100.txt,163,119
7,1241,sd_3_100.txt,164,119
7,1241,sd_3_100.txt,165,119
7,1241,sd_3_100.txt,166,119
7,1241,sd_3_100.txt,167,119
7,1241,sd_3_100.txt,168,119
7,1241,sd_3_100.txt,169,119
7,1241,sd_3_100.txt,170,119
7,1241,sd_3_100.txt,171,119
7,1241,sd_3_100.txt,172,119
7,1241,sd_3_100.txt,173,119
8,1242,sd_3_100.txt,1,139
8,1242,sd_3_100.txt,2,134
8,1242,sd_3_100.txt,3,134
8,1242,sd_3_100.txt,4,134
8,1242,sd_3_100.txt,5,131
8,1242,sd_3_100.txt,6,131
8,1242,sd_3_100.txt,7,131
8,1242,sd_3_100.txt,8,131
8,1242,sd_3_100.txt,9,131
8,1242,sd_3_100.txt,10,131
8,1242,sd_3_100.txt,11,130
8,1242,sd_3_100.txt,12,130
8,1242,sd_3_100.txt,13,129
8,1242,sd_3_100.txt,14,129
8,1242,sd_3_100.txt,15,129
8,1242,sd_3_100.txt,16,127
8,1242,sd_3_100.txt,17,125
8,1242,sd_3_100.txt,18,125
8,1242,sd_3_100.txt,19,125
8,1242,sd_3_100.txt,20,124
8,1242,sd_3_100.txt,21,124
8,1242,sd_3_100.txt,22,124
8,1242,sd_3_100.txt,23,124
8,1242,sd_3_100.txt,24,124
8,1242,sd_3_100.txt,25,124
8,1242,sd_3_100.txt,26,123
8,1242,sd_3_100.txt,27,123
8,1242,sd_3_100.txt,28,123
8,1242,sd_3_100.txt,29,123
8,1242,sd_3_100.txt,30,123
8,1242,sd_3_100.txt,31,123
8,1242,sd_3_100.txt,32,123
8,1242,sd_3_100.txt,33,123
8,1242,sd_3_100.txt,34,122
8,1242,sd_3_100.txt,35,122
8,1242,sd_3_100.txt,36,122
8,1242,sd_3_100.txt,37,122
8,1242,sd_3_100.txt,38,121
8,1242,sd_3_100.txt,39,121
8,1242,sd_3_100.txt,40,121
8,1242,sd_3_100.txt,41,121
8,1242,sd_3_100.txt,42,121
8,1242,sd_3_100.txt,43,121
8,1242,sd_3_100.txt,44,121
8,1242,sd_3_100.txt,45,121
8,1242,sd_3_100.txt,46,121
8,1242,sd_3_100.txt,47,120
8,1242,sd_3_100.txt,48,120
8,1242,sd_3_100.txt,49,120
8,1242,sd_3_100.txt,50,120
8,1242,sd_3_100.txt,51,120
8,1242,sd_3_100.txt,52,120
8,1242,sd_3_100.txt,53,120
8,1242,sd_3_100.txt,54,120
8,1242,sd_3_100.txt,55,120
8,1242,sd_3_100.txt,56,120
8,1242,sd_3_100.txt,57,120
8,1242,sd_3_100.txt,58,119
8,1242,sd_3_100.txt,59,119
8,1242,sd_3_100.txt,60,119
8,1242,sd_3_100.txt,61,119
8,1242,sd_3_100.txt,62,119
8,1242,sd_3_100.txt,63,119
8,1242,sd_3_100.txt,64,118
8,1242,sd_3_100.txt,65,118
8,1242,sd_3_100.txt,66,118
8,1242,sd_3_100.txt,67,118
8,1242,sd_3_100.txt,68,118
8,1242,sd_3_100.txt,69,118
8,1242,sd_3_100.txt,70,118
8,1242,sd_3_100.txt,71,118
8,1242,sd_3_100.txt,72,118
8,1242,sd_3_100.txt,73,118
8,1242,sd_3_100.txt,74,118
8,1242,sd_3_100.txt,75,118
8,1242,sd_3_100.txt,76,118
8,1242,sd_3_100.txt,77,118
8,1242,sd_3_100.txt,78,118
8,1242,sd_3_100.txt,79,118
8,1242,sd_3_100.txt,80,118
8,1242,sd_3_100.txt,81,118
8,1242,sd_3_100.txt,82,118
8,1242,sd_3_100.txt,83,118
8,1242,sd_3_100.txt,84,118
8,1242,sd_3_100.txt,85,118
8,1242,sd_3_100.txt,86,118
8,1242,sd_3_100.txt,87,118
8,1242,sd_3_100.txt,88,118
8,1242,sd_3_100.txt,89,118
8,1242,sd_3_100.txt,90,118
8,1242,sd_3_100.txt,91,118
8,1242,sd_3_100.txt,92,118
8,1242,sd_3_100.txt,93,118
8,1242,sd_3_100.txt,94,118
8,1242,sd_3_100.txt,95,118
8,1242,sd_3_100.txt,96,118
8,1242,sd_3_100.txt,97,118
8,1242,sd_3_100.txt,98,118
8,1242,sd_3_100.txt,99,118
8,1242,sd_3_100.txt,100,118
8,1242,sd_3_100.txt,101,118
8,1242,sd_3_100.txt,102,118
8,1242,sd_3_100.txt,103,118
8,1242,sd_3_100.txt,104,118
8,1242,sd_3_100.txt,105,118
8,1242,sd_3_100.txt,106,118
8,1242,sd_3_100.txt,107,118
8,1242,sd_3_100.txt,108,118
8,1242,sd_3_100.txt,109,118
8,1242,sd_3_100.txt,110,118
8,1242,sd_3_100.txt,111,118
8,1242,sd_3_100.txt,112,118
8,1242,sd_3_100.txt,113,118
8,1242,sd_3_100.txt,114,118
8,1242,sd_3_100.txt,115,118
8,1242,sd_3_100.txt,116,118
8,1242,sd_3_100.txt,117,118
8,1242,sd_3_100.txt,118,118
8,1242,sd_3_100.txt,119,118
8,1242,sd_3_100.txt,120,118
8,1242,sd_3_100.txt,121,118
8,1242,sd_3_100.txt,122,118
8,1242,sd_3_100.txt,123,118
8,1242,sd_3_100.txt,124,118
8,1242,sd_3_100.txt,125,118
8,1242,sd_3_100.txt,126,118
8,1242,sd_3_100.txt,127,118
8,1242,sd_3_100.txt,128,118
8,1242,sd_3_100.txt,129,118
8,1242,sd_3_100.txt,130,118
8,1242,sd_3_100.txt,131,118
8,1242,sd_3_100.txt,132,118
8,1242,sd_3_100.txt,133,118
8,1242,sd_3_100.txt,134,118
8,1242,sd_3_100.txt,135,117
8,1242,sd_3_100.txt,136,117
8,1242,sd_3_100.txt,137,117
8,1242,sd_3_100.txt,138,117
8,1242,sd_3_100.txt,139,117
8,1242,sd_3_100.txt,140,117
8,1242,sd_3_100.txt,141,117
8,1242,sd_3_100.txt,142,117
8,1242,sd_3_100.txt,143,117
8,1242,sd_3_100.txt,144,117
8,1242,sd_3_100.txt,145,117
8,1242,sd_3_100.txt,146,117
8,1242,sd_3_100.txt,147,117
8,1242,sd_3_100.txt,148,117
8,1242,sd_3_100.txt,149,117
8,1242,sd_3_100.txt,150,117
8,1242,sd_3_100.txt,151,117
8,1242,sd_3_100.txt,152,117
8,1242,sd_3_100.txt,153,117
8,1242,sd_3_100.txt,154,117
8,1242,sd_3_100.txt,155,117
8,1242,sd_3_100.txt,156,117
8,1242,sd_3_100.txt,157,117
8,1242,sd_3_100.txt,158,117
8,1242,sd_3_100.txt,159,117
8,1242,sd_3_100.txt,160,117
8,1242,sd_3_100.txt,161,117
8,1242,sd_3_100.txt,162,117
8,1242,sd_3_100.txt,163,117
8,1242,sd_3_100.txt,164,117
8,1242,sd_3_100.txt,165,117
8,1242,sd_3_100.txt,166,117
8,1242,sd_3_100.txt,167,117
8,1242,sd_3_100.txt,168,117
8,1242,sd_3_100.txt,169,117
8,1242,sd_3_100.txt,170,117
8,1242,sd_3_100.txt,171,117
8,1242,sd_3_100.txt,172,117
8,1242,sd_3_100.txt,173,117
8,1242,sd_3_100.txt,174,117
8,1242,sd_3_100.txt,175,117
8,1242,sd_3_100.txt,176,117
8,1242,sd_3_100.txt,177,117
8,1242,sd_3_100.txt,178,117
8,1242,sd_3_100.txt,179,117
8,1242,sd_3_100.txt,180,117
8,1242,sd_3_100.txt,181,117
8,1242,sd_3_100.txt,182,117
8,1242,sd_3_100.txt,183,117
8,1242,sd_3_100.txt,184,117
8,1242,sd_3_100.txt,185,117
8,1242,sd_3_100.txt,186,117
8,1242,sd_3_100.txt,187,117
8,1242,sd_3_100.txt,188,117
8,1242,sd_3_100.txt,189,117
8,1242,sd_3_100.txt,190,117
8,1242,sd_3_100.txt,191,117
8,1242,sd_3_100.txt,192,117
8,1242,sd_3_100.txt,193,117
8,1242,sd_3_100.txt,194,117
8,1242,sd_3_100.txt,195,117
8,1242,sd_3_100.txt,196,117
8,1242,sd_3_100.txt,197,117
8,1242,sd_3_100.txt,198,117
8,1242,sd_3_100.txt,199,117
8,1242,sd_3_100.txt,200,117
9,1243,sd_3_100.txt,1,138
9,1243,sd_3_100.txt,2,134
9,1243,sd_3_100.txt,3,134
9,1243,sd_3_100.txt,4,134
9,1243,sd_3_100.txt,5,134
9,1243,sd_3_100.txt,6,133
9,1243,sd_3_100.txt,7,130
9,1243,sd_3_100.txt,8,130
9,1243,sd_3_100.txt,9,130
9,1243,sd_3_100.txt,10,130
9,1243,sd_3_100.txt,11,130
9,1243,sd_3_100.txt,12,130
9,1243,sd_3_100.txt,13,130
9,1243,sd_3_100.txt,14,126
9,1243,sd_3_100.txt,15,126
9,1243,sd_3_100.txt,16,126
9,1243,sd_3_100.txt,17,126
9,1243,sd_3_100.txt,18,125
9,1243,sd_3_100.txt,19,125
9,1243,sd_3_100.txt,20,125
9,1243,sd_3_100.txt,21,125
9,1243,sd_3_100.txt,22,125
9,1243,sd_3_100.txt,23,124
9,1243,sd_3_100.txt,24,124
9,1243,sd_3_100.txt,25,124
9,1243,sd_3_100.txt,26,123
9,1243,sd_3_100.txt,27,123
9,1243,sd_3_100.txt,28,123
9,1243,sd_3_100.txt,29,123
9,1243,sd_3_100.txt,30,123
9,1243,sd_3_100.txt,31,123
9,1243,sd_3_100.txt,32,123
9,1243,sd_3_100.txt,33,123
9,1243,sd_3_100.txt,34,123
9,1243,sd_3_100.txt,35,123
9,1243,sd_3_100.txt,36,123
9,1243,sd_3_100.txt,37,123
9,1243,sd_3_100.txt,38,123
9,1243,sd_3_100.txt,39,123
9,1243,sd_3_100.txt,40,123
9,1243,sd_3_100.txt,41,123
9,1243,sd_3_100.txt,42,123
9,1243,sd_3_100.txt,43,122
9,1243,sd_3_100.txt,44,122
9,1243,sd_3_100.txt,45,122
9,1243,sd_3_100.txt,46,122
9,1243,sd_3_100.txt,47,122
9,1243,sd_3_100.txt,48,122
9,1243,sd_3_100.txt,49,122
9,1243,sd_3_100.txt,50,122
9,1243,sd_3_100.txt,51,122
9,1243,sd_3_100.txt,52,122
9,1243,sd_3_100.txt,53,122
9,1243,sd_3_100.txt,54,122
9,1243,sd_3_100.txt,55,122
9,1243,sd_3_100.txt,56,122
9,1243,sd_3_100.txt,57,122
9,1243,sd_3_100.txt,58,122
9,1243,sd_3_100.txt,59,122
9,1243,sd_3_100.txt,60,122
9,1243,sd_3_100.txt,61,122
9,1243,sd_3_100.txt,62,122
9,1243,sd_3_100.txt,63,122
9,1243,sd_3_100.txt,64,122
9,1243,sd_3_100.txt,65,122
9,1243,sd_3_100.txt,66,122
9,1243,sd_3_100.txt,67,122
9,1243,sd_3_100.txt,68,122
9,1243,sd_3_100.txt,69,122
9,1243,sd_3_100.txt,70,121
9,1243,sd_3_100.txt,71,121
9,1243,sd_3_100.txt,72,121
9,1243,sd_3_100.txt,73,121
9,1243,sd_3_100.txt,74,121
9,1243,sd_3_100.txt,75,121
9,1243,sd_3_100.txt,76,121
9,1243,sd_3_100.txt,77,121
9,1243,sd_3_100.txt,78,121
9,1243,sd_3_100.txt,79,120
9,1243,sd_3_100.txt,80,120
9,1243,sd_3_100.txt,81,120
9,1243,sd_3_100.txt,82,120
9,1243,sd_3_100.txt,83,120
9,1243,sd_3_100.txt,84,120
9,1243,sd_3_100.txt,85,120
9,1243,sd_3_100.txt,86,120
9,1243,sd_3_100.txt,87,120
9,1243,sd_3_100.txt,88,120
9,1243,sd_3_100.txt,89,120
9,1243,sd_3_100.txt,90,120
9,1243,sd_3_100.txt,91,120
9,1243,sd_3_100.txt,92,120
9,1243,sd_3_100.txt,93,120
9,1243,sd_3_100.txt,94,120
9,1243,sd_3_100.txt,95,120
9,1243,sd_3_100.txt,96,120
9,1243,sd_3_100.txt,97,120
9,1243,sd_3_100.txt,98,120
9,1243,sd_3_100.txt,99,120
9,1243,sd_3_100.txt,100,120
9,1243,sd_3_100.txt,101,120
9,1243,sd_3_100.txt,102,120
9,1243,sd_3_100.txt,103,120
9,1243,sd_3_100.txt,104,120
9,1243,sd_3_100.txt,105,120
9,1243,sd_3_100.txt,106,120
9,1243,sd_3_100.txt,107,120
9,1243,sd_3_100.txt,108,120
9,1243,sd_3_100.txt,109,120
9,1243,sd_3_100.txt,110,120
9,1243,sd_3_100.txt,111,120
9,1243,sd_3_100.txt,112,120
9,1243,sd_3_100.txt,113,120
9,1243,sd_3_100.txt,114,120
9,1243,sd_3_100.txt,115,120
9,1243,sd_3_100.txt,116,120
9,1243,sd_3_100.txt,117,120
9,1243,sd_3_100.txt,118,120
9,1243,sd_3_100.txt,119,120
9,1243,sd_3_100.txt,120,120
9,1243,sd_3_100.txt,121,120
9,1243,sd_3_100.txt,122,120
9,1243,sd_3_100.txt,123,120
9,1243,sd_3_100.txt,124,120
9,1243,sd_3_100.txt,125,120
9,1243,sd_3_100.txt,126,120
9,1243,sd_3_100.txt,127,120
9,1243,sd_3_100.txt,128,120
9,1243,sd_3_100.txt,129,120
9,1243,sd_3_100.txt,130,120
9,1243,sd_3_100.txt,131,120
9,1243,sd_3_100.txt,132,120
9,1243,sd_3_100.txt,133,120
9,1243,sd_3_100.txt,134,120
9,1243,sd_3_100.txt,135,120
9,1243,sd_3_100.txt,136,120
9,1243,sd_3_100.txt,137,120
9,1243,sd_3_100.txt,138,120
9,1243,sd_3_100.txt,139,120
9,1243,sd_3_100.txt,140,120
9,1243,sd_3_100.txt,141,120
9,1243,sd_3_100.txt,142,120
9,1243,sd_3_100.txt,143,120
9,1243,sd_3_100.txt,144,120
9,1243,sd_3_100.txt,145,120
9,1243,sd_3_100.txt,146,120
9,1243,sd_3_100.txt,147,118
9,1243,sd_3_100.txt,148,118
9,1243,sd_3_100.txt,149,118
9,1243,sd_3_100.txt,150,118
9,1243,sd_3_100.txt,151,118
9,1243,sd_3_100.txt,152,118
9,1243,sd_3_100.txt,153,118
9,1243,sd_3_100.txt,154,118
9,1243,sd_3_100.txt,155,118
9,1243,sd_3_100.txt,156,118
9,1243,sd_3_100.txt,157,118
9,1243,sd_3_100.txt,158,118
9,1243,sd_3_100.txt,159,118
9,1243,sd_3_100.txt,160,118
9,1243,sd_3_100.txt,161,118
9,1243,sd_3_100.txt,162,118
9,1243,sd_3_100.txt,163,118
9,1243,sd_3_100.txt,164,118
9,1243,sd_3_100.txt,165,118
9,1243,sd_3_100.txt,166,118
9,1243,sd_3_100.txt,167,118
9,1243,sd_3_100.txt,168,118
9,1243,sd_3_100.txt,169,118
9,1243,sd_3_100.txt,170,118
9,1243,sd_3_100.txt,171,118
9,1243,sd_3_100.txt,172,118
9,1243,sd_3_100.txt,173,118
9,1243,sd_3_100.txt,174,118
9,1243,sd_3_100.txt,175,118
9,1243,sd_3_100.txt,176,118
9,1243,sd_3_100.txt,177,118
9,1243,sd_3_100.txt,178,118
9,1243,sd_3_100.txt,179,118
9,1243,sd_3_100.txt,180,118
9,1243,sd_3_100.txt,181,118
9,1243,sd_3_100.txt,182,118
9,1243,sd_3_100.txt,183,118
9,1243,sd_3_100.txt,184,118
9,1243,sd_3_100.txt,185,118
9,1243,sd_3_100.txt,186,118
9,1243,sd_3_100.txt,187,118
9,1243,sd_3_100.txt,188,118
9,1243,sd_3_100.txt,189,118
9,1243,sd_3_100.txt,190,118
9,1243,sd_3_100.txt,191,118
9,1243,sd_3_100.txt,192,118
9,1243,sd_3_100.txt,193,118
9,1243,sd_3_100.txt,194,118
9,1243,sd_3_100.txt,195,118
9,1243,sd_3_100.txt,196,118
9,1243,sd_3_100.txt,197,118
9,1243,sd_3_100.txt,198,118
9,1243,sd_3_100.txt,199,118
9,1243,sd_3_100.txt,200,118
10,1244,sd_3_100.txt,1,134
10,1244,sd_3_100.txt,2,134
10,1244,sd_3_100.txt,3,134
10,1244,sd_3_100.txt,4,134
10,1244,sd_3_100.txt,5,134
10,1244,sd_3_100.txt,6,133
10,1244,sd_3_100.txt,7,133
10,1244,sd_3_100.txt,8,133
10,1244,sd_3_100.txt,9,132
10,1244,sd_3_100.txt,10,132
10,1244,sd_3_100.txt,11,132
10,1244,sd_3_100.txt,12,130
10,1244,sd_3_100.txt,13,130
10,1244,sd_3_100.txt,14,130
10,1244,sd_3_100.txt,15,130
10,1244,sd_3_100.txt,16,130
10,1244,sd_3_100.txt,17,130
10,1244,sd_3_100.txt,18,129
10,1244,sd_3_100.txt,19,129
10,1244,sd_3_100.txt,20,129
10,1244,sd_3_100.txt,21,129
10,1244,sd_3_100.txt,22,128
10,1244,sd_3_100.txt,23,126
10,1244,sd_3_100.txt,24,126
10,1244,sd_3_100.txt,25,126
10,1244,sd_3_100.txt,26,124
10,1244,sd_3_100.txt,27,124
10,1244,sd_3_100.txt,28,124
10,1244,sd_3_100.txt,29,124
10,1244,sd_3_100.txt,30,124
10,1244,sd_3_100.txt,31,124
10,1244,sd_3_100.txt,32,124
10,1244,sd_3_100.txt,33,124
10,1244,sd_3_100.txt,34,124
10,1244,sd_3_100.txt,35,124
10,1244,sd_3_100.txt,36,124
10,1244,sd_3_100.txt,37,124
10,1244,sd_3_100.txt,38,124
10,1244,sd_3_100.txt,39,124
10,1244,sd_3_100.txt,40,123
10,1244,sd_3_100.txt,41,123
10,1244,sd_3_100.txt,42,123
10,1244,sd_3_100.txt,43,123
10,1244,sd_3_100.txt,44,122
10,1244,sd_3_100.txt,45,122
10,1244,sd_3_100.txt,46,122
10,1244,sd_3_100.txt,47,122
10,1244,sd_3_100.txt,48,122
10,1244,sd_3_100.txt,49,122
10,1244,sd_3_100.txt,50,122
10,1244,sd_3_100.txt,51,122
10,1244,sd_3_100.txt,52,122
10,1244,sd_3_100.txt,53,122
10,1244,sd_3_100.txt,54,122
10,1244,sd_3_100.txt,55,121
10,1244,sd_3_100.txt,56,121
10,1244,sd_3_100.txt,57,121
10,1244,sd_3_100.txt,58,121
10,1244,sd_3_100.txt,59,121
10,1244,sd_3_100.txt,60,121
10,1244,sd_3_100.txt,61,121
10,1244,sd_3_100.txt,62,121
10,1244,sd_3_100.txt,63,121
10,1244,sd_3_100.txt,64,121
10,1244,sd_3_100.txt,65,121
10,1244,sd_3_100.txt,66,121
10,1244,sd_3_100.txt,67,121
10,1244,sd_3_100.txt,68,121
10,1244,sd_3_100.txt,69,121
10,1244,sd_3_100.txt,70,121
10,1244,sd_3_100.txt,71,121
10,1244,sd_3_100.txt,72,121
10,1244,sd_3_100.txt,73,121
10,1244,sd_3_100.txt,74,121
10,1244,sd_3_100.txt,75,121
10,1244,sd_3_100.txt,76,121
10,1244,sd_3_100.txt,77,121
10,1244,sd_3_100.txt,78,121
10,1244,sd_3_100.txt,79,121
10,1244,sd_3_100.txt,80,121
10,1244,sd_3_100.txt,81,121
10,1244,sd_3_100.txt,82,121
10,1244,sd_3_100.txt,83,121
10,1244,sd_3_100.txt,84,121
10,1244,sd_3_100.txt,85,121
10,1244,sd_3_100.txt,86,121
10,1244,sd_3_100.txt,87,121
10,1244,sd_3_100.txt,88,121
10,1244,sd_3_100.txt,89,121
10,1244,sd_3_100.txt,90,121
10,1244,sd_3_100.txt,91,121
10,1244,sd_3_100.txt,92,121
10,1244,sd_3_100.txt,93,121
10,1244,sd_3_100.txt,94,121
10,1244,sd_3_100.txt,95,121
10,1244,sd_3_100.txt,96,121
10,1244,sd_3_100.txt,97,121
10,1244,sd_3_100.txt,98,121
10,1244,sd_3_100.txt,99,121
10,1244,sd_3_100.txt,100,121
10,1244,sd_3_100.txt,101,121
10,1244,sd_3_100.txt,102,121
10,1244,sd_3_100.txt,103,121
10,1244,sd_3_100.txt,104,121
10,1244,sd_3_100.txt,105,121
10,1244,sd_3_100.txt,106,121
10,1244,sd_3_100.txt,107,121
10,1244,sd_3_100.txt,108,121
10,1244,sd_3_100.txt,109,121
10,1244,sd_3_100.txt,110,121
10,1244,sd_3_100.txt,111,121
10,1244,sd_3_100.txt,112,121
10,1244,sd_3_100.txt,113,121
10,1244,sd_3_100.txt,114,121
10,1244,sd_3_100.txt,115,121
10,1244,sd_3_100.txt,116,121
10,1244,sd_3_100.txt,117,121
10,1244,sd_3_100.txt,118,121
10,1244,sd_3_100.txt,119,121
10,1244,sd_3_100.txt,120,121
10,1244,sd_3_100.txt,121,121
10,1244,sd_3_100.txt,122,121
10,1244,sd_3_100.txt,123,121
10,1244,sd_3_100.txt,124,121
10,1244,sd_3_100.txt,125,121
10,1244,sd_3_100.txt,126,121
10,1244,sd_3_100.txt,127,121
10,1244,sd_3_100.txt,128,121
10,1244,sd_3_100.txt,129,121
10,1244,sd_3_100.txt,130,121
10,1244,sd_3_100.txt,131,121
10,1244,sd_3_100.txt,132,121
10,1244,sd_3_100.txt,133,121
10,1244,sd_3_100.txt,134,121
10,1244,sd_3_100.txt,135,121
10,1244,sd_3_100.txt,136,121
10,1244,sd_3_100.txt,137,121
10,1244,sd_3_100.txt,138,121
10,1244,sd_3_100.txt,139,120
10,1244,sd_3_100.txt,140,120
10,1244,sd_3_100.txt,141,120
10,1244,sd_3_100.txt,142,120
10,1244,sd_3_100.txt,143,120
10,1244,sd_3_100.txt,144,120
10,1244,sd_3_100.txt,145,120
10,1244,sd_3_100.txt,146,119
10,1244,sd_3_100.txt,147,119
10,1244,sd_3_100.txt,148,119
10,1244,sd_3_100.txt,149,119
10,1244,sd_3_100.txt,150,119
10,1244,sd_3_100.txt,151,119
10,1244,sd_3_100.txt,152,119
10,1244,sd_3_100.txt,153,119
10,1244,sd_3_100.txt,154,119
10,1244,sd_3_100.txt,155,119
10,1244,sd_3_100.txt,156,119
10,1244,sd_3_100.txt,157,119
10,1244,sd_3_100.txt,158,119
10,1244,sd_3_100.txt,159,119
10,1244,sd_3_100.txt,160,119
10,1244,sd_3_100.txt,161,119
10,1244,sd_3_100.txt,162,119
10,1244,sd_3_100.txt,163,119
10,1244,sd_3_100.txt,164,119
10,1244,sd_3_100.txt,165,119
10,1244,sd_3_100.txt,166,119
10,1244,sd_3_100.txt,167,119
10,1244,sd_3_100.txt,168,119
10,1244,sd_3_100.txt,169,119
10,1244,sd_3_100.txt,170,119
10,1244,sd_3_100.txt,171,119
10,1244,sd_3_100.txt,172,119
10,1244,sd_3_100.txt,173,119
10,1244,sd_3_100.txt,174,119
10,1244,sd_3_100.txt,175,119
10,1244,sd_3_100.txt,176,119
10,1244,sd_3_100.txt,177,119
10,1244,sd_3_100.txt,178,119
10,1244,sd_3_100.txt,179,119
10,1244,sd_3_100.txt,180,119
10,1244,sd_3_100.txt,181,119
10,1244,sd_3_100.txt,182,119
10,1244,sd_3_100.txt,183,119
10,1244,sd_3_100.txt,184,119
10,1244,sd_3_100.txt,185,119
10,1244,sd_3_100.txt,186,119
10,1244,sd_3_100.txt,187,119
10,1244,sd_3_100.txt,188,119
10,1244,sd_3_100.txt,189,119
10,1244,sd_3_100.txt,190,119
10,1244,sd_3_100.txt,191,119
10,1244,sd_3_100.txt,192,119
10,1244,sd_3_100.txt,193,119
10,1244,sd_3_100.txt,194,119
10,1244,sd_3_100.txt,195,119
10,1244,sd_3_100.txt,196,119
10,1244,sd_3_100.txt,197,119
10,1244,sd_3_100.txt,198,119
10,1244,sd_3_100.txt,199,119
10,1244,sd_3_100.txt,200,119
11,1245,sd_3_100.txt,1,136
11,1245,sd_3_100.txt,2,135
11,1245,sd_3_100.txt,3,135
11,1245,sd_3_100.txt,4,133
11,1245,sd_3_100.txt,5,133
11,1245,sd_3_100.txt,6,133
11,1245,sd_3_100.txt,7,133
11,1245,sd_3_100.txt,8,132
11,1245,sd_3_100.txt,9,132
11,1245,sd_3_100.txt,10,129
11,1245,sd_3_100.txt,11,129
11,1245,sd_3_100.txt,12,127
11,1245,sd_3_100.txt,13,127
11,1245,sd_3_100.txt,14,125
11,1245,sd_3_100.txt,15,125
11,1245,sd_3_100.txt,16,125
11,1245,sd_3_100.txt,17,125
11,1245,sd_3_100.txt,18,124
11,1245,sd_3_100.txt,19,124
11,1245,sd_3_100.txt,20,123
11,1245,sd_3_100.txt,21,123
11,1245,sd_3_100.txt,22,123
11,1245,sd_3_100.txt,23,123
11,1245,sd_3_100.txt,24,123
11,1245,sd_3_100.txt,25,123
11,1245,sd_3_100.txt,26,122
11,1245,sd_3_100.txt,27,122
11,1245,sd_3_100.txt,28,122
11,1245,sd_3_100.txt,29,122
11,1245,sd_3_100.txt,30,122
11,1245,sd_3_100.txt,31,120
11,1245,sd_3_100.txt,32,120
11,1245,sd_3_100.txt,33,119
11,1245,sd_3_100.txt,34,119
11,1245,sd_3_100.txt,35,119
11,1245,sd_3_100.txt,36,119
11,1245,sd_3_100.txt,37,119
11,1245,sd_3_100.txt,38,119
11,1245,sd_3_100.txt,39,119
11,1245,sd_3_100.txt,40,119
11,1245,sd_3_100.txt,41,119
11,1245,sd_3_100.txt,42,119
11,1245,sd_3_100.txt,43,119
11,1245,sd_3_100.txt,44,119
11,1245,sd_3_100.txt,45,119
11,1245,sd_3_100.txt,46,119
11,1245,sd_3_100.txt,47,119
11,1245,sd_3_100.txt,48,119
11,1245,sd_3_100.txt,49,119
11,1245,sd_3_100.txt,50,119
11,1245,sd_3_100.txt,51,119
11,1245,sd_3_100.txt,52,119
11,1245,sd_3_100.txt,53,119
11,1245,sd_3_100.txt,54,119
11,1245,sd_3_100.txt,55,119
11,1245,sd_3_100.txt,56,119
11,1245,sd_3_100.txt,57,119
11,1245,sd_3_100.txt,58,119
11,1245,sd_3_100.txt,59,119
11,1245,sd_3_100.txt,60,119
11,1245,sd_3_100.txt,61,119
11,1245,sd_3_100.txt,62,119
11,1245,sd_3_100.txt,63,119
11,1245,sd_3_100.txt,64,119
11,1245,sd_3_100.txt,65,119
11,1245,sd_3_100.txt,66,119
11,1245,sd_3_100.txt,67,119
11,1245,sd_3_100.txt,68,119
11,1245,sd_3_100.txt,69,119
11,1245,sd_3_100.txt,70,119
11,1245,sd_3_100.txt,71,118
11,1245,sd_3_100.txt,72,118
11,1245,sd_3_100.txt,73,118
11,1245,sd_3_100.txt,74,117
11,1245,sd_3_100.txt,75,117
11,1245,sd_3_100.txt,76,117
11,1245,sd_3_100.txt,77,117
11,1245,sd_3_100.txt,78,117
11,1245,sd_3_100.txt,79,117
11,1245,sd_3_100.txt,80,117
11,1245,sd_3_100.txt,81,117
11,1245,sd_3_100.txt,82,117
11,1245,sd_3_100.txt,83,117
11,1245,sd_3_100.txt,84,117
11,1245,sd_3_100.txt,85,117
11,1245,sd_3_100.txt,86,117
11,1245,sd_3_100.txt,87,117
11,1245,sd_3_100.txt,88,117
11,1245,sd_3_100.txt,89,117
11,1245,sd_3_100.txt,90,117
11,1245,sd_3_100.txt,91,117
11,1245,sd_3_100.txt,92,117
11,1245,sd_3_100.txt,93,117
11,1245,sd_3_100.txt,94,117
11,1245,sd_3_100.txt,95,117
11,1245,sd_3_100.txt,96,117
11,1245,sd_3_100.txt,97,117
11,1245,sd_3_100.txt,98,117
11,1245,sd_3_100.txt,99,117
11,1245,sd_3_100.txt,100,117
11,1245,sd_3_100.txt,101,117
11,1245,sd_3_100.txt,102,117
11,1245,sd_3_100.txt,103,117
11,1245,sd_3_100.txt,104,117
11,1245,sd_3_100.txt,105,117
11,1245,sd_3_100.txt,106,117
11,1245,sd_3_100.txt,107,117
11,1245,sd_3_100.txt,108,117
11,1245,sd_3_100.txt,109,117
11,1245,sd_3_100.txt,110,117
11,1245,sd_3_100.txt,111,117
11,1245,sd_3_100.txt,112,117
11,1245,sd_3_100.txt,113,117
11,1245,sd_3_100.txt,114,117
11,1245,sd_3_100.txt,115,116
11,1245,sd_3_100.txt,116,116
11,1245,sd_3_100.txt,117,116
11,1245,sd_3_100.txt,118,116
11,1245,sd_3_100.txt,119,116
11,1245,sd_3_100.txt,120,116
11,1245,sd_3_100.txt,121,116
11,1245,sd_3_100.txt,122,116
11,1245,sd_3_100.txt,123,116
11,1245,sd_3_100.txt,124,115
11,1245,sd_3_100.txt,125,115
11,1245,sd_3_100.txt,126,115
11,1245,sd_3_100.txt,127,115
11,1245,sd_3_100.txt,128,115
11,1245,sd_3_100.txt,129,115
11,1245,sd_3_100.txt,130,115
11,1245,sd_3_100.txt,131,115
11,1245,sd_3_100.txt,132,115
11,1245,sd_3_100.txt,133,115
11,1245,sd_3_100.txt,134,115
11,1245,sd_3_100.txt,135,115
11,1245,sd_3_100.txt,136,115
11,1245,sd_3_100.txt,137,115
11,1245,sd_3_100.txt,138,115
11,1245,sd_3_100.txt,139,115
11,1245,sd_3_100.txt,140,115
11,1245,sd_3_100.txt,141,115
11,1245,sd_3_100.txt,142,115
11,1245,sd_3_100.txt,143,115
11,1245,sd_3_100.txt,144,115
11,1245,sd_3_100.txt,145,115
11,1245,sd_3_100.txt,146,115
11,1245,sd_3_100.txt,147,115
11,1245,sd_3_100.txt,148,115
11,1245,sd_3_100.txt,149,115
11,1245,sd_3_100.txt,150,115
11,1245,sd_3_100.txt,151,115
11,1245,sd_3_100.txt,152,115
11,1245,sd_3_100.txt,153,115
11,1245,sd_3_100.txt,154,115
11,1245,sd_3_100.txt,155,115
11,1245,sd_3_100.txt,156,115
11,1245,sd_3_100.txt,157,115
11,1245,sd_3_100.txt,158,115
11,1245,sd_3_100.txt,159,115
11,1245,sd_3_100.txt,160,115
11,1245,sd_3_100.txt,161,115
11,1245,sd_3_100.txt,162,115
11,1245,sd_3_100.txt,163,115
11,1245,sd_3_100.txt,164,115
11,1245,sd_3_100.txt,165,115
11,1245,sd_3_100.txt,166,115
11,1245,sd_3_100.txt,167,115
11,1245,sd_3_100.txt,168,115
11,1245,sd_3_100.txt,169,115
11,1245,sd_3_100.txt,170,115
11,1245,sd_3_100.txt,171,115
11,1245,sd_3_100.txt,172,115
11,1245,sd_3_100.txt,173,115
11,1245,sd_3_100.txt,174,115
11,1245,sd_3_100.txt,175,115
11,1245,sd_3_100.txt,176,115
11,1245,sd_3_100.txt,177,115
11,1245,sd_3_100.txt,178,115
11,1245,sd_3_100.txt,179,115
11,1245,sd_3_100.txt,180,115
11,1245,sd_3_100.txt,181,115
11,1245,sd_3_100.txt,182,115
11,1245,sd_3_100.txt,183,115
11,1245,sd_3_100.txt,184,115
11,1245,sd_3_100.txt,185,115
11,1245,sd_3_100.txt,186,115
11,1245,sd_3_100.txt,187,115
11,1245,sd_3_100.txt,188,115
11,1245,sd_3_100.txt,189,115
11,1245,sd_3_100.txt,190,115
11,1245,sd_3_100.txt,191,115
11,1245,sd_3_100.txt,192,115
11,1245,sd_3_100.txt,193,115
11,1245,sd_3_100.txt,194,115
11,1245,sd_3_100.txt,195,115
11,1245,sd_3_100.txt,196,115
11,1245,sd_3_100.txt,197,115
11,1245,sd_3_100.txt,198,115
11,1245,sd_3_100.txt,199,115
11,1245,sd_3_100.txt,200,115
12,1246,sd_3_100.txt,1,136
12,1246,sd_3_100.txt,2,135
12,1246,sd_3_100.txt,3,135
12,1246,sd_3_100.txt,4,134
12,1246,sd_3_100.txt,5,133
12,1246,sd_3_100.txt,6,133
12,1246,sd_3_100.txt,7,133
12,1246,sd_3_100.txt,8,132
12,1246,sd_3_100.txt,9,132
12,1246,sd_3_100.txt,10,131
12,1246,sd_3_100.txt,11,131
12,1246,sd_3_100.txt,12,129
12,1246,sd_3_100.txt,13,129
12,1246,sd_3_100.txt,14,129
12,1246,sd_3_100.txt,15,129
12,1246,sd_3_100.txt,16,128
12,1246,sd_3_100.txt,17,128
12,1246,sd_3_100.txt,18,127
12,1246,sd_3_100.txt,19,127
12,1246,sd_3_100.txt,20,127
12,1246,sd_3_100.txt,21,127
12,1246,sd_3_100.txt,22,127
12,1246,sd_3_100.txt,23,127
12,1246,sd_3_100.txt,24,126
12,1246,sd_3_100.txt,25,126
12,1246,sd_3_100.txt,26,126
12,1246,sd_3_100.txt,27,126
12,1246,sd_3_100.txt,28,125
12,1246,sd_3_100.txt,29,125
12,1246,sd_3_100.txt,30,124
12,1246,sd_3_100.txt,31,124
12,1246,sd_3_100.txt,32,124
12,1246,sd_3_100.txt,33,124
12,1246,sd_3_100.txt,34,124
12,1246,sd_3_100.txt,35,124
12,1246,sd_3_100.txt,36,124
12,1246,sd_3_100.txt,37,124
12,1246,sd_3_100.txt,38,124
12,1246,sd_3_100.txt,39,124
12,1246,sd_3_100.txt,40,124
12,1246,sd_3_100.txt,41,124
12,1246,sd_3_100.txt,42,124
12,1246,sd_3_100.txt,43,124
12,1246,sd_3_100.txt,44,124
12,1246,sd_3_100.txt,45,124
12,1246,sd_3_100.txt,46,124
12,1246,sd_3_100.txt,47,124
12,1246,sd_3_100.txt,48,124
12,1246,sd_3_100.txt,49,124
12,1246,sd_3_100.txt,50,123
12,1246,sd_3_100.txt,51,123
12,1246,sd_3_100.txt,52,123
12,1246,sd_3_100.txt,53,123
12,1246,sd_3_100.txt,54,123
12,1246,sd_3_100.txt,55,123
12,1246,sd_3_100.txt,56,122
12,1246,sd_3_100.txt,57,122
12,1246,sd_3_100.txt,58,122
12,1246,sd_3_100.txt,59,122
12,1246,sd_3_100.txt,60,122
12,1246,sd_3_100.txt,61,121
12,1246,sd_3_100.txt,62,121
12,1246,sd_3_100.txt,63,121
12,1246,sd_3_100.txt,64,121
12,1246,sd_3_100.txt,65,121
12,1246,sd_3_100.txt,66,121
12,1246,sd_3_100.txt,67,120
12,1246,sd_3_100.txt,68,120
12,1246,sd_3_100.txt,69,120
12,1246,sd_3_100.txt,70,120
12,1246,sd_3_100.txt,71,120
12,1246,sd_3_100.txt,72,120
12,1246,sd_3_100.txt,73,120
12,1246,sd_3_100.txt,74,120
12,1246,sd_3_100.txt,75,120
12,1246,sd_3_100.txt,76,120
12,1246,sd_3_100.txt,77,120
12,1246,sd_3_100.txt,78,120
12,1246,sd_3_100.txt,79,120
12,1246,sd_3_100.txt,80,120
12,1246,sd_3_100.txt,81,120
12,1246,sd_3_100.txt,82,120
12,1246,sd_3_100.txt,83,119
12,1246,sd_3_100.txt,84,119
12,1246,sd_3_100.txt,85,119
12,1246,sd_3_100.txt,86,119
12,1246,sd_3_100.txt,87,119
12,1246,sd_3_100.txt,88,119
12,1246,sd_3_100.txt,89,118
12,1246,sd_3_100.txt,90,118
12,1246,sd_3_100.txt,91,118
12,1246,sd_3_100.txt,92,118
12,1246,sd_3_100.txt,93,118
12,1246,sd_3_100.txt,94,118
12,1246,sd_3_100.txt,95,118
12,1246,sd_3_100.txt,96,118
12,1246,sd_3_100.txt,97,118
12,1246,sd_3_100.txt,98,118
12,1246,sd_3_100.txt,99,118
12,1246,sd_3_100.txt,100,118
12,1246,sd_3_100.txt,101,118
12,1246,sd_3_100.txt,102,118
12,1246,sd_3_100.txt,103,118
12,1246,sd_3_100.txt,104,118
12,1246,sd_3_100.txt,105,118
12,1246,sd_3_100.txt,106,118
12,1246,sd_3_100.txt,107,118
12,1246,sd_3_100.txt,108,118
12,1246,sd_3_100.txt,109,118
12,1246,sd_3_100.txt,110,118
12,1246,sd_3_100.txt,111,118
12,1246,sd_3_100.txt,112,118
12,1246,sd_3_100.txt,113,118
12,1246,sd_3_100.txt,114,118
12,1246,sd_3_100.txt,115,118
12,1246,sd_3_100.txt,116,118
12,1246,sd_3_100.txt,117,118
12,1246,sd_3_100.txt,118,118
12,1246,sd_3_100.txt,119,118
12,1246,sd_3_100.txt,120,118
12,1246,sd_3_100.txt,121,118
12,1246,sd_3_100.txt,122,118
12,1246,sd_3_100.txt,123,118
12,1246,sd_3_100.txt,124,118
12,1246,sd_3_100.txt,125,118
12,1246,sd_3_100.txt,126,118
12,1246,sd_3_100.txt,127,118
12,1246,sd_3_100.txt,128,118
12,1246,sd_3_100.txt,129,118
12,1246,sd_3_100.txt,130,117
12,1246,sd_3_100.txt,131,117
12,1246,sd_3_100.txt,132,117
12,1246,sd_3_100.txt,133,117
12,1246,sd_3_100.txt,134,117
12,1246,sd_3_100.txt,135,117
12,1246,sd_3_100.txt,136,117
12,1246,sd_3_100.txt,137,117
12,1246,sd_3_100.txt,138,117
12,1246,sd_3_100.txt,139,117
12,1246,sd_3_100.txt,140,117
12,1246,sd_3_100.txt,141,117
12,1246,sd_3_100.txt,142,117
12,1246,sd_3_100.txt,143,117
12,1246,sd_3_100.txt,144,117
12,1246,sd_3_100.txt,145,117
12,1246,sd_3_100.txt,146,117
12,1246,sd_3_100.txt,147,117
12,1246,sd_3_100.txt,148,117
12,1246,sd_3_100.txt,149,117
12,1246,sd_3_100.txt,150,117
12,1246,sd_3_100.txt,151,117
12,1246,sd_3_100.txt,152,117
12,1246,sd_3_100.txt,153,117
12,1246,sd_3_100.txt,154,117
12,1246,sd_3_100.txt,155,117
12,1246,sd_3_100.txt,156,117
12,1246,sd_3_100.txt,157,117
12,1246,sd_3_100.txt,158,117
12,1246,sd_3_100.txt,159,117
12,1246,sd_3_100.txt,160,117
12,1246,sd_3_100.txt,161,117
12,1246,sd_3_100.txt,162,116
12,1246,sd_3_100.txt,163,116
12,1246,sd_3_100.txt,164,116
12,1246,sd_3_100.txt,165,116
12,1246,sd_3_100.txt,166,116
12,1246,sd_3_100.txt,167,116
12,1246,sd_3_100.txt,168,116
12,1246,sd_3_100.txt,169,116
12,1246,sd_3_100.txt,170,116
12,1246,sd_3_100.txt,171,116
12,1246,sd_3_100.txt,172,116
12,1246,sd_3_100.txt,173,116
12,1246,sd_3_100.txt,174,116
12,1246,sd_3_100.txt,175,116
12,1246,sd_3_100.txt,176,116
12,1246,sd_3_100.txt,177,116
12,1246,sd_3_100.txt,178,116
12,1246,sd_3_100.txt,179,116
12,1246,sd_3_100.txt,180,116
12,1246,sd_3_100.txt,181,116
12,1246,sd_3_100.txt,182,116
12,1246,sd_3_100.txt,183,116
12,1246,sd_3_100.txt,184,116
12,1246,sd_3_100.txt,185,116
12,1246,sd_3_100.txt,186,116
12,1246,sd_3_100.txt,187,116
12,1246,sd_3_100.txt,188,115
12,1246,sd_3_100.txt,189,115
12,1246,sd_3_100.txt,190,115
12,1246,sd_3_100.txt,191,115
12,1246,sd_3_100.txt,192,115
12,1246,sd_3_100.txt,193,114
12,1246,sd_3_100.txt,194,114
12,1246,sd_3_100.txt,195,114
12,1246,sd_3_100.txt,196,114
12,1246,sd_3_100.txt,197,114
12,1246,sd_3_100.txt,198,114
12,1246,sd_3_100.txt,199,114
12,1246,sd_3_100.txt,200,114
13,1247,sd_3_100.txt,1,139
13,1247,sd_3_100.txt,2,135
13,1247,sd_3_100.txt,3,135
13,1247,sd_3_100.txt,4,133
13,1247,sd_3_100.txt,5,133
13,1247,sd_3_100.txt,6,130
13,1247,sd_3_100.txt,7,130
13,1247,sd_3_100.txt,8,129
13,1247,sd_3_100.txt,9,127
13,1247,sd_3_100.txt,10,127
13,1247,sd_3_100.txt,11,127
13,1247,sd_3_100.txt,12,127
13,1247,sd_3_100.txt,13,127
13,1247,sd_3_100.txt,14,127
13,1247,sd_3_100.txt,15,127
13,1247,sd_3_100.txt,16,127
13,1247,sd_3_100.txt,17,125
13,1247,sd_3_100.txt,18,125
13,1247,sd_3_100.txt,19,125
13,1247,sd_3_100.txt,20,125
13,1247,sd_3_100.txt,21,125
13,1247,sd_3_100.txt,22,124
13,1247,sd_3_100.txt,23,124
13,1247,sd_3_100.txt,24,124
13,1247,sd_3_100.txt,25,124
13,1247,sd_3_100.txt,26,124
13,1247,sd_3_100.txt,27,124
13,1247,sd_3_100.txt,28,124
13,1247,sd_3_100.txt,29,124
13,1247,sd_3_100.txt,30,124
13,1247,sd_3_100.txt,31,123
13,1247,sd_3_100.txt,32,123
13,1247,sd_3_100.txt,33,123
13,1247,sd_3_100.txt,34,123
13,1247,sd_3_100.txt,35,123
13,1247,sd_3_100.txt,36,123
13,1247,sd_3_100.txt,37,122
13,1247,sd_3_100.txt,38,122
13,1247,sd_3_100.txt,39,121
13,1247,sd_3_100.txt,40,121
13,1247,sd_3_100.txt,41,121
13,1247,sd_3_100.txt,42,120
13,1247,sd_3_100.txt,43,120
13,1247,sd_3_100.txt,44,120
13,1247,sd_3_100.txt,45,120
13,1247,sd_3_100.txt,46,120
13,1247,sd_3_100.txt,47,120
13,1247,sd_3_100.txt,48,120
13,1247,sd_3_100.txt,49,119
13,1247,sd_3_100.txt,50,119
13,1247,sd_3_100.txt,51,119
13,1247,sd_3_100.txt,52,119
13,1247,sd_3_100.txt,53,118
13,1247,sd_3_100.txt,54,118
13,1247,sd_3_100.txt,55,118
13,1247,sd_3_100.txt,56,118
13,1247,sd_3_100.txt,57,118
13,1247,sd_3_100.txt,58,118
13,1247,sd_3_100.txt,59,118
13,1247,sd_3_100.txt,60,118
13,1247,sd_3_100.txt,61,118
13,1247,sd_3_100.txt,62,118
13,1247,sd_3_100.txt,63,118
13,1247,sd_3_100.txt,64,118
13,1247,sd_3_100.txt,65,118
13,1247,sd_3_100.txt,66,118
13,1247,sd_3_100.txt,67,118
13,1247,sd_3_100.txt,68,118
13,1247,sd_3_100.txt,69,118
13,1247,sd_3_100.txt,70,118
13,1247,sd_3_100.txt,71,118
13,1247,sd_3_100.txt,72,118
13,1247,sd_3_100.txt,73,117
13,1247,sd_3_100.txt,74,117
13,1247,sd_3_100.txt,75,117
13,1247,sd_3_100.txt,76,117
13,1247,sd_3_100.txt,77,117
13,1247,sd_3_100.txt,78,117
13,1247,sd_3_100.txt,79,117
13,1247,sd_3_100.txt,80,117
13,1247,sd_3_100.txt,81,117
13,1247,sd_3_100.txt,82,117
13,1247,sd_3_100.txt,83,117
13,1247,sd_3_100.txt,84,117
13,1247,sd_3_100.txt,85,117
13,1247,sd_3_100.txt,86,117
13,1247,sd_3_100.txt,87,117
13,1247,sd_3_100.txt,88,117
13,1247,sd_3_100.txt,89,117
13,1247,sd_3_100.txt,90,117
13,1247,sd_3_100.txt,91,117
13,1247,sd_3_100.txt,92,117
13,1247,sd_3_100.txt,93,117
13,1247,sd_3_100.txt,94,117
13,1247,sd_3_100.txt,95,117
13,1247,sd_3_100.txt,96,117
13,1247,sd_3_100.txt,97,117
13,1247,sd_3_100.txt,98,117
13,1247,sd_3_100.txt,99,117
13,1247,sd_3_100.txt,100,117
13,1247,sd_3_100.txt,101,117
13,1247,sd_3_100.txt,102,117
13,1247,sd_3_100.txt,103,117
13,1247,sd_3_100.txt,104,117
13,1247,sd_3_100.txt,105,117
13,1247,sd_3_100.txt,106,117
13,1247,sd_3_100.txt,107,117
13,1247,sd_3_100.txt,108,117
13,1247,sd_3_100.txt,109,117
13,1247,sd_3_100.txt,110,117
13,1247,sd_3_100.txt,111,117
13,1247,sd_3_100.txt,112,117
13,1247,sd_3_100.txt,113,117
13,1247,sd_3_100.txt,114,117
13,1247,sd_3_100.txt,115,117
13,1247,sd_3_100.txt,116,117
13,1247,sd_3_100.txt,117,117
13,1247,sd_3_100.txt,118,117
13,1247,sd_3_100.txt,119,117
13,1247,sd_3_100.txt,120,117
13,1247,sd_3_100.txt,121,117
13,1247,sd_3_100.txt,122,117
13,1247,sd_3_100.txt,123,117
13,1247,sd_3_100.txt,124,117
13,1247,sd_3_100.txt,125,117
13,1247,sd_3_100.txt,126,117
13,1247,sd_3_100.txt,127,117
13,1247,sd_3_100.txt,128,117
13,1247,sd_3_100.txt,129,117
13,1247,sd_3_100.txt,130,117
13,1247,sd_3_100.txt,131,117
13,1247,sd_3_100.txt,132,116
13,1247,sd_3_100.txt,133,116
13,1247,sd_3_100.txt,134,116
13,1247,sd_3_100.txt,135,116
13,1247,sd_3_100.txt,136,116
13,1247,sd_3_100.txt,137,116
13,1247,sd_3_100.txt,138,116
13,1247,sd_3_100.txt,139,116
13,1247,sd_3_100.txt,140,116
13,1247,sd_3_100.txt,141,116
13,1247,sd_3_100.txt,142,116
13,1247,sd_3_100.txt,143,116
13,1247,sd_3_100.txt,144,116
13,1247,sd_3_100.txt,145,116
13,1247,sd_3_100.txt,146,116
13,1247,sd_3_100.txt,147,116
13,1247,sd_3_100.txt,148,116
13,1247,sd_3_100.txt,149,116
13,1247,sd_3_100.txt,150,116
13,1247,sd_3_100.txt,151,116
13,1247,sd_3_100.txt,152,116
13,1247,sd_3_100.txt,153,116
13,1247,sd_3_100.txt,154,116
13,1247,sd_3_100.txt,155,116
13,1247,sd_3_100.txt,156,116
13,1247,sd_3_100.txt,157,116
13,1247,sd_3_100.txt,158,116
13,1247,sd_3_100.txt,159,116
13,1247,sd_3_100.txt,160,116
13,1247,sd_3_100.txt,161,116
13,1247,sd_3_100.txt,162,116
13,1247,sd_3_100.txt,163,116
13,1247,sd_3_100.txt,164,116
13,1247,sd_3_100.txt,165,116
13,1247,sd_3_100.txt,166,116
13,1247,sd_3_100.txt,167,116
13,1247,sd_3_100.txt,168,116
13,1247,sd_3_100.txt,169,116
13,1247,sd_3_100.txt,170,116
13,1247,sd_3_100.txt,171,116
13,1247,sd_3_100.txt,172,116
13,1247,sd_3_100.txt,173,116
13,1247,sd_3_100.txt,174,116
13,1247,sd_3_100.txt,175,116
13,1247,sd_3_100.txt,176,116
13,1247,sd_3_100.txt,177,116
13,1247,sd_3_100.txt,178,116
13,1247,sd_3_100.txt,179,116
13,1247,sd_3_100.txt,180,116
13,1247,sd_3_100.txt,181,116
13,1247,sd_3_100.txt,182,116
13,1247,sd_3_100.txt,183,116
13,1247,sd_3_100.txt,184,116
13,1247,sd_3_100.txt,185,116
13,1247,sd_3_100.txt,186,116
13,1247,sd_3_100.txt,187,116
13,1247,sd_3_100.txt,188,116
13,1247,sd_3_100.txt,189,116
13,1247,sd_3_100.txt,190,116
13,1247,sd_3_100.txt,191,116
13,1247,sd_3_100.txt,192,116
13,1247,sd_3_100.txt,193,116
13,1247,sd_3_100.txt,194,116
13,1247,sd_3_100.txt,195,116
13,1247,sd_3_100.txt,196,116
13,1247,sd_3_100.txt,197,116
13,1247,sd_3_100.txt,198,116
13,1247,sd_3_100.txt,199,116
13,1247,sd_3_100.txt,200,116
14,1248,sd_3_100.txt,1,137
14,1248,sd_3_100.txt,2,135
14,1248,sd_3_100.txt,3,134
14,1248,sd_3_100.txt,4,132
14,1248,sd_3_100.txt,5,132
14,1248,sd_3_100.txt,6,132
14,1248,sd_3_100.txt,7,132
14,1248,sd_3_100.txt,8,132
14,1248,sd_3_100.txt,9,132
14,1248,sd_3_100.txt,10,131
14,1248,sd_3_100.txt,11,130
14,1248,sd_3_100.txt,12,130
14,1248,sd_3_100.txt,13,127
14,1248,sd_3_100.txt,14,127
14,1248,sd_3_100.txt,15,127
14,1248,sd_3_100.txt,16,127
14,1248,sd_3_100.txt,17,127
14,1248,sd_3_100.txt,18,126
14,1248,sd_3_100.txt,19,124
14,1248,sd_3_100.txt,20,123
14,1248,sd_3_100.txt,21,123
14,1248,sd_3_100.txt,22,123
14,1248,sd_3_100.txt,23,123
14,1248,sd_3_100.txt,24,123
14,1248,sd_3_100.txt,25,123
14,1248,sd_3_100.txt,26,122
14,1248,sd_3_100.txt,27,122
14,1248,sd_3_100.txt,28,122
14,1248,sd_3_100.txt,29,122
14,1248,sd_3_100.txt,30,121
14,1248,sd_3_100.txt,31,121
14,1248,sd_3_100.txt,32,121
14,1248,sd_3_100.txt,33,121
14,1248,sd_3_100.txt,34,120
14,1248,sd_3_100.txt,35,120
14,1248,sd_3_100.txt,36,120
14,1248,sd_3_100.txt,37,120
14,1248,sd_3_100.txt,38,120
14,1248,sd_3_100.txt,39,120
14,1248,sd_3_100.txt,40,120
14,1248,sd_3_100.txt,41,120
14,1248,sd_3_100.txt,42,120
14,1248,sd_3_100.txt,43,120
14,1248,sd_3_100.txt,44,120
14,1248,sd_3_100.txt,45,120
14,1248,sd_3_100.txt,46,118
14,1248,sd_3_100.txt,47,118
14,1248,sd_3_100.txt,48,118
14,1248,sd_3_100.txt,49,118
14,1248,sd_3_100.txt,50,118
14,1248,sd_3_100.txt,51,118
14,1248,sd_3_100.txt,52,118
14,1248,sd_3_100.txt,53,118
14,1248,sd_3_100.txt,54,118
14,1248,sd_3_100.txt,55,118
14,1248,sd_3_100.txt,56,118
14,1248,sd_3_100.txt,57,118
14,1248,sd_3_100.txt,58,118
14,1248,sd_3_100.txt,59,118
14,1248,sd_3_100.txt,60,118
14,1248,sd_3_100.txt,61,118
14,1248,sd_3_100.txt,62,118
14,1248,sd_3_100.txt,63,118
14,1248,sd_3_100.txt,64,118
14,1248,sd_3_100.txt,65,118
14,1248,sd_3_100.txt,66,118
14,1248,sd_3_100.txt,67,118
14,1248,sd_3_100.txt,68,118
14,1248,sd_3_100.txt,69,118
14,1248,sd_3_100.txt,70,118
14,1248,sd_3_100.txt,71,118
14,1248,sd_3_100.txt,72,118
14,1248,sd_3_100.txt,73,118
14,1248,sd_3_100.txt,74,118
14,1248,sd_3_100.txt,75,118
14,1248,sd_3_100.txt,76,118
14,1248,sd_3_100.txt,77,118
14,1248,sd_3_100.txt,78,118
14,1248,sd_3_100.txt,79,118
14,1248,sd_3_100.txt,80,118
14,1248,sd_3_100.txt,81,118
14,1248,sd_3_100.txt,82,118
14,1248,sd_3_100.txt,83,118
14,1248,sd_3_100.txt,84,118
14,1248,sd_3_100.txt,85,118
14,1248,sd_3_100.txt,86,118
14,1248,sd_3_100.txt,87,118
14,1248,sd_3_100.txt,88,118
14,1248,sd_3_100.txt,89,117
14,1248,sd_3_100.txt,90,117
14,1248,sd_3_100.txt,91,117
14,1248,sd_3_100.txt,92,117
14,1248,sd_3_100.txt,93,117
14,1248,sd_3_100.txt,94,117
14,1248,sd_3_100.txt,95,117
14,1248,sd_3_100.txt,96,117
14,1248,sd_3_100.txt,97,117
14,1248,sd_3_100.txt,98,117
14,1248,sd_3_100.txt,99,117
14,1248,sd_3_100.txt,100,117
14,1248,sd_3_100.txt,101,116
14,1248,sd_3_100.txt,102,116
14,1248,sd_3_100.txt,103,116
14,1248,sd_3_100.txt,104,116
14,1248,sd_3_100.txt,105,116
14,1248,sd_3_100.txt,106,116
14,1248,sd_3_100.txt,107,116
14,1248,sd_3_100.txt,108,116
14,1248,sd_3_100.txt,109,116
14,1248,sd_3_100.txt,110,116
14,1248,sd_3_100.txt,111,116
14,1248,sd_3_100.txt,112,116
14,1248,sd_3_100.txt,113,116
14,1248,sd_3_100.txt,114,116
14,1248,sd_3_100.txt,115,116
14,1248,sd_3_100.txt,116,116
14,1248,sd_3_100.txt,117,116
14,1248,sd_3_100.txt,118,116
14,1248,sd_3_100.txt,119,116
14,1248,sd_3_100.txt,120,116
14,1248,sd_3_100.txt,121,116
14,1248,sd_3_100.txt,122,116
14,1248,sd_3_100.txt,123,116
14,1248,sd_3_100.txt,124,116
14,1248,sd_3_100.txt,125,116
14,1248,sd_3_100.txt,126,116
14,1248,sd_3_100.txt,127,116
14,1248,sd_3_100.txt,128,116
14,1248,sd_3_100.txt,129,116
14,1248,sd_3_100.txt,130,116
14,1248,sd_3_100.txt,131,116
14,1248,sd_3_100.txt,132,116
14,1248,sd_3_100.txt,133,116
14,1248,sd_3_100.txt,134,116
14,1248,sd_3_100.txt,135,116
14,1248,sd_3_100.txt,136,116
14,1248,sd_3_100.txt,137,116
14,1248,sd_3_100.txt,138,116
14,1248,sd_3_100.txt,139,116
14,1248,sd_3_100.txt,140,116
14,1248,sd_3_100.txt,141,116
14,1248,sd_3_100.txt,142,116
14,1248,sd_3_100.txt,143,116
14,1248,sd_3_100.txt,144,116
14,1248,sd_3_100.txt,145,116
14,1248,sd_3_100.txt,146,116
14,1248,sd_3_100.txt,147,116
14,1248,sd_3_100.txt,148,116
14,1248,sd_3_100.txt,149,116
14,1248,sd_3_100.txt,150,116
14,1248,sd_3_100.txt,151,116
14,1248,sd_3_100.txt,152,116
14,1248,sd_3_100.txt,153,116
14,1248,sd_3_100.txt,154,116
14,1248,sd_3_100.txt,155,116
14,1248,sd_3_100.txt,156,116
14,1248,sd_3_100.txt,157,116
14,1248,sd_3_100.txt,158,116
14,1248,sd_3_100.txt,159,116
14,1248,sd_3_100.txt,160,116
14,1248,sd_3_100.txt,161,116
14,1248,sd_3_100.txt,162,116
14,1248,sd_3_100.txt,163,116
14,1248,sd_3_100.txt,164,116
14,1248,sd_3_100.txt,165,116
14,1248,sd_3_100.txt,166,116
14,1248,sd_3_100.txt,167,116
14,1248,sd_3_100.txt,168,116
14,1248,sd_3_100.txt,169,116
14,1248,sd_3_100.txt,170,116
14,1248,sd_3_100.txt,171,116
14,1248,sd_3_100.txt,172,116
14,1248,sd_3_100.txt,173,116
14,1248,sd_3_100.txt,174,116
14,1248,sd_3_100.txt,175,116
14,1248,sd_3_100.txt,176,116
14,1248,sd_3_100.txt,177,116
14,1248,sd_3_100.txt,178,116
14,1248,sd_3_100.txt,179,116
14,1248,sd_3_100.txt,180,116
14,1248,sd_3_100.txt,181,116
14,1248,sd_3_100.txt,182,116
14,1248,sd_3_100.txt,183,116
14,1248,sd_3_100.txt,184,116
14,1248,sd_3_100.txt,185,116
14,1248,sd_3_100.txt,186,116
14,1248,sd_3_100.txt,187,116
14,1248,sd_3_100.txt,188,116
14,1248,sd_3_100.txt,189,116
14,1248,sd_3_100.txt,190,116
14,1248,sd_3_100.txt,191,116
14,1248,sd_3_100.txt,192,116
14,1248,sd_3_100.txt,193,116
14,1248,sd_3_100.txt,194,116
14,1248,sd_3_100.txt,195,116
14,1248,sd_3_100.txt,196,116
14,1248,sd_3_100.txt,197,116
14,1248,sd_3_100.txt,198,116
14,1248,sd_3_100.txt,199,116
14,1248,sd_3_100.txt,200,116
15,1249,sd_3_100.txt,1,132
15,1249,sd_3_100.txt,2,132
15,1249,sd_3_100.txt,3,132
15,1249,sd_3_100.txt,4,132
15,1249,sd_3_100.txt,5,132
15,1249,sd_3_100.txt,6,129
15,1249,sd_3_100.txt,7,129
15,1249,sd_3_100.txt,8,129
15,1249,sd_3_100.txt,9,129
15,1249,sd_3_100.txt,10,129
15,1249,sd_3_100.txt,11,129
15,1249,sd_3_100.txt,12,128
15,1249,sd_3_100.txt,13,128
15,1249,sd_3_100.txt,14,128
15,1249,sd_3_100.txt,15,127
15,1249,sd_3_100.txt,16,127
15,1249,sd_3_100.txt,17,127
15,1249,sd_3_100.txt,18,127
15,1249,sd_3_100.txt,19,127
15,1249,sd_3_100.txt,20,127
15,1249,sd_3_100.txt,21,126
15,1249,sd_3_100.txt,22,126
15,1249,sd_3_100.txt,23,126
15,1249,sd_3_100.txt,24,126
15,1249,sd_3_100.txt,25,125
15,1249,sd_3_100.txt,26,125
15,1249,sd_3_100.txt,27,125
15,1249,sd_3_100.txt,28,125
15,1249,sd_3_100.txt,29,125
15,1249,sd_3_100.txt,30,125
15,1249,sd_3_100.txt,31,125
15,1249,sd_3_100.txt,32,124
15,1249,sd_3_100.txt,33,124
15,1249,sd_3_100.txt,34,124
15,1249,sd_3_100.txt,35,124
15,1249,sd_3_100.txt,36,123
15,1249,sd_3_100.txt,37,123
15,1249,sd_3_100.txt,38,123
15,1249,sd_3_100.txt,39,123
15,1249,sd_3_100.txt,40,123
15,1249,sd_3_100.txt,41,123
15,1249,sd_3_100.txt,42,123
15,1249,sd_3_100.txt,43,123
15,1249,sd_3_100.txt,44,123
15,1249,sd_3_100.txt,45,123
15,1249,sd_3_100.txt,46,123
15,1249,sd_3_100.txt,47,123
15,1249,sd_3_100.txt,48,123
15,1249,sd_3_100.txt,49,123
15,1249,sd_3_100.txt,50,123
15,1249,sd_3_100.txt,51,123
15,1249,sd_3_100.txt,52,123
15,1249,sd_3_100.txt,53,123
15,1249,sd_3_100.txt,54,123
15,1249,sd_3_100.txt,55,123
15,1249,sd_3_100.txt,56,123
15,1249,sd_3_100.txt,57,123
15,1249,sd_3_100.txt,58,122
15,1249,sd_3_100.txt,59,122
15,1249,sd_3_100.txt,60,122
15,1249,sd_3_100.txt,61,122
15,1249,sd_3_100.txt,62,122
15,1249,sd_3_100.txt,63,122
15,1249,sd_3_100.txt,64,122
15,1249,sd_3_100.txt,65,122
15,1249,sd_3_100.txt,66,122
15,1249,sd_3_100.txt,67,122
15,1249,sd_3_100.txt,68,122
15,1249,sd_3_100.txt,69,122
15,1249,sd_3_100.txt,70,122
15,1249,sd_3_100.txt,71,122
15,1249,sd_3_100.txt,72,122
15,1249,sd_3_100.txt,73,122
15,1249,sd_3_100.txt,74,122
15,1249,sd_3_100.txt,75,122
15,1249,sd_3_100.txt,76,122
15,1249,sd_3_100.txt,77,122
15,1249,sd_3_100.txt,78,122
15,1249,sd_3_100.txt,79,122
15,1249,sd_3_100.txt,80,121
15,1249,sd_3_100.txt,81,121
15,1249,sd_3_100.txt,82,120
15,1249,sd_3_100.txt,83,120
15,1249,sd_3_100.txt,84,120
15,1249,sd_3_100.txt,85,120
15,1249,sd_3_100.txt,86,120
15,1249,sd_3_100.txt,87,120
15,1249,sd_3_100.txt,88,120
15,1249,sd_3_100.txt,89,120
15,1249,sd_3_100.txt,90,120
15,1249,sd_3_100.txt,91,120
15,1249,sd_3_100.txt,92,120
15,1249,sd_3_100.txt,93,120
15,1249,sd_3_100.txt,94,120
15,1249,sd_3_100.txt,95,120
15,1249,sd_3_100.txt,96,120
15,1249,sd_3_100.txt,97,120
15,1249,sd_3_100.txt,98,120
15,1249,sd_3_100.txt,99,120
15,1249,sd_3_100.txt,100,120
15,1249,sd_3_100.txt,101,120
15,1249,sd_3_100.txt,102,120
15,1249,sd_3_100.txt,103,120
15,1249,sd_3_100.txt,104,120
15,1249,sd_3_100.txt,105,120
15,1249,sd_3_100.txt,106,120
15,1249,sd_3_100.txt,107,120
15,1249,sd_3_100.txt,108,120
15,1249,sd_3_100.txt,109,120
15,1249,sd_3_100.txt,110,120
15,1249,sd_3_100.txt,111,120
15,1249,sd_3_100.txt,112,120
15,1249,sd_3_100.txt,113,120
15,1249,sd_3_100.txt,114,120
15,1249,sd_3_100.txt,115,120
15,1249,sd_3_100.txt,116,120
15,1249,sd_3_100.txt,117,120
15,1249,sd_3_100.txt,118,120
15,1249,sd_3_100.txt,119,120
15,1249,sd_3_100.txt,120,120
15,1249,sd_3_100.txt,121,120
15,1249,sd_3_100.txt,122,120
15,1249,sd_3_100.txt,123,120
15,1249,sd_3_100.txt,124,120
15,1249,sd_3_100.txt,125,120
15,1249,sd_3_100.txt,126,120
15,1249,sd_3_100.txt,127,120
15,1249,sd_3_100.txt,128,120
15,1249,sd_3_100.txt,129,120
15,1249,sd_3_100.txt,130,120
15,1249,sd_3_100.txt,131,120
15,1249,sd_3_100.txt,132,120
15,1249,sd_3_100.txt,133,120
15,1249,sd_3_100.txt,134,120
15,1249,sd_3_100.txt,135,118
15,1249,sd_3_100.txt,136,118
15,1249,sd_3_100.txt,137,118
15,1249,sd_3_100.txt,138,118
15,1249,sd_3_100.txt,139,118
15,1249,sd_3_100.txt,140,118
15,1249,sd_3_100.txt,141,118
15,1249,sd_3_100.txt,142,118
15,1249,sd_3_100.txt,143,118
15,1249,sd_3_100.txt,144,118
15,1249,sd_3_100.txt,145,118
15,1249,sd_3_100.txt,146,118
15,1249,sd_3_100.txt,147,118
15,1249,sd_3_100.txt,148,118
15,1249,sd_3_100.txt,149,118
15,1249,sd_3_100.txt,150,118
15,1249,sd_3_100.txt,151,118
15,1249,sd_3_100.txt,152,118
15,1249,sd_3_100.txt,153,118
15,1249,sd_3_100.txt,154,118
15,1249,sd_3_100.txt,155,118
15,1249,sd_3_100.txt,156,118
15,1249,sd_3_100.txt,157,118
15,1249,sd_3_100.txt,158,118
15,1249,sd_3_100.txt,159,118
15,1249,sd_3_100.txt,160,118
15,1249,sd_3_100.txt,161,118
15,1249,sd_3_100.txt,162,118
15,1249,sd_3_100.txt,163,118
15,1249,sd_3_100.txt,164,117
15,1249,sd_3_100.txt,165,117
15,1249,sd_3_100.txt,166,117
15,1249,sd_3_100.txt,167,117
15,1249,sd_3_100.txt,168,117
15,1249,sd_3_100.txt,169,117
15,1249,sd_3_100.txt,170,117
15,1249,sd_3_100.txt,171,117
15,1249,sd_3_100.txt,172,117
15,1249,sd_3_100.txt,173,117
15,1249,sd_3_100.txt,174,117
15,1249,sd_3_100.txt,175,117
15,1249,sd_3_100.txt,176,117
15,1249,sd_3_100.txt,177,117
15,1249,sd_3_100.txt,178,117
15,1249,sd_3_100.txt,179,117
15,1249,sd_3_100.txt,180,117
15,1249,sd_3_100.txt,181,117
15,1249,sd_3_100.txt,182,117
15,1249,sd_3_100.txt,183,117
15,1249,sd_3_100.txt,184,117
15,1249,sd_3_100.txt,185,117
15,1249,sd_3_100.txt,186,117
15,1249,sd_3_100.txt,187,117
15,1249,sd_3_100.txt,188,117
15,1249,sd_3_100.txt,189,117
15,1249,sd_3_100.txt,190,117
15,1249,sd_3_100.txt,191,117
15,1249,sd_3_100.txt,192,117
15,1249,sd_3_100.txt,193,117
15,1249,sd_3_100.txt,194,117
15,1249,sd_3_100.txt,195,117
15,1249,sd_3_100.txt,196,117
15,1249,sd_3_100.txt,197,117
15,1249,sd_3_100.txt,198,117
15,1249,sd_3_100.txt,199,117
15,1249,sd_3_100.txt,200,117
16,1250,sd_3_100.txt,1,139
16,1250,sd_3_100.txt,2,132
16,1250,sd_3_100.txt,3,132
16,1250,sd_3_100.txt,4,132
16,1250,sd_3_100.txt,5,132
16,1250,sd_3_100.txt,6,131
16,1250,sd_3_100.txt,7,131
16,1250,sd_3_100.txt,8,131
16,1250,sd_3_100.txt,9,131
16,1250,sd_3_100.txt,10,131
16,1250,sd_3_100.txt,11,131
16,1250,sd_3_100.txt,12,131
16,1250,sd_3_100.txt,13,131
16,1250,sd_3_100.txt,14,130
16,1250,sd_3_100.txt,15,130
16,1250,sd_3_100.txt,16,128
16,1250,sd_3_100.txt,17,128
16,1250,sd_3_100.txt,18,128
16,1250,sd_3_100.txt,19,127
16,1250,sd_3_100.txt,20,127
16,1250,sd_3_100.txt,21,127
16,1250,sd_3_100.txt,22,125
16,1250,sd_3_100.txt,23,125
16,1250,sd_3_100.txt,24,125
16,1250,sd_3_100.txt,25,125
16,1250,sd_3_100.txt,26,125
16,1250,sd_3_100.txt,27,125
16,1250,sd_3_100.txt,28,125
16,1250,sd_3_100.txt,29,125
16,1250,sd_3_100.txt,30,124
16,1250,sd_3_100.txt,31,124
16,1250,sd_3_100.txt,32,124
16,1250,sd_3_100.txt,33,123
16,1250,sd_3_100.txt,34,123
16,1250,sd_3_100.txt,35,123
16,1250,sd_3_100.txt,36,123
16,1250,sd_3_100.txt,37,123
16,1250,sd_3_100.txt,38,123
16,1250,sd_3_100.txt,39,123
16,1250,sd_3_100.txt,40,123
16,1250,sd_3_100.txt,41,123
16,1250,sd_3_100.txt,42,123
16,1250,sd_3_100.txt,43,123
16,1250,sd_3_100.txt,44,122
16,1250,sd_3_100.txt,45,122
16,1250,sd_3_100.txt,46,122
16,1250,sd_3_100.txt,47,122
16,1250,sd_3_100.txt,48,122
16,1250,sd_3_100.txt,49,122
16,1250,sd_3_100.txt,50,122
16,1250,sd_3_100.txt,51,122
16,1250,sd_3_100.txt,52,122
16,1250,sd_3_100.txt,53,122
16,1250,sd_3_100.txt,54,122
16,1250,sd_3_100.txt,55,122
16,1250,sd_3_100.txt,56,122
16,1250,sd_3_100.txt,57,122
16,1250,sd_3_100.txt,58,122
16,1250,sd_3_100.txt,59,122
16,1250,sd_3_100.txt,60,121
16,1250,sd_3_100.txt,61,121
16,1250,sd_3_100.txt,62,121
16,1250,sd_3_100.txt,63,121
16,1250,sd_3_100.txt,64,121
16,1250,sd_3_100.txt,65,121
16,1250,sd_3_100.txt,66,121
16,1250,sd_3_100.txt,67,121
16,1250,sd_3_100.txt,68,121
16,1250,sd_3_100.txt,69,121
16,1250,sd_3_100.txt,70,121
16,1250,sd_3_100.txt,71,121
16,1250,sd_3_100.txt,72,121
16,1250,sd_3_100.txt,73,121
16,1250,sd_3_100.txt,74,121
16,1250,sd_3_100.txt,75,120
16,1250,sd_3_100.txt,76,120
16,1250,sd_3_100.txt,77,120
16,1250,sd_3_100.txt,78,120
16,1250,sd_3_100.txt,79,120
16,1250,sd_3_100.txt,80,120
16,1250,sd_3_100.txt,81,119
16,1250,sd_3_100.txt,82,119
16,1250,sd_3_100.txt,83,119
16,1250,sd_3_100.txt,84,119
16,1250,sd_3_100.txt,85,118
16,1250,sd_3_100.txt,86,118
16,1250,sd_3_100.txt,87,118
16,1250,sd_3_100.txt,88,118
16,1250,sd_3_100.txt,89,118
16,1250,sd_3_100.txt,90,118
16,1250,sd_3_100.txt,91,118
16,1250,sd_3_100.txt,92,118
16,1250,sd_3_100.txt,93,118
16,1250,sd_3_100.txt,94,118
16,1250,sd_3_100.txt,95,118
16,1250,sd_3_100.txt,96,118
16,1250,sd_3_100.txt,97,118
16,1250,sd_3_100.txt,98,118
16,1250,sd_3_100.txt,99,118
16,1250,sd_3_100.txt,100,118
16,1250,sd_3_100.txt,101,118
16,1250,sd_3_100.txt,102,118
16,1250,sd_3_100.txt,103,118
16,1250,sd_3_100.txt,104,118
16,1250,sd_3_100.txt,105,118
16,1250,sd_3_100.txt,106,118
16,1250,sd_3_100.txt,107,118
16,1250,sd_3_100.txt,108,118
16,1250,sd_3_100.txt,109,118
16,1250,sd_3_100.txt,110,118
16,1250,sd_3_100.txt,111,118
16,1250,sd_3_100.txt,112,118
16,1250,sd_3_100.txt,113,118
16,1250,sd_3_100.txt,114,118
16,1250,sd_3_100.txt,115,118
16,1250,sd_3_100.txt,116,118
16,1250,sd_3_100.txt,117,118
16,1250,sd_3_100.txt,118,118
16,1250,sd_3_100.txt,119,118
16,1250,sd_3_100.txt,120,118
16,1250,sd_3_100.txt,121,118
16,1250,sd_3_100.txt,122,118
16,1250,sd_3_100.txt,123,118
16,1250,sd_3_100.txt,124,118
16,1250,sd_3_100.txt,125,118
16,1250,sd_3_100.txt,126,118
16,1250,sd_3_100.txt,127,118
16,1250,sd_3_100.txt,128,118
16,1250,sd_3_100.txt,129,118
16,1250,sd_3_100.txt,130,118
16,1250,sd_3_100.txt,131,118
16,1250,sd_3_100.txt,132,118
16,1250,sd_3_100.txt,133,118
16,1250,sd_3_100.txt,134,118
16,1250,sd_3_100.txt,135,118
16,1250,sd_3_100.txt,136,118
16,1250,sd_3_100.txt,137,118
16,1250,sd_3_100.txt,138,118
16,1250,sd_3_100.txt,139,118
16,1250,sd_3_100.txt,140,118
16,1250,sd_3_100.txt,141,118
16,1250,sd_3_100.txt,142,118
16,1250,sd_3_100.txt,143,118
16,1250,sd_3_100.txt,144,118
16,1250,sd_3_100.txt,145,118
16,1250,sd_3_100.txt,146,118
16,1250,sd_3_100.txt,147,118
16,1250,sd_3_100.txt,148,118
16,1250,sd_3_100.txt,149,118
16,1250,sd_3_100.txt,150,118
16,1250,sd_3_100.txt,151,118
16,1250,sd_3_100.txt,152,118
16,1250,sd_3_100.txt,153,118
16,1250,sd_3_100.txt,154,118
16,1250,sd_3_100.txt,155,118
16,1250,sd_3_100.txt,156,118
16,1250,sd_3_100.txt,157,118
16,1250,sd_3_100.txt,158,118
16,1250,sd_3_100.txt,159,118
16,1250,sd_3_100.txt,160,118
16,1250,sd_3_100.txt,161,118
16,1250,sd_3_100.txt,162,118
16,1250,sd_3_100.txt,163,118
16,1250,sd_3_100.txt,164,118
16,1250,sd_3_100.txt,165,118
16,1250,sd_3_100.txt,166,118
16,1250,sd_3_100.txt,167,118
16,1250,sd_3_100.txt,168,118
16,1250,sd_3_100.txt,169,118
16,1250,sd_3_100.txt,170,118
16,1250,sd_3_100.txt,171,118
16,1250,sd_3_100.txt,172,118
16,1250,sd_3_100.txt,173,118
16,1250,sd_3_100.txt,174,118
16,1250,sd_3_100.txt,175,118
16,1250,sd_3_100.txt,176,118
16,1250,sd_3_100.txt,177,118
16,1250,sd_3_100.txt,178,118
16,1250,sd_3_100.txt,179,118
16,1250,sd_3_100.txt,180,118
16,1250,sd_3_100.txt,181,118
16,1250,sd_3_100.txt,182,118
16,1250,sd_3_100.txt,183,118
16,1250,sd_3_100.txt,184,118
16,1250,sd_3_100.txt,185,118
17,1251,sd_3_100.txt,1,137
17,1251,sd_3_100.txt,2,134
17,1251,sd_3_100.txt,3,134
17,1251,sd_3_100.txt,4,132
17,1251,sd_3_100.txt,5,132
17,1251,sd_3_100.txt,6,132
17,1251,sd_3_100.txt,7,128
17,1251,sd_3_100.txt,8,128
17,1251,sd_3_100.txt,9,128
17,1251,sd_3_100.txt,10,126
17,1251,sd_3_100.txt,11,126
17,1251,sd_3_100.txt,12,126
17,1251,sd_3_100.txt,13,126
17,1251,sd_3_100.txt,14,126
17,1251,sd_3_100.txt,15,126
17,1251,sd_3_100.txt,16,126
17,1251,sd_3_100.txt,17,126
17,1251,sd_3_100.txt,18,126
17,1251,sd_3_100.txt,19,126
17,1251,sd_3_100.txt,20,126
17,1251,sd_3_100.txt,21,126
17,1251,sd_3_100.txt,22,125
17,1251,sd_3_100.txt,23,125
17,1251,sd_3_100.txt,24,125
17,1251,sd_3_100.txt,25,125
17,1251,sd_3_100.txt,26,125
17,1251,sd_3_100.txt,27,125
17,1251,sd_3_100.txt,28,125
17,1251,sd_3_100.txt,29,125
17,1251,sd_3_100.txt,30,125
17,1251,sd_3_100.txt,31,125
17,1251,sd_3_100.txt,32,125
17,1251,sd_3_100.txt,33,125
17,1251,sd_3_100.txt,34,125
17,1251,sd_3_100.txt,35,125
17,1251,sd_3_100.txt,36,125
17,1251,sd_3_100.txt,37,125
17,1251,sd_3_100.txt,38,125
17,1251,sd_3_100.txt,39,125
17,1251,sd_3_100.txt,40,125
17,1251,sd_3_100.txt,41,125
17,1251,sd_3_100.txt,42,125
17,1251,sd_3_100.txt,43,125
17,1251,sd_3_100.txt,44,125
17,1251,sd_3_100.txt,45,125
17,1251,sd_3_100.txt,46,125
17,1251,sd_3_100.txt,47,125
17,1251,sd_3_100.txt,48,125
17,1251,sd_3_100.txt,49,125
17,1251,sd_3_100.txt,50,124
17,1251,sd_3_100.txt,51,124
17,1251,sd_3_100.txt,52,124
17,1251,sd_3_100.txt,53,123
17,1251,sd_3_100.txt,54,123
17,1251,sd_3_100.txt,55,123
17,1251,sd_3_100.txt,56,123
17,1251,sd_3_100.txt,57,123
17,1251,sd_3_100.txt,58,123
17,1251,sd_3_100.txt,59,123
17,1251,sd_3_100.txt,60,123
17,1251,sd_3_100.txt,61,123
17,1251,sd_3_100.txt,62,123
17,1251,sd_3_100.txt,63,123
17,1251,sd_3_100.txt,64,123
17,1251,sd_3_100.txt,65,123
17,1251,sd_3_100.txt,66,123
17,1251,sd_3_100.txt,67,123
17,1251,sd_3_100.txt,68,123
17,1251,sd_3_100.txt,69,123
17,1251,sd_3_100.txt,70,123
17,1251,sd_3_100.txt,71,123
17,1251,sd_3_100.txt,72,123
17,1251,sd_3_100.txt,73,123
17,1251,sd_3_100.txt,74,123
17,1251,sd_3_100.txt,75,123
17,1251,sd_3_100.txt,76,123
17,1251,sd_3_100.txt,77,123
17,1251,sd_3_100.txt,78,123
17,1251,sd_3_100.txt,79,122
17,1251,sd_3_100.txt,80,122
17,1251,sd_3_100.txt,81,122
17,1251,sd_3_100.txt,82,122
17,1251,sd_3_100.txt,83,122
17,1251,sd_3_100.txt,84,122
17,1251,sd_3_100.txt,85,122
17,1251,sd_3_100.txt,86,122
17,1251,sd_3_100.txt,87,122
17,1251,sd_3_100.txt,88,122
17,1251,sd_3_100.txt,89,122
17,1251,sd_3_100.txt,90,122
17,1251,sd_3_100.txt,91,122
17,1251,sd_3_100.txt,92,122
17,1251,sd_3_100.txt,93,122
17,1251,sd_3_100.txt,94,122
17,1251,sd_3_100.txt,95,122
17,1251,sd_3_100.txt,96,122
17,1251,sd_3_100.txt,97,122
17,1251,sd_3_100.txt,98,122
17,1251,sd_3_100.txt,99,122
17,1251,sd_3_100.txt,100,122
17,1251,sd_3_100.txt,101,122
17,1251,sd_3_100.txt,102,122
17,1251,sd_3_100.txt,103,122
17,1251,sd_3_100.txt,104,122
17,1251,sd_3_100.txt,105,122
17,1251,sd_3_100.txt,106,122
17,1251,sd_3_100.txt,107,122
17,1251,sd_3_100.txt,108,122
17,1251,sd_3_100.txt,109,122
17,1251,sd_3_100.txt,110,122
17,1251,sd_3_100.txt,111,122
17,1251,sd_3_100.txt,112,122
17,1251,sd_3_100.txt,113,122
17,1251,sd_3_100.txt,114,122
17,1251,sd_3_100.txt,115,121
17,1251,sd_3_100.txt,116,121
17,1251,sd_3_100.txt,117,121
17,1251,sd_3_100.txt,118,121
17,1251,sd_3_100.txt,119,121
17,1251,sd_3_100.txt,120,121
17,1251,sd_3_100.txt,121,121
17,1251,sd_3_100.txt,122,121
17,1251,sd_3_100.txt,123,121
17,1251,sd_3_100.txt,124,121
17,1251,sd_3_100.txt,125,121
17,1251,sd_3_100.txt,126,121
17,1251,sd_3_100.txt,127,121
17,1251,sd_3_100.txt,128,121
17,1251,sd_3_100.txt,129,121
17,1251,sd_3_100.txt,130,121
17,1251,sd_3_100.txt,131,121
17,1251,sd_3_100.txt,132,121
17,1251,sd_3_100.txt,133,121
17,1251,sd_3_100.txt,134,121
17,1251,sd_3_100.txt,135,121
17,1251,sd_3_100.txt,136,121
17,1251,sd_3_100.txt,137,121
17,1251,sd_3_100.txt,138,121
17,1251,sd_3_100.txt,139,121
17,1251,sd_3_100.txt,140,121
17,1251,sd_3_100.txt,141,121
17,1251,sd_3_100.txt,142,121
17,1251,sd_3_100.txt,143,121
17,1251,sd_3_100.txt,144,121
17,1251,sd_3_100.txt,145,121
17,1251,sd_3_100.txt,146,121
17,1251,sd_3_100.txt,147,121
17,1251,sd_3_100.txt,148,121
17,1251,sd_3_100.txt,149,121
17,1251,sd_3_100.txt,150,121
17,1251,sd_3_100.txt,151,121
17,1251,sd_3_100.txt,152,121
17,1251,sd_3_100.txt,153,121
17,1251,sd_3_100.txt,154,121
17,1251,sd_3_100.txt,155,121
17,1251,sd_3_100.txt,156,121
17,1251,sd_3_100.txt,157,121
17,1251,sd_3_100.txt,158,121
17,1251,sd_3_100.txt,159,121
17,1251,sd_3_100.txt,160,121
17,1251,sd_3_100.txt,161,121
17,1251,sd_3_100.txt,162,121
17,1251,sd_3_100.txt,163,121
17,1251,sd_3_100.txt,164,121
17,1251,sd_3_100.txt,165,121
17,1251,sd_3_100.txt,166,121
17,1251,sd_3_100.txt,167,121
17,1251,sd_3_100.txt,168,121
17,1251,sd_3_100.txt,169,121
17,1251,sd_3_100.txt,170,121
17,1251,sd_3_100.txt,171,121
17,1251,sd_3_100.txt,172,121
17,1251,sd_3_100.txt,173,121
17,1251,sd_3_100.txt,174,121
17,1251,sd_3_100.txt,175,121
17,1251,sd_3_100.txt,176,121
17,1251,sd_3_100.txt,177,121
17,1251,sd_3_100.txt,178,121
17,1251,sd_3_100.txt,179,121
17,1251,sd_3_100.txt,180,121
17,1251,sd_3_100.txt,181,121
17,1251,sd_3_100.txt,182,121
17,1251,sd_3_100.txt,183,120
17,1251,sd_3_100.txt,184,120
17,1251,sd_3_100.txt,185,120
17,1251,sd_3_100.txt,186,120
17,1251,sd_3_100.txt,187,120
17,1251,sd_3_100.txt,188,120
17,1251,sd_3_100.txt,189,120
17,1251,sd_3_100.txt,190,120
17,1251,sd_3_100.txt,191,120
17,1251,sd_3_100.txt,192,120
17,1251,sd_3_100.txt,193,120
17,1251,sd_3_100.txt,194,120
17,1251,sd_3_100.txt,195,120
17,1251,sd_3_100.txt,196,120
17,1251,sd_3_100.txt,197,120
17,1251,sd_3_100.txt,198,120
17,1251,sd_3_100.txt,199,120
17,1251,sd_3_100.txt,200,120
18,1252,sd_3_100.txt,1,136
18,1252,sd_3_100.txt,2,135
18,1252,sd_3_100.txt,3,133
18,1252,sd_3_100.txt,4,133
18,1252,sd_3_100.txt,5,133
18,1252,sd_3_100.txt,6,133
18,1252,sd_3_100.txt,7,131
18,1252,sd_3_100.txt,8,131
18,1252,sd_3_100.txt,9,131
18,1252,sd_3_100.txt,10,131
18,1252,sd_3_100.txt,11,131
18,1252,sd_3_100.txt,12,130
18,1252,sd_3_100.txt,13,126
18,1252,sd_3_100.txt,14,126
18,1252,sd_3_100.txt,15,126
18,1252,sd_3_100.txt,16,126
18,1252,sd_3_100.txt,17,125
18,1252,sd_3_100.txt,18,123
18,1252,sd_3_100.txt,19,123
18,1252,sd_3_100.txt,20,123
18,1252,sd_3_100.txt,21,122
18,1252,sd_3_100.txt,22,122
18,1252,sd_3_100.txt,23,119
18,1252,sd_3_100.txt,24,119
18,1252,sd_3_100.txt,25,119
18,1252,sd_3_100.txt,26,119
18,1252,sd_3_100.txt,27,119
18,1252,sd_3_100.txt,28,119
18,1252,sd_3_100.txt,29,119
18,1252,sd_3_100.txt,30,118
18,1252,sd_3_100.txt,31,118
18,1252,sd_3_100.txt,32,118
18,1252,sd_3_100.txt,33,118
18,1252,sd_3_100.txt,34,118
18,1252,sd_3_100.txt,35,117
18,1252,sd_3_100.txt,36,117
18,1252,sd_3_100.txt,37,116
18,1252,sd_3_100.txt,38,116
18,1252,sd_3_100.txt,39,116
18,1252,sd_3_100.txt,40,116
18,1252,sd_3_100.txt,41,116
18,1252,sd_3_100.txt,42,116
18,1252,sd_3_100.txt,43,116
18,1252,sd_3_100.txt,44,115
18,1252,sd_3_100.txt,45,115
18,1252,sd_3_100.txt,46,115
18,1252,sd_3_100.txt,47,115
18,1252,sd_3_100.txt,48,114
18,1252,sd_3_100.txt,49,114
18,1252,sd_3_100.txt,50,114
18,1252,sd_3_100.txt,51,114
18,1252,sd_3_100.txt,52,114
18,1252,sd_3_100.txt,53,114
18,1252,sd_3_100.txt,54,114
18,1252,sd_3_100.txt,55,114
18,1252,sd_3_100.txt,56,114
18,1252,sd_3_100.txt,57,114
18,1252,sd_3_100.txt,58,114
18,1252,sd_3_100.txt,59,114
18,1252,sd_3_100.txt,60,114
18,1252,sd_3_100.txt,61,114
18,1252,sd_3_100.txt,62,113
18,1252,sd_3_100.txt,63,113
18,1252,sd_3_100.txt,64,113
18,1252,sd_3_100.txt,65,113
18,1252,sd_3_100.txt,66,113
18,1252,sd_3_100.txt,67,113
18,1252,sd_3_100.txt,68,113
18,1252,sd_3_100.txt,69,113
18,1252,sd_3_100.txt,70,113
18,1252,sd_3_100.txt,71,113
18,1252,sd_3_100.txt,72,113
18,1252,sd_3_100.txt,73,113
18,1252,sd_3_100.txt,74,113
18,1252,sd_3_100.txt,75,113
18,1252,sd_3_100.txt,76,113
18,1252,sd_3_100.txt,77,113
18,1252,sd_3_100.txt,78,113
18,1252,sd_3_100.txt,79,113
18,1252,sd_3_100.txt,80,113
18,1252,sd_3_100.txt,81,113
18,1252,sd_3_100.txt,82,113
18,1252,sd_3_100.txt,83,113
18,1252,sd_3_100.txt,84,113
18,1252,sd_3_100.txt,85,113
18,1252,sd_3_100.txt,86,113
18,1252,sd_3_100.txt,87,113
18,1252,sd_3_100.txt,88,113
18,1252,sd_3_100.txt,89,113
18,1252,sd_3_100.txt,90,113
18,1252,sd_3_100.txt,91,113
18,1252,sd_3_100.txt,92,113
18,1252,sd_3_100.txt,93,113
18,1252,sd_3_100.txt,94,113
18,1252,sd_3_100.txt,95,113
18,1252,sd_3_100.txt,96,113
18,1252,sd_3_100.txt,97,113
18,1252,sd_3_100.txt,98,112
18,1252,sd_3_100.txt,99,112
18,1252,sd_3_100.txt,100,112
18,1252,sd_3_100.txt,101,112
18,1252,sd_3_100.txt,102,112
18,1252,sd_3_100.txt,103,112
18,1252,sd_3_100.txt,104,112
18,1252,sd_3_100.txt,105,112
18,1252,sd_3_100.txt,106,112
18,1252,sd_3_100.txt,107,112
18,1252,sd_3_100.txt,108,112
18,1252,sd_3_100.txt,109,112
18,1252,sd_3_100.txt,110,112
18,1252,sd_3_100.txt,111,112
18,1252,sd_3_100.txt,112,112
18,1252,sd_3_100.txt,113,112
18,1252,sd_3_100.txt,114,112
18,1252,sd_3_100.txt,115,112
18,1252,sd_3_100.txt,116,112
18,1252,sd_3_100.txt,117,112
18,1252,sd_3_100.txt,118,112
18,1252,sd_3_100.txt,119,112
18,1252,sd_3_100.txt,120,112
18,1252,sd_3_100.txt,121,112
18,1252,sd_3_100.txt,122,112
18,1252,sd_3_100.txt,123,112
18,1252,sd_3_100.txt,124,112
18,1252,sd_3_100.txt,125,112
18,1252,sd_3_100.txt,126,112
18,1252,sd_3_100.txt,127,112
18,1252,sd_3_100.txt,128,112
18,1252,sd_3_100.txt,129,112
18,1252,sd_3_100.txt,130,112
18,1252,sd_3_100.txt,131,112
18,1252,sd_3_100.txt,132,112
18,1252,sd_3_100.txt,133,112
18,1252,sd_3_100.txt,134,112
18,1252,sd_3_100.txt,135,112
18,1252,sd_3_100.txt,136,112
18,1252,sd_3_100.txt,137,112
18,1252,sd_3_100.txt,138,112
18,1252,sd_3_100.txt,139,112
18,1252,sd_3_100.txt,140,112
18,1252,sd_3_100.txt,141,112
18,1252,sd_3_100.txt,142,112
18,1252,sd_3_100.txt,143,112
18,1252,sd_3_100.txt,144,112
18,1252,sd_3_100.txt,145,112
18,1252,sd_3_100.txt,146,112
18,1252,sd_3_100.txt,147,112
18,1252,sd_3_100.txt,148,112
18,1252,sd_3_100.txt,149,112
18,1252,sd_3_100.txt,150,112
18,1252,sd_3_100.txt,151,112
18,1252,sd_3_100.txt,152,112
18,1252,sd_3_100.txt,153,112
18,1252,sd_3_100.txt,154,112
18,1252,sd_3_100.txt,155,112
18,1252,sd_3_100.txt,156,112
18,1252,sd_3_100.txt,157,112
18,1252,sd_3_100.txt,158,112
18,1252,sd_3_100.txt,159,112
18,1252,sd_3_100.txt,160,112
18,1252,sd_3_100.txt,161,112
18,1252,sd_3_100.txt,162,112
18,1252,sd_3_100.txt,163,112
18,1252,sd_3_100.txt,164,112
18,1252,sd_3_100.txt,165,112
18,1252,sd_3_100.txt,166,112
18,1252,sd_3_100.txt,167,112
18,1252,sd_3_100.txt,168,112
18,1252,sd_3_100.txt,169,112
18,1252,sd_3_100.txt,170,112
18,1252,sd_3_100.txt,171,112
18,1252,sd_3_100.txt,172,112
18,1252,sd_3_100.txt,173,112
18,1252,sd_3_100.txt,174,112
18,1252,sd_3_100.txt,175,112
18,1252,sd_3_100.txt,176,112
18,1252,sd_3_100.txt,177,112
18,1252,sd_3_100.txt,178,112
18,1252,sd_3_100.txt,179,112
18,1252,sd_3_100.txt,180,112
18,1252,sd_3_100.txt,181,112
18,1252,sd_3_100.txt,182,112
18,1252,sd_3_100.txt,183,112
18,1252,sd_3_100.txt,184,112
18,1252,sd_3_100.txt,185,112
18,1252,sd_3_100.txt,186,112
18,1252,sd_3_100.txt,187,112
18,1252,sd_3_100.txt,188,112
18,1252,sd_3_100.txt,189,112
18,1252,sd_3_100.txt,190,112
18,1252,sd_3_100.txt,191,112
18,1252,sd_3_100.txt,192,112
18,1252,sd_3_100.txt,193,112
18,1252,sd_3_100.txt,194,112
18,1252,sd_3_100.txt,195,112
18,1252,sd_3_100.txt,196,112
18,1252,sd_3_100.txt,197,112
18,1252,sd_3_100.txt,198,112
19,1253,sd_3_100.txt,1,139
19,1253,sd_3_100.txt,2,135
19,1253,sd_3_100.txt,3,135
19,1253,sd_3_100.txt,4,133
19,1253,sd_3_100.txt,5,133
19,1253,sd_3_100.txt,6,133
19,1253,sd_3_100.txt,7,132
19,1253,sd_3_100.txt,8,132
19,1253,sd_3_100.txt,9,131
19,1253,sd_3_100.txt,10,128
19,1253,sd_3_100.txt,11,128
19,1253,sd_3_100.txt,12,123
19,1253,sd_3_100.txt,13,123
19,1253,sd_3_100.txt,14,123
19,1253,sd_3_100.txt,15,123
19,1253,sd_3_100.txt,16,123
19,1253,sd_3_100.txt,17,123
19,1253,sd_3_100.txt,18,123
19,1253,sd_3_100.txt,19,123
19,1253,sd_3_100.txt,20,122
19,1253,sd_3_100.txt,21,122
19,1253,sd_3_100.txt,22,122
19,1253,sd_3_100.txt,23,122
19,1253,sd_3_100.txt,24,122
19,1253,sd_3_100.txt,25,121
19,1253,sd_3_100.txt,26,121
19,1253,sd_3_100.txt,27,121
19,1253,sd_3_100.txt,28,121
19,1253,sd_3_100.txt,29,121
19,1253,sd_3_100.txt,30,121
19,1253,sd_3_100.txt,31,120
19,1253,sd_3_100.txt,32,120
19,1253,sd_3_100.txt,33,120
19,1253,sd_3_100.txt,34,120
19,1253,sd_3_100.txt,35,120
19,1253,sd_3_100.txt,36,120
19,1253,sd_3_100.txt,37,120
19,1253,sd_3_100.txt,38,120
19,1253,sd_3_100.txt,39,119
19,1253,sd_3_100.txt,40,119
19,1253,sd_3_100.txt,41,119
19,1253,sd_3_100.txt,42,119
19,1253,sd_3_100.txt,43,119
19,1253,sd_3_100.txt,44,119
19,1253,sd_3_100.txt,45,119
19,1253,sd_3_100.txt,46,119
19,1253,sd_3_100.txt,47,119
19,1253,sd_3_100.txt,48,118
19,1253,sd_3_100.txt,49,118
19,1253,sd_3_100.txt,50,118
19,1253,sd_3_100.txt,51,118
19,1253,sd_3_100.txt,52,118
19,1253,sd_3_100.txt,53,118
19,1253,sd_3_100.txt,54,118
19,1253,sd_3_100.txt,55,117
19,1253,sd_3_100.txt,56,117
19,1253,sd_3_100.txt,57,117
19,1253,sd_3_100.txt,58,117
19,1253,sd_3_100.txt,59,117
19,1253,sd_3_100.txt,60,117
19,1253,sd_3_100.txt,61,117
19,1253,sd_3_100.txt,62,117
19,1253,sd_3_100.txt,63,116
19,1253,sd_3_100.txt,64,116
19,1253,sd_3_100.txt,65,116
19,1253,sd_3_100.txt,66,116
19,1253,sd_3_100.txt,67,116
19,1253,sd_3_100.txt,68,116
19,1253,sd_3_100.txt,69,116
19,1253,sd_3_100.txt,70,116
19,1253,sd_3_100.txt,71,116
19,1253,sd_3_100.txt,72,116
19,1253,sd_3_100.txt,73,116
19,1253,sd_3_100.txt,74,116
19,1253,sd_3_100.txt,75,116
19,1253,sd_3_100.txt,76,116
19,1253,sd_3_100.txt,77,115
19,1253,sd_3_100.txt,78,115
19,1253,sd_3_100.txt,79,115
19,1253,sd_3_100.txt,80,115
19,1253,sd_3_100.txt,81,115
19,1253,sd_3_100.txt,82,115
19,1253,sd_3_100.txt,83,115
19,1253,sd_3_100.txt,84,115
19,1253,sd_3_100.txt,85,115
19,1253,sd_3_100.txt,86,114
19,1253,sd_3_100.txt,87,114
19,1253,sd_3_100.txt,88,114
19,1253,sd_3_100.txt,89,114
19,1253,sd_3_100.txt,90,114
19,1253,sd_3_100.txt,91,114
19,1253,sd_3_100.txt,92,114
19,1253,sd_3_100.txt,93,113
19,1253,sd_3_100.txt,94,113
19,1253,sd_3_100.txt,95,113
19,1253,sd_3_100.txt,96,113
19,1253,sd_3_100.txt,97,113
19,1253,sd_3_100.txt,98,113
19,1253,sd_3_100.txt,99,113
19,1253,sd_3_100.txt,100,113
19,1253,sd_3_100.txt,101,113
19,1253,sd_3_100.txt,102,113
19,1253,sd_3_100.txt,103,113
19,1253,sd_3_100.txt,104,113
19,1253,sd_3_100.txt,105,113
19,1253,sd_3_100.txt,106,113
19,1253,sd_3_100.txt,107,113
19,1253,sd_3_100.txt,108,113
19,1253,sd_3_100.txt,109,113
19,1253,sd_3_100.txt,110,113
19,1253,sd_3_100.txt,111,113
19,1253,sd_3_100.txt,112,113
19,1253,sd_3_100.txt,113,113
19,1253,sd_3_100.txt,114,113
19,1253,sd_3_100.txt,115,113
19,1253,sd_3_100.txt,116,113
19,1253,sd_3_100.txt,117,113
19,1253,sd_3_100.txt,118,113
19,1253,sd_3_100.txt,119,113
19,1253,sd_3_100.txt,120,113
19,1253,sd_3_100.txt,121,113
19,1253,sd_3_100.txt,122,113
19,1253,sd_3_100.txt,123,113
19,1253,sd_3_100.txt,124,113
19,1253,sd_3_100.txt,125,113
19,1253,sd_3_100.txt,126,113
19,1253,sd_3_100.txt,127,112
19,1253,sd_3_100.txt,128,112
19,1253,sd_3_100.txt,129,112
19,1253,sd_3_100.txt,130,112
19,1253,sd_3_100.txt,131,112
19,1253,sd_3_100.txt,132,112
19,1253,sd_3_100.txt,133,112
19,1253,sd_3_100.txt,134,112
19,1253,sd_3_100.txt,135,112
19,1253,sd_3_100.txt,136,112
19,1253,sd_3_100.txt,137,112
19,1253,sd_3_100.txt,138,112
19,1253,sd_3_100.txt,139,112
19,1253,sd_3_100.txt,140,112
19,1253,sd_3_100.txt,141,112
19,1253,sd_3_100.txt,142,112
19,1253,sd_3_100.txt,143,112
19,1253,sd_3_100.txt,144,112
19,1253,sd_3_100.txt,145,112
19,1253,sd_3_100.txt,146,112
19,1253,sd_3_100.txt,147,112
19,1253,sd_3_100.txt,148,112
19,1253,sd_3_100.txt,149,112
19,1253,sd_3_100.txt,150,112
19,1253,sd_3_100.txt,151,112
19,1253,sd_3_100.txt,152,112
19,1253,sd_3_100.txt,153,112
19,1253,sd_3_100.txt,154,112
19,1253,sd_3_100.txt,155,112
19,1253,sd_3_100.txt,156,112
19,1253,sd_3_100.txt,157,112
19,1253,sd_3_100.txt,158,112
19,1253,sd_3_100.txt,159,112
19,1253,sd_3_100.txt,160,112
19,1253,sd_3_100.txt,161,112
19,1253,sd_3_100.txt,162,112
19,1253,sd_3_100.txt,163,112
19,1253,sd_3_100.txt,164,112
19,1253,sd_3_100.txt,165,112
19,1253,sd_3_100.txt,166,112
19,1253,sd_3_100.txt,167,112
19,1253,sd_3_100.txt,168,112
19,1253,sd_3_100.txt,169,112
19,1253,sd_3_100.txt,170,112
19,1253,sd_3_100.txt,171,112
19,1253,sd_3_100.txt,172,112
19,1253,sd_3_100.txt,173,112
19,1253,sd_3_100.txt,174,112
19,1253,sd_3_100.txt,175,112
19,1253,sd_3_100.txt,176,112
19,1253,sd_3_100.txt,177,112
19,1253,sd_3_100.txt,178,112
19,1253,sd_3_100.txt,179,112
19,1253,sd_3_100.txt,180,112
19,1253,sd_3_100.txt,181,112
19,1253,sd_3_100.txt,182,112
19,1253,sd_3_100.txt,183,112
19,1253,sd_3_100.txt,184,112
19,1253,sd_3_100.txt,185,112
19,1253,sd_3_100.txt,186,112
19,1253,sd_3_100.txt,187,112
19,1253,sd_3_100.txt,188,112
19,1253,sd_3_100.txt,189,112
19,1253,sd_3_100.txt,190,112
19,1253,sd_3_100.txt,191,112
19,1253,sd_3_100.txt,192,112
19,1253,sd_3_100.txt,193,112
19,1253,sd_3_100.txt,194,112
19,1253,sd_3_100.txt,195,112
19,1253,sd_3_100.txt,196,112
19,1253,sd_3_100.txt,197,112
19,1253,sd_3_100.txt,198,112
19,1253,sd_3_100.txt,199,112
19,1253,sd_3_100.txt,200,112
20,1254,sd_3_100.txt,1,137
20,1254,sd_3_100.txt,2,135
20,1254,sd_3_100.txt,3,135
20,1254,sd_3_100.txt,4,135
20,1254,sd_3_100.txt,5,135
20,1254,sd_3_100.txt,6,135
20,1254,sd_3_100.txt,7,133
20,1254,sd_3_100.txt,8,133
20,1254,sd_3_100.txt,9,131
20,1254,sd_3_100.txt,10,131
20,1254,sd_3_100.txt,11,131
20,1254,sd_3_100.txt,12,131
20,1254,sd_3_100.txt,13,129
20,1254,sd_3_100.txt,14,129
20,1254,sd_3_100.txt,15,129
20,1254,sd_3_100.txt,16,128
20,1254,sd_3_100.txt,17,128
20,1254,sd_3_100.txt,18,128
20,1254,sd_3_100.txt,19,127
20,1254,sd_3_100.txt,20,127
20,1254,sd_3_100.txt,21,127
20,1254,sd_3_100.txt,22,125
20,1254,sd_3_100.txt,23,125
20,1254,sd_3_100.txt,24,125
20,1254,sd_3_100.txt,25,125
20,1254,sd_3_100.txt,26,125
20,1254,sd_3_100.txt,27,125
20,1254,sd_3_100.txt,28,125
20,1254,sd_3_100.txt,29,125
20,1254,sd_3_100.txt,30,125
20,1254,sd_3_100.txt,31,125
20,1254,sd_3_100.txt,32,125
20,1254,sd_3_100.txt,33,125
20,1254,sd_3_100.txt,34,124
20,1254,sd_3_100.txt,35,124
20,1254,sd_3_100.txt,36,124
20,1254,sd_3_100.txt,37,123
20,1254,sd_3_100.txt,38,123
20,1254,sd_3_100.txt,39,123
20,1254,sd_3_100.txt,40,123
20,1254,sd_3_100.txt,41,123
20,1254,sd_3_100.txt,42,123
20,1254,sd_3_100.txt,43,123
20,1254,sd_3_100.txt,44,123
20,1254,sd_3_100.txt,45,122
20,1254,sd_3_100.txt,46,122
20,1254,sd_3_100.txt,47,122
20,1254,sd_3_100.txt,48,122
20,1254,sd_3_100.txt,49,122
20,1254,sd_3_100.txt,50,122
20,1254,sd_3_100.txt,51,121
20,1254,sd_3_100.txt,52,121
20,1254,sd_3_100.txt,53,121
20,1254,sd_3_100.txt,54,121
20,1254,sd_3_100.txt,55,121
20,1254,sd_3_100.txt,56,120
20,1254,sd_3_100.txt,57,120
20,1254,sd_3_100.txt,58,120
20,1254,sd_3_100.txt,59,120
20,1254,sd_3_100.txt,60,120
20,1254,sd_3_100.txt,61,120
20,1254,sd_3_100.txt,62,120
20,1254,sd_3_100.txt,63,120
20,1254,sd_3_100.txt,64,120
20,1254,sd_3_100.txt,65,120
20,1254,sd_3_100.txt,66,119
20,1254,sd_3_100.txt,67,119
20,1254,sd_3_100.txt,68,119
20,1254,sd_3_100.txt,69,119
20,1254,sd_3_100.txt,70,119
20,1254,sd_3_100.txt,71,119
20,1254,sd_3_100.txt,72,119
20,1254,sd_3_100.txt,73,119
20,1254,sd_3_100.txt,74,119
20,1254,sd_3_100.txt,75,119
20,1254,sd_3_100.txt,76,118
20,1254,sd_3_100.txt,77,118
20,1254,sd_3_100.txt,78,118
20,1254,sd_3_100.txt,79,118
20,1254,sd_3_100.txt,80,118
20,1254,sd_3_100.txt,81,118
20,1254,sd_3_100.txt,82,118
20,1254,sd_3_100.txt,83,117
20,1254,sd_3_100.txt,84,117
20,1254,sd_3_100.txt,85,117
20,1254,sd_3_100.txt,86,117
20,1254,sd_3_100.txt,87,117
20,1254,sd_3_100.txt,88,117
20,1254,sd_3_100.txt,89,116
20,1254,sd_3_100.txt,90,116
20,1254,sd_3_100.txt,91,116
20,1254,sd_3_100.txt,92,116
20,1254,sd_3_100.txt,93,116
20,1254,sd_3_100.txt,94,116
20,1254,sd_3_100.txt,95,116
20,1254,sd_3_100.txt,96,116
20,1254,sd_3_100.txt,97,116
20,1254,sd_3_100.txt,98,116
20,1254,sd_3_100.txt,99,116
20,1254,sd_3_100.txt,100,116
20,1254,sd_3_100.txt,101,116
20,1254,sd_3_100.txt,102,116
20,1254,sd_3_100.txt,103,116
20,1254,sd_3_100.txt,104,116
20,1254,sd_3_100.txt,105,116
20,1254,sd_3_100.txt,106,116
20,1254,sd_3_100.txt,107,116
20,1254,sd_3_100.txt,108,115
20,1254,sd_3_100.txt,109,115
20,1254,sd_3_100.txt,110,115
20,1254,sd_3_100.txt,111,115
20,1254,sd_3_100.txt,112,115
20,1254,sd_3_100.txt,113,115
20,1254,sd_3_100.txt,114,115
20,1254,sd_3_100.txt,115,115
20,1254,sd_3_100.txt,116,115
20,1254,sd_3_100.txt,117,115
20,1254,sd_3_100.txt,118,115
20,1254,sd_3_100.txt,119,115
20,1254,sd_3_100.txt,120,115
20,1254,sd_3_100.txt,121,115
20,1254,sd_3_100.txt,122,115
20,1254,sd_3_100.txt,123,115
20,1254,sd_3_100.txt,124,115
20,1254,sd_3_100.txt,125,115
20,1254,sd_3_100.txt,126,115
20,1254,sd_3_100.txt,127,115
20,1254,sd_3_100.txt,128,115
20,1254,sd_3_100.txt,129,115
20,1254,sd_3_100.txt,130,115
20,1254,sd_3_100.txt,131,115
20,1254,sd_3_100.txt,132,115
20,1254,sd_3_100.txt,133,115
20,1254,sd_3_100.txt,134,115
20,1254,sd_3_100.txt,135,115
20,1254,sd_3_100.txt,136,115
20,1254,sd_3_100.txt,137,115
20,1254,sd_3_100.txt,138,115
20,1254,sd_3_100.txt,139,115
20,1254,sd_3_100.txt,140,115
20,1254,sd_3_100.txt,141,115
20,1254,sd_3_100.txt,142,115
20,1254,sd_3_100.txt,143,115
20,1254,sd_3_100.txt,144,115
20,1254,sd_3_100.txt,145,115
20,1254,sd_3_100.txt,146,115
20,1254,sd_3_100.txt,147,115
20,1254,sd_3_100.txt,148,115
20,1254,sd_3_100.txt,149,115
20,1254,sd_3_100.txt,150,115
20,1254,sd_3_100.txt,151,115
20,1254,sd_3_100.txt,152,115
20,1254,sd_3_100.txt,153,115
20,1254,sd_3_100.txt,154,115
20,1254,sd_3_100.txt,155,115
20,1254,sd_3_100.txt,156,115
20,1254,sd_3_100.txt,157,115
20,1254,sd_3_100.txt,158,115
20,1254,sd_3_100.txt,159,115
20,1254,sd_3_100.txt,160,115
20,1254,sd_3_100.txt,161,115
20,1254,sd_3_100.txt,162,115
20,1254,sd_3_100.txt,163,115
20,1254,sd_3_100.txt,164,115
20,1254,sd_3_100.txt,165,115
20,1254,sd_3_100.txt,166,115
20,1254,sd_3_100.txt,167,115
20,1254,sd_3_100.txt,168,115
20,1254,sd_3_100.txt,169,115
20,1254,sd_3_100.txt,170,115
20,1254,sd_3_100.txt,171,115
20,1254,sd_3_100.txt,172,115
20,1254,sd_3_100.txt,173,115
20,1254,sd_3_100.txt,174,115
20,1254,sd_3_100.txt,175,115
20,1254,sd_3_100.txt,176,115
20,1254,sd_3_100.txt,177,115
20,1254,sd_3_100.txt,178,115
20,1254,sd_3_100.txt,179,115
20,1254,sd_3_100.txt,180,115
20,1254,sd_3_100.txt,181,115
20,1254,sd_3_100.txt,182,115
20,1254,sd_3_100.txt,183,115
20,1254,sd_3_100.txt,184,115
20,1254,sd_3_100.txt,185,115
20,1254,sd_3_100.txt,186,115
20,1254,sd_3_100.txt,187,115
20,1254,sd_3_100.txt,188,115
20,1254,sd_3_100.txt,189,115
20,1254,sd_3_100.txt,190,115
20,1254,sd_3_100.txt,191,115
20,1254,sd_3_100.txt,192,115
20,1254,sd_3_100.txt,193,115
20,1254,sd_3_100.txt,194,115
20,1254,sd_3_100.txt,195,115
20,1254,sd_3_100.txt,196,115
20,1254,sd_3_100.txt,197,115
20,1254,sd_3_100.txt,198,115
20,1254,sd_3_100.txt,199,115
20,1254,sd_3_100.txt,200,115
21,1255,sd_3_100.txt,1,136
21,1255,sd_3_100.txt,2,136
21,1255,sd_3_100.txt,3,134
21,1255,sd_3_100.txt,4,134
21,1255,sd_3_100.txt,5,134
21,1255,sd_3_100.txt,6,132
21,1255,sd_3_100.txt,7,132
21,1255,sd_3_100.txt,8,132
21,1255,sd_3_100.txt,9,132
21,1255,sd_3_100.txt,10,130
21,1255,sd_3_100.txt,11,130
21,1255,sd_3_100.txt,12,130
21,1255,sd_3_100.txt,13,130
21,1255,sd_3_100.txt,14,130
21,1255,sd_3_100.txt,15,130
21,1255,sd_3_100.txt,16,130
21,1255,sd_3_100.txt,17,129
21,1255,sd_3_100.txt,18,128
21,1255,sd_3_100.txt,19,128
21,1255,sd_3_100.txt,20,128
21,1255,sd_3_100.txt,21,127
21,1255,sd_3_100.txt,22,127
21,1255,sd_3_100.txt,23,127
21,1255,sd_3_100.txt,24,127
21,1255,sd_3_100.txt,25,127
21,1255,sd_3_100.txt,26,127
21,1255,sd_3_100.txt,27,126
21,1255,sd_3_100.txt,28,123
21,1255,sd_3_100.txt,29,123
21,1255,sd_3_100.txt,30,123
21,1255,sd_3_100.txt,31,123
21,1255,sd_3_100.txt,32,123
21,1255,sd_3_100.txt,33,120
21,1255,sd_3_100.txt,34,120
21,1255,sd_3_100.txt,35,120
21,1255,sd_3_100.txt,36,119
21,1255,sd_3_100.txt,37,119
21,1255,sd_3_100.txt,38,119
21,1255,sd_3_100.txt,39,118
21,1255,sd_3_100.txt,40,118
21,1255,sd_3_100.txt,41,118
21,1255,sd_3_100.txt,42,118
21,1255,sd_3_100.txt,43,118
21,1255,sd_3_100.txt,44,118
21,1255,sd_3_100.txt,45,118
21,1255,sd_3_100.txt,46,118
21,1255,sd_3_100.txt,47,118
21,1255,sd_3_100.txt,48,118
21,1255,sd_3_100.txt,49,118
21,1255,sd_3_100.txt,50,118
21,1255,sd_3_100.txt,51,118
21,1255,sd_3_100.txt,52,118
21,1255,sd_3_100.txt,53,118
21,1255,sd_3_100.txt,54,118
21,1255,sd_3_100.txt,55,118
21,1255,sd_3_100.txt,56,118
21,1255,sd_3_100.txt,57,118
21,1255,sd_3_100.txt,58,118
21,1255,sd_3_100.txt,59,118
21,1255,sd_3_100.txt,60,118
21,1255,sd_3_100.txt,61,118
21,1255,sd_3_100.txt,62,118
21,1255,sd_3_100.txt,63,118
21,1255,sd_3_100.txt,64,118
21,1255,sd_3_100.txt,65,118
21,1255,sd_3_100.txt,66,118
21,1255,sd_3_100.txt,67,118
21,1255,sd_3_100.txt,68,118
21,1255,sd_3_100.txt,69,118
21,1255,sd_3_100.txt,70,118
21,1255,sd_3_100.txt,71,118
21,1255,sd_3_100.txt,72,118
21,1255,sd_3_100.txt,73,118
21,1255,sd_3_100.txt,74,118
21,1255,sd_3_100.txt,75,118
21,1255,sd_3_100.txt,76,118
21,1255,sd_3_100.txt,77,118
21,1255,sd_3_100.txt,78,117
21,1255,sd_3_100.txt,79,117
21,1255,sd_3_100.txt,80,117
21,1255,sd_3_100.txt,81,117
21,1255,sd_3_100.txt,82,117
21,1255,sd_3_100.txt,83,116
21,1255,sd_3_100.txt,84,116
21,1255,sd_3_100.txt,85,116
21,1255,sd_3_100.txt,86,116
21,1255,sd_3_100.txt,87,116
21,1255,sd_3_100.txt,88,116
21,1255,sd_3_100.txt,89,116
21,1255,sd_3_100.txt,90,116
21,1255,sd_3_100.txt,91,116
21,1255,sd_3_100.txt,92,116
21,1255,sd_3_100.txt,93,116
21,1255,sd_3_100.txt,94,116
21,1255,sd_3_100.txt,95,116
21,1255,sd_3_100.txt,96,116
21,1255,sd_3_100.txt,97,116
21,1255,sd_3_100.txt,98,116
21,1255,sd_3_100.txt,99,116
21,1255,sd_3_100.txt,100,116
21,1255,sd_3_100.txt,101,116
21,1255,sd_3_100.txt,102,116
21,1255,sd_3_100.txt,103,116
21,1255,sd_3_100.txt,104,116
21,1255,sd_3_100.txt,105,116
21,1255,sd_3_100.txt,106,116
21,1255,sd_3_100.txt,107,116
21,1255,sd_3_100.txt,108,116
21,1255,sd_3_100.txt,109,116
21,1255,sd_3_100.txt,110,116
21,1255,sd_3_100.txt,111,116
21,1255,sd_3_100.txt,112,116
21,1255,sd_3_100.txt,113,116
21,1255,sd_3_100.txt,114,116
21,1255,sd_3_100.txt,115,116
21,1255,sd_3_100.txt,116,116
21,1255,sd_3_100.txt,117,116
21,1255,sd_3_100.txt,118,116
21,1255,sd_3_100.txt,119,116
21,1255,sd_3_100.txt,120,116
21,1255,sd_3_100.txt,121,116
21,1255,sd_3_100.txt,122,116
21,1255,sd_3_100.txt,123,116
21,1255,sd_3_100.txt,124,116
21,1255,sd_3_100.txt,125,116
21,1255,sd_3_100.txt,126,116
21,1255,sd_3_100.txt,127,116
21,1255,sd_3_100.txt,128,116
21,1255,sd_3_100.txt,129,116
21,1255,sd_3_100.txt,130,116
21,1255,sd_3_100.txt,131,116
21,1255,sd_3_100.txt,132,116
21,1255,sd_3_100.txt,133,116
21,1255,sd_3_100.txt,134,116
21,1255,sd_3_100.txt,135,116
21,1255,sd_3_100.txt,136,116
21,1255,sd_3_100.txt,137,116
21,1255,sd_3_100.txt,138,116
21,1255,sd_3_100.txt,139,116
21,1255,sd_3_100.txt,140,116
21,1255,sd_3_100.txt,141,116
21,1255,sd_3_100.txt,142,116
21,1255,sd_3_100.txt,143,115
21,1255,sd_3_100.txt,144,115
21,1255,sd_3_100.txt,145,115
21,1255,sd_3_100.txt,146,115
21,1255,sd_3_100.txt,147,115
21,1255,sd_3_100.txt,148,115
21,1255,sd_3_100.txt,149,115
21,1255,sd_3_100.txt,150,115
21,1255,sd_3_100.txt,151,115
21,1255,sd_3_100.txt,152,115
21,1255,sd_3_100.txt,153,115
21,1255,sd_3_100.txt,154,115
21,1255,sd_3_100.txt,155,115
21,1255,sd_3_100.txt,156,115
21,1255,sd_3_100.txt,157,115
21,1255,sd_3_100.txt,158,115
21,1255,sd_3_100.txt,159,115
21,1255,sd_3_100.txt,160,115
21,1255,sd_3_100.txt,161,115
21,1255,sd_3_100.txt,162,115
21,1255,sd_3_100.txt,163,115
21,1255,sd_3_100.txt,164,115
21,1255,sd_3_100.txt,165,115
21,1255,sd_3_100.txt,166,115
21,1255,sd_3_100.txt,167,115
21,1255,sd_3_100.txt,168,115
21,1255,sd_3_100.txt,169,115
21,1255,sd_3_100.txt,170,115
21,1255,sd_3_100.txt,171,115
21,1255,sd_3_100.txt,172,115
21,1255,sd_3_100.txt,173,115
21,1255,sd_3_100.txt,174,115
21,1255,sd_3_100.txt,175,115
21,1255,sd_3_100.txt,176,115
21,1255,sd_3_100.txt,177,115
21,1255,sd_3_100.txt,178,115
21,1255,sd_3_100.txt,179,115
21,1255,sd_3_100.txt,180,115
21,1255,sd_3_100.txt,181,115
21,1255,sd_3_100.txt,182,115
21,1255,sd_3_100.txt,183,115
21,1255,sd_3_100.txt,184,115
21,1255,sd_3_100.txt,185,115
21,1255,sd_3_100.txt,186,115
21,1255,sd_3_100.txt,187,115
21,1255,sd_3_100.txt,188,115
21,1255,sd_3_100.txt,189,115
21,1255,sd_3_100.txt,190,115
21,1255,sd_3_100.txt,191,115
21,1255,sd_3_100.txt,192,115
21,1255,sd_3_100.txt,193,115
21,1255,sd_3_100.txt,194,115
21,1255,sd_3_100.txt,195,115
21,1255,sd_3_100.txt,196,115
21,1255,sd_3_100.txt,197,115
21,1255,sd_3_100.txt,198,115
21,1255,sd_3_100.txt,199,115
21,1255,sd_3_100.txt,200,115
22,1256,sd_3_100.txt,1,134
22,1256,sd_3_100.txt,2,134
22,1256,sd_3_100.txt,3,134
22,1256,sd_3_100.txt,4,134
22,1256,sd_3_100.txt,5,134
22,1256,sd_3_100.txt,6,134
22,1256,sd_3_100.txt,7,134
22,1256,sd_3_100.txt,8,133
22,1256,sd_3_100.txt,9,133
22,1256,sd_3_100.txt,10,133
22,1256,sd_3_100.txt,11,131
22,1256,sd_3_100.txt,12,131
22,1256,sd_3_100.txt,13,131
22,1256,sd_3_100.txt,14,131
22,1256,sd_3_100.txt,15,130
22,1256,sd_3_100.txt,16,130
22,1256,sd_3_100.txt,17,130
22,1256,sd_3_100.txt,18,130
22,1256,sd_3_100.txt,19,130
22,1256,sd_3_100.txt,20,130
22,1256,sd_3_100.txt,21,130
22,1256,sd_3_100.txt,22,130
22,1256,sd_3_100.txt,23,130
22,1256,sd_3_100.txt,24,129
22,1256,sd_3_100.txt,25,129
22,1256,sd_3_100.txt,26,129
22,1256,sd_3_100.txt,27,129
22,1256,sd_3_100.txt,28,129
22,1256,sd_3_100.txt,29,129
22,1256,sd_3_100.txt,30,129
22,1256,sd_3_100.txt,31,128
22,1256,sd_3_100.txt,32,128
22,1256,sd_3_100.txt,33,128
22,1256,sd_3_100.txt,34,128
22,1256,sd_3_100.txt,35,128
22,1256,sd_3_100.txt,36,128
22,1256,sd_3_100.txt,37,127
22,1256,sd_3_100.txt,38,127
22,1256,sd_3_100.txt,39,127
22,1256,sd_3_100.txt,40,127
22,1256,sd_3_100.txt,41,127
22,1256,sd_3_100.txt,42,127
22,1256,sd_3_100.txt,43,127
22,1256,sd_3_100.txt,44,127
22,1256,sd_3_100.txt,45,127
22,1256,sd_3_100.txt,46,127
22,1256,sd_3_100.txt,47,127
22,1256,sd_3_100.txt,48,127
22,1256,sd_3_100.txt,49,127
22,1256,sd_3_100.txt,50,127
22,1256,sd_3_100.txt,51,126
22,1256,sd_3_100.txt,52,126
22,1256,sd_3_100.txt,53,126
22,1256,sd_3_100.txt,54,126
22,1256,sd_3_100.txt,55,126
22,1256,sd_3_100.txt,56,126
22,1256,sd_3_100.txt,57,126
22,1256,sd_3_100.txt,58,126
22,1256,sd_3_100.txt,59,126
22,1256,sd_3_100.txt,60,126
22,1256,sd_3_100.txt,61,126
22,1256,sd_3_100.txt,62,126
22,1256,sd_3_100.txt,63,126
22,1256,sd_3_100.txt,64,126
22,1256,sd_3_100.txt,65,126
22,1256,sd_3_100.txt,66,126
22,1256,sd_3_100.txt,67,126
22,1256,sd_3_100.txt,68,126
22,1256,sd_3_100.txt,69,126
22,1256,sd_3_100.txt,70,126
22,1256,sd_3_100.txt,71,126
22,1256,sd_3_100.txt,72,126
22,1256,sd_3_100.txt,73,126
22,1256,sd_3_100.txt,74,126
22,1256,sd_3_100.txt,75,126
22,1256,sd_3_100.txt,76,126
22,1256,sd_3_100.txt,77,126
22,1256,sd_3_100.txt,78,125
22,1256,sd_3_100.txt,79,125
22,1256,sd_3_100.txt,80,125
22,1256,sd_3_100.txt,81,125
22,1256,sd_3_100.txt,82,125
22,1256,sd_3_100.txt,83,125
22,1256,sd_3_100.txt,84,125
22,1256,sd_3_100.txt,85,125
22,1256,sd_3_100.txt,86,125
22,1256,sd_3_100.txt,87,125
22,1256,sd_3_100.txt,88,125
22,1256,sd_3_100.txt,89,125
22,1256,sd_3_100.txt,90,125
22,1256,sd_3_100.txt,91,124
22,1256,sd_3_100.txt,92,124
22,1256,sd_3_100.txt,93,124
22,1256,sd_3_100.txt,94,124
22,1256,sd_3_100.txt,95,124
22,1256,sd_3_100.txt,96,124
22,1256,sd_3_100.txt,97,124
22,1256,sd_3_100.txt,98,124
22,1256,sd_3_100.txt,99,124
22,1256,sd_3_100.txt,100,124
22,1256,sd_3_100.txt,101,124
22,1256,sd_3_100.txt,102,124
22,1256,sd_3_100.txt,103,124
22,1256,sd_3_100.txt,104,124
22,1256,sd_3_100.txt,105,124
22,1256,sd_3_100.txt,106,124
22,1256,sd_3_100.txt,107,124
22,1256,sd_3_100.txt,108,124
22,1256,sd_3_100.txt,109,124
22,1256,sd_3_100.txt,110,124
22,1256,sd_3_100.txt,111,124
22,1256,sd_3_100.txt,112,124
22,1256,sd_3_100.txt,113,124
22,1256,sd_3_100.txt,114,124
22,1256,sd_3_100.txt,115,124
22,1256,sd_3_100.txt,116,124
22,1256,sd_3_100.txt,117,124
22,1256,sd_3_100.txt,118,124
22,1256,sd_3_100.txt,119,124
22,1256,sd_3_100.txt,120,124
22,1256,sd_3_100.txt,121,124
22,1256,sd_3_100.txt,122,124
22,1256,sd_3_100.txt,123,124
22,1256,sd_3_100.txt,124,124
22,1256,sd_3_100.txt,125,124
22,1256,sd_3_100.txt,126,124
22,1256,sd_3_100.txt,127,124
22,1256,sd_3_100.txt,128,124
22,1256,sd_3_100.txt,129,124
22,1256,sd_3_100.txt,130,124
22,1256,sd_3_100.txt,131,124
22,1256,sd_3_100.txt,132,124
22,1256,sd_3_100.txt,133,124
22,1256,sd_3_100.txt,134,124
22,1256,sd_3_100.txt,135,124
22,1256,sd_3_100.txt,136,124
22,1256,sd_3_100.txt,137,124
22,1256,sd_3_100.txt,138,124
22,1256,sd_3_100.txt,139,124
22,1256,sd_3_100.txt,140,124
22,1256,sd_3_100.txt,141,124
22,1256,sd_3_100.txt,142,123
22,1256,sd_3_100.txt,143,123
22,1256,sd_3_100.txt,144,123
22,1256,sd_3_100.txt,145,123
22,1256,sd_3_100.txt,146,123
22,1256,sd_3_100.txt,147,123
22,1256,sd_3_100.txt,148,123
22,1256,sd_3_100.txt,149,123
22,1256,sd_3_100.txt,150,123
22,1256,sd_3_100.txt,151,123
22,1256,sd_3_100.txt,152,123
22,1256,sd_3_100.txt,153,123
22,1256,sd_3_100.txt,154,123
22,1256,sd_3_100.txt,155,123
22,1256,sd_3_100.txt,156,123
22,1256,sd_3_100.txt,157,123
22,1256,sd_3_100.txt,158,123
22,1256,sd_3_100.txt,159,123
22,1256,sd_3_100.txt,160,123
22,1256,sd_3_100.txt,161,123
22,1256,sd_3_100.txt,162,123
22,1256,sd_3_100.txt,163,123
22,1256,sd_3_100.txt,164,123
22,1256,sd_3_100.txt,165,123
22,1256,sd_3_100.txt,166,123
22,1256,sd_3_100.txt,167,123
22,1256,sd_3_100.txt,168,123
22,1256,sd_3_100.txt,169,123
22,1256,sd_3_100.txt,170,123
22,1256,sd_3_100.txt,171,123
22,1256,sd_3_100.txt,172,123
22,1256,sd_3_100.txt,173,123
22,1256,sd_3_100.txt,174,123
22,1256,sd_3_100.txt,175,123
22,1256,sd_3_100.txt,176,123
22,1256,sd_3_100.txt,177,123
22,1256,sd_3_100.txt,178,123
22,1256,sd_3_100.txt,179,123
22,1256,sd_3_100.txt,180,123
22,1256,sd_3_100.txt,181,123
22,1256,sd_3_100.txt,182,123
22,1256,sd_3_100.txt,183,123
22,1256,sd_3_100.txt,184,123
22,1256,sd_3_100.txt,185,123
22,1256,sd_3_100.txt,186,123
22,1256,sd_3_100.txt,187,123
22,1256,sd_3_100.txt,188,123
22,1256,sd_3_100.txt,189,123
22,1256,sd_3_100.txt,190,123
22,1256,sd_3_100.txt,191,123
22,1256,sd_3_100.txt,192,123
22,1256,sd_3_100.txt,193,123
22,1256,sd_3_100.txt,194,123
22,1256,sd_3_100.txt,195,123
22,1256,sd_3_100.txt,196,123
22,1256,sd_3_100.txt,197,123
22,1256,sd_3_100.txt,198,123
22,1256,sd_3_100.txt,199,123
22,1256,sd_3_100.txt,200,123
23,1257,sd_3_100.txt,1,138
23,1257,sd_3_100.txt,2,136
23,1257,sd_3_100.txt,3,134
23,1257,sd_3_100.txt,4,134
23,1257,sd_3_100.txt,5,134
23,1257,sd_3_100.txt,6,134
23,1257,sd_3_100.txt,7,134
23,1257,sd_3_100.txt,8,134
23,1257,sd_3_100.txt,9,134
23,1257,sd_3_100.txt,10,134
23,1257,sd_3_100.txt,11,133
23,1257,sd_3_100.txt,12,133
23,1257,sd_3_100.txt,13,129
23,1257,sd_3_100.txt,14,129
23,1257,sd_3_100.txt,15,129
23,1257,sd_3_100.txt,16,129
23,1257,sd_3_100.txt,17,129
23,1257,sd_3_100.txt,18,129
23,1257,sd_3_100.txt,19,129
23,1257,sd_3_100.txt,20,127
23,1257,sd_3_100.txt,21,127
23,1257,sd_3_100.txt,22,127
23,1257,sd_3_100.txt,23,127
23,1257,sd_3_100.txt,24,127
23,1257,sd_3_100.txt,25,126
23,1257,sd_3_100.txt,26,126
23,1257,sd_3_100.txt,27,126
23,1257,sd_3_100.txt,28,126
23,1257,sd_3_100.txt,29,125
23,1257,sd_3_100.txt,30,125
23,1257,sd_3_100.txt,31,125
23,1257,sd_3_100.txt,32,125
23,1257,sd_3_100.txt,33,125
23,1257,sd_3_100.txt,34,125
23,1257,sd_3_100.txt,35,124
23,1257,sd_3_100.txt,36,124
23,1257,sd_3_100.txt,37,124
23,1257,sd_3_100.txt,38,124
23,1257,sd_3_100.txt,39,124
23,1257,sd_3_100.txt,40,124
23,1257,sd_3_100.txt,41,124
23,1257,sd_3_100.txt,42,124
23,1257,sd_3_100.txt,43,124
23,1257,sd_3_100.txt,44,124
23,1257,sd_3_100.txt,45,124
23,1257,sd_3_100.txt,46,123
23,1257,sd_3_100.txt,47,123
23,1257,sd_3_100.txt,48,123
23,1257,sd_3_100.txt,49,123
23,1257,sd_3_100.txt,50,122
23,1257,sd_3_100.txt,51,122
23,1257,sd_3_100.txt,52,122
23,1257,sd_3_100.txt,53,122
23,1257,sd_3_100.txt,54,122
23,1257,sd_3_100.txt,55,122
23,1257,sd_3_100.txt,56,122
23,1257,sd_3_100.txt,57,121
23,1257,sd_3_100.txt,58,121
23,1257,sd_3_100.txt,59,120
23,1257,sd_3_100.txt,60,120
23,1257,sd_3_100.txt,61,120
23,1257,sd_3_100.txt,62,120
23,1257,sd_3_100.txt,63,120
23,1257,sd_3_100.txt,64,120
23,1257,sd_3_100.txt,65,120
23,1257,sd_3_100.txt,66,120
23,1257,sd_3_100.txt,67,120
23,1257,sd_3_100.txt,68,120
23,1257,sd_3_100.txt,69,120
23,1257,sd_3_100.txt,70,119
23,1257,sd_3_100.txt,71,119
23,1257,sd_3_100.txt,72,119
23,1257,sd_3_100.txt,73,119
23,1257,sd_3_100.txt,74,119
23,1257,sd_3_100.txt,75,119
23,1257,sd_3_100.txt,76,119
23,1257,sd_3_100.txt,77,119
23,1257,sd_3_100.txt,78,119
23,1257,sd_3_100.txt,79,119
23,1257,sd_3_100.txt,80,119
23,1257,sd_3_100.txt,81,119
23,1257,sd_3_100.txt,82,119
23,1257,sd_3_100.txt,83,119
23,1257,sd_3_100.txt,84,119
23,1257,sd_3_100.txt,85,119
23,1257,sd_3_100.txt,86,119
23,1257,sd_3_100.txt,87,119
23,1257,sd_3_100.txt,88,119
23,1257,sd_3_100.txt,89,119
23,1257,sd_3_100.txt,90,119
23,1257,sd_3_100.txt,91,119
23,1257,sd_3_100.txt,92,119
23,1257,sd_3_100.txt,93,119
23,1257,sd_3_100.txt,94,119
23,1257,sd_3_100.txt,95,119
23,1257,sd_3_100.txt,96,119
23,1257,sd_3_100.txt,97,119
23,1257,sd_3_100.txt,98,119
23,1257,sd_3_100.txt,99,119
23,1257,sd_3_100.txt,100,119
23,1257,sd_3_100.txt,101,119
23,1257,sd_3_100.txt,102,119
23,1257,sd_3_100.txt,103,119
23,1257,sd_3_100.txt,104,119
23,1257,sd_3_100.txt,105,119
23,1257,sd_3_100.txt,106,119
23,1257,sd_3_100.txt,107,119
23,1257,sd_3_100.txt,108,119
23,1257,sd_3_100.txt,109,119
23,1257,sd_3_100.txt,110,119
23,1257,sd_3_100.txt,111,119
23,1257,sd_3_100.txt,112,119
23,1257,sd_3_100.txt,113,119
23,1257,sd_3_100.txt,114,119
23,1257,sd_3_100.txt,115,119
23,1257,sd_3_100.txt,116,119
23,1257,sd_3_100.txt,117,119
23,1257,sd_3_100.txt,118,119
23,1257,sd_3_100.txt,119,119
23,1257,sd_3_100.txt,120,119
23,1257,sd_3_100.txt,121,119
23,1257,sd_3_100.txt,122,119
23,1257,sd_3_100.txt,123,119
23,1257,sd_3_100.txt,124,119
23,1257,sd_3_100.txt,125,119
23,1257,sd_3_100.txt,126,119
23,1257,sd_3_100.txt,127,119
23,1257,sd_3_100.txt,128,119
23,1257,sd_3_100.txt,129,119
23,1257,sd_3_100.txt,130,119
23,1257,sd_3_100.txt,131,119
23,1257,sd_3_100.txt,132,119
23,1257,sd_3_100.txt,133,119
23,1257,sd_3_100.txt,134,119
23,1257,sd_3_100.txt,135,119
23,1257,sd_3_100.txt,136,119
23,1257,sd_3_100.txt,137,119
23,1257,sd_3_100.txt,138,119
23,1257,sd_3_100.txt,139,119
23,1257,sd_3_100.txt,140,119
23,1257,sd_3_100.txt,141,119
23,1257,sd_3_100.txt,142,119
23,1257,sd_3_100.txt,143,119
23,1257,sd_3_100.txt,144,119
23,1257,sd_3_100.txt,145,119
23,1257,sd_3_100.txt,146,119
23,1257,sd_3_100.txt,147,119
23,1257,sd_3_100.txt,148,119
23,1257,sd_3_100.txt,149,119
23,1257,sd_3_100.txt,150,119
23,1257,sd_3_100.txt,151,119
23,1257,sd_3_100.txt,152,119
23,1257,sd_3_100.txt,153,119
23,1257,sd_3_100.txt,154,119
23,1257,sd_3_100.txt,155,119
23,1257,sd_3_100.txt,156,119
23,1257,sd_3_100.txt,157,119
23,1257,sd_3_100.txt,158,119
23,1257,sd_3_100.txt,159,119
23,1257,sd_3_100.txt,160,119
23,1257,sd_3_100.txt,161,119
23,1257,sd_3_100.txt,162,119
23,1257,sd_3_100.txt,163,119
23,1257,sd_3_100.txt,164,119
23,1257,sd_3_100.txt,165,119
23,1257,sd_3_100.txt,166,119
23,1257,sd_3_100.txt,167,119
23,1257,sd_3_100.txt,168,119
23,1257,sd_3_100.txt,169,119
23,1257,sd_3_100.txt,170,119
24,1258,sd_3_100.txt,1,134
24,1258,sd_3_100.txt,2,134
24,1258,sd_3_100.txt,3,134
24,1258,sd_3_100.txt,4,133
24,1258,sd_3_100.txt,5,133
24,1258,sd_3_100.txt,6,133
24,1258,sd_3_100.txt,7,130
24,1258,sd_3_100.txt,8,130
24,1258,sd_3_100.txt,9,130
24,1258,sd_3_100.txt,10,130
24,1258,sd_3_100.txt,11,129
24,1258,sd_3_100.txt,12,129
24,1258,sd_3_100.txt,13,129
24,1258,sd_3_100.txt,14,129
24,1258,sd_3_100.txt,15,128
24,1258,sd_3_100.txt,16,128
24,1258,sd_3_100.txt,17,127
24,1258,sd_3_100.txt,18,126
24,1258,sd_3_100.txt,19,126
24,1258,sd_3_100.txt,20,126
24,1258,sd_3_100.txt,21,126
24,1258,sd_3_100.txt,22,126
24,1258,sd_3_100.txt,23,126
24,1258,sd_3_100.txt,24,126
24,1258,sd_3_100.txt,25,126
24,1258,sd_3_100.txt,26,126
24,1258,sd_3_100.txt,27,126
24,1258,sd_3_100.txt,28,126
24,1258,sd_3_100.txt,29,126
24,1258,sd_3_100.txt,30,126
24,1258,sd_3_100.txt,31,126
24,1258,sd_3_100.txt,32,126
24,1258,sd_3_100.txt,33,126
24,1258,sd_3_100.txt,34,126
24,1258,sd_3_100.txt,35,126
24,1258,sd_3_100.txt,36,126
24,1258,sd_3_100.txt,37,126
24,1258,sd_3_100.txt,38,126
24,1258,sd_3_100.txt,39,126
24,1258,sd_3_100.txt,40,126
24,1258,sd_3_100.txt,41,125
24,1258,sd_3_100.txt,42,125
24,1258,sd_3_100.txt,43,125
24,1258,sd_3_100.txt,44,125
24,1258,sd_3_100.txt,45,125
24,1258,sd_3_100.txt,46,124
24,1258,sd_3_100.txt,47,124
24,1258,sd_3_100.txt,48,124
24,1258,sd_3_100.txt,49,124
24,1258,sd_3_100.txt,50,124
24,1258,sd_3_100.txt,51,124
24,1258,sd_3_100.txt,52,123
24,1258,sd_3_100.txt,53,122
24,1258,sd_3_100.txt,54,122
24,1258,sd_3_100.txt,55,122
24,1258,sd_3_100.txt,56,122
24,1258,sd_3_100.txt,57,122
24,1258,sd_3_100.txt,58,122
24,1258,sd_3_100.txt,59,122
24,1258,sd_3_100.txt,60,122
24,1258,sd_3_100.txt,61,122
24,1258,sd_3_100.txt,62,122
24,1258,sd_3_100.txt,63,122
24,1258,sd_3_100.txt,64,122
24,1258,sd_3_100.txt,65,122
24,1258,sd_3_100.txt,66,122
24,1258,sd_3_100.txt,67,122
24,1258,sd_3_100.txt,68,122
24,1258,sd_3_100.txt,69,122
24,1258,sd_3_100.txt,70,122
24,1258,sd_3_100.txt,71,122
24,1258,sd_3_100.txt,72,122
24,1258,sd_3_100.txt,73,122
24,1258,sd_3_100.txt,74,122
24,1258,sd_3_100.txt,75,122
24,1258,sd_3_100.txt,76,122
24,1258,sd_3_100.txt,77,122
24,1258,sd_3_100.txt,78,122
24,1258,sd_3_100.txt,79,122
24,1258,sd_3_100.txt,80,121
24,1258,sd_3_100.txt,81,121
24,1258,sd_3_100.txt,82,121
24,1258,sd_3_100.txt,83,121
24,1258,sd_3_100.txt,84,121
24,1258,sd_3_100.txt,85,121
24,1258,sd_3_100.txt,86,121
24,1258,sd_3_100.txt,87,121
24,1258,sd_3_100.txt,88,121
24,1258,sd_3_100.txt,89,121
24,1258,sd_3_100.txt,90,121
24,1258,sd_3_100.txt,91,121
24,1258,sd_3_100.txt,92,119
24,1258,sd_3_100.txt,93,119
24,1258,sd_3_100.txt,94,119
24,1258,sd_3_100.txt,95,119
24,1258,sd_3_100.txt,96,119
24,1258,sd_3_100.txt,97,119
24,1258,sd_3_100.txt,98,119
24,1258,sd_3_100.txt,99,119
24,1258,sd_3_100.txt,100,119
24,1258,sd_3_100.txt,101,119
24,1258,sd_3_100.txt,102,119
24,1258,sd_3_100.txt,103,119
24,1258,sd_3_100.txt,104,119
24,1258,sd_3_100.txt,105,119
24,1258,sd_3_100.txt,106,119
24,1258,sd_3_100.txt,107,119
24,1258,sd_3_100.txt,108,119
24,1258,sd_3_100.txt,109,119
24,1258,sd_3_100.txt,110,119
24,1258,sd_3_100.txt,111,119
24,1258,sd_3_100.txt,112,119
24,1258,sd_3_100.txt,113,119
24,1258,sd_3_100.txt,114,119
24,1258,sd_3_100.txt,115,119
24,1258,sd_3_100.txt,116,119
24,1258,sd_3_100.txt,117,119
24,1258,sd_3_100.txt,118,119
24,1258,sd_3_100.txt,119,119
24,1258,sd_3_100.txt,120,119
24,1258,sd_3_100.txt,121,119
24,1258,sd_3_100.txt,122,119
24,1258,sd_3_100.txt,123,119
24,1258,sd_3_100.txt,124,119
24,1258,sd_3_100.txt,125,119
24,1258,sd_3_100.txt,126,119
24,1258,sd_3_100.txt,127,119
24,1258,sd_3_100.txt,128,119
24,1258,sd_3_100.txt,129,119
24,1258,sd_3_100.txt,130,119
24,1258,sd_3_100.txt,131,119
24,1258,sd_3_100.txt,132,119
24,1258,sd_3_100.txt,133,119
24,1258,sd_3_100.txt,134,119
24,1258,sd_3_100.txt,135,119
24,1258,sd_3_100.txt,136,119
24,1258,sd_3_100.txt,137,119
24,1258,sd_3_100.txt,138,119
24,1258,sd_3_100.txt,139,119
24,1258,sd_3_100.txt,140,119
24,1258,sd_3_100.txt,141,119
24,1258,sd_3_100.txt,142,119
24,1258,sd_3_100.txt,143,119
24,1258,sd_3_100.txt,144,119
24,1258,sd_3_100.txt,145,119
24,1258,sd_3_100.txt,146,119
24,1258,sd_3_100.txt,147,119
24,1258,sd_3_100.txt,148,119
24,1258,sd_3_100.txt,149,119
24,1258,sd_3_100.txt,150,119
24,1258,sd_3_100.txt,151,119
24,1258,sd_3_100.txt,152,119
24,1258,sd_3_100.txt,153,119
24,1258,sd_3_100.txt,154,119
24,1258,sd_3_100.txt,155,119
24,1258,sd_3_100.txt,156,119
24,1258,sd_3_100.txt,157,119
24,1258,sd_3_100.txt,158,119
24,1258,sd_3_100.txt,159,119
24,1258,sd_3_100.txt,160,119
24,1258,sd_3_100.txt,161,119
24,1258,sd_3_100.txt,162,119
24,1258,sd_3_100.txt,163,119
24,1258,sd_3_100.txt,164,119
24,1258,sd_3_100.txt,165,119
24,1258,sd_3_100.txt,166,119
24,1258,sd_3_100.txt,167,119
24,1258,sd_3_100.txt,168,119
24,1258,sd_3_100.txt,169,119
24,1258,sd_3_100.txt,170,119
24,1258,sd_3_100.txt,171,119
24,1258,sd_3_100.txt,172,119
24,1258,sd_3_100.txt,173,119
24,1258,sd_3_100.txt,174,119
24,1258,sd_3_100.txt,175,119
24,1258,sd_3_100.txt,176,119
24,1258,sd_3_100.txt,177,119
24,1258,sd_3_100.txt,178,119
24,1258,sd_3_100.txt,179,119
24,1258,sd_3_100.txt,180,119
24,1258,sd_3_100.txt,181,119
24,1258,sd_3_100.txt,182,119
24,1258,sd_3_100.txt,183,119
24,1258,sd_3_100.txt,184,119
24,1258,sd_3_100.txt,185,119
24,1258,sd_3_100.txt,186,119
24,1258,sd_3_100.txt,187,119
24,1258,sd_3_100.txt,188,119
24,1258,sd_3_100.txt,189,119
24,1258,sd_3_100.txt,190,119
24,1258,sd_3_100.txt,191,119
24,1258,sd_3_100.txt,192,118
24,1258,sd_3_100.txt,193,118
24,1258,sd_3_100.txt,194,118
24,1258,sd_3_100.txt,195,118
24,1258,sd_3_100.txt,196,118
24,1258,sd_3_100.txt,197,118
24,1258,sd_3_100.txt,198,118
24,1258,sd_3_100.txt,199,118
24,1258,sd_3_100.txt,200,118
25,1259,sd_3_100.txt,1,138
25,1259,sd_3_100.txt,2,137
25,1259,sd_3_100.txt,3,136
25,1259,sd_3_100.txt,4,136
25,1259,sd_3_100.txt,5,135
25,1259,sd_3_100.txt,6,132
25,1259,sd_3_100.txt,7,132
25,1259,sd_3_100.txt,8,132
25,1259,sd_3_100.txt,9,132
25,1259,sd_3_100.txt,10,132
25,1259,sd_3_100.txt,11,131
25,1259,sd_3_100.txt,12,131
25,1259,sd_3_100.txt,13,131
25,1259,sd_3_100.txt,14,131
25,1259,sd_3_100.txt,15,131
25,1259,sd_3_100.txt,16,131
25,1259,sd_3_100.txt,17,131
25,1259,sd_3_100.txt,18,131
25,1259,sd_3_100.txt,19,131
25,1259,sd_3_100.txt,20,131
25,1259,sd_3_100.txt,21,130
25,1259,sd_3_100.txt,22,130
25,1259,sd_3_100.txt,23,130
25,1259,sd_3_100.txt,24,130
25,1259,sd_3_100.txt,25,130
25,1259,sd_3_100.txt,26,130
25,1259,sd_3_100.txt,27,130
25,1259,sd_3_100.txt,28,130
25,1259,sd_3_100.txt,29,129
25,1259,sd_3_100.txt,30,129
25,1259,sd_3_100.txt,31,129
25,1259,sd_3_100.txt,32,129
25,1259,sd_3_100.txt,33,129
25,1259,sd_3_100.txt,34,129
25,1259,sd_3_100.txt,35,129
25,1259,sd_3_100.txt,36,129
25,1259,sd_3_100.txt,37,129
25,1259,sd_3_100.txt,38,128
25,1259,sd_3_100.txt,39,128
25,1259,sd_3_100.txt,40,127
25,1259,sd_3_100.txt,41,127
25,1259,sd_3_100.txt,42,126
25,1259,sd_3_100.txt,43,126
25,1259,sd_3_100.txt,44,126
25,1259,sd_3_100.txt,45,126
25,1259,sd_3_100.txt,46,126
25,1259,sd_3_100.txt,47,126
25,1259,sd_3_100.txt,48,126
25,1259,sd_3_100.txt,49,125
25,1259,sd_3_100.txt,50,125
25,1259,sd_3_100.txt,51,125
25,1259,sd_3_100.txt,52,125
25,1259,sd_3_100.txt,53,125
25,1259,sd_3_100.txt,54,125
25,1259,sd_3_100.txt,55,125
25,1259,sd_3_100.txt,56,125
25,1259,sd_3_100.txt,57,125
25,1259,sd_3_100.txt,58,125
25,1259,sd_3_100.txt,59,125
25,1259,sd_3_100.txt,60,125
25,1259,sd_3_100.txt,61,125
25,1259,sd_3_100.txt,62,125
25,1259,sd_3_100.txt,63,125
25,1259,sd_3_100.txt,64,125
25,1259,sd_3_100.txt,65,125
25,1259,sd_3_100.txt,66,125
25,1259,sd_3_100.txt,67,125
25,1259,sd_3_100.txt,68,125
25,1259,sd_3_100.txt,69,125
25,1259,sd_3_100.txt,70,125
25,1259,sd_3_100.txt,71,125
25,1259,sd_3_100.txt,72,125
25,1259,sd_3_100.txt,73,125
25,1259,sd_3_100.txt,74,125
25,1259,sd_3_100.txt,75,125
25,1259,sd_3_100.txt,76,125
25,1259,sd_3_100.txt,77,125
25,1259,sd_3_100.txt,78,125
25,1259,sd_3_100.txt,79,125
25,1259,sd_3_100.txt,80,125
25,1259,sd_3_100.txt,81,125
25,1259,sd_3_100.txt,82,125
25,1259,sd_3_100.txt,83,125
25,1259,sd_3_100.txt,84,125
25,1259,sd_3_100.txt,85,125
25,1259,sd_3_100.txt,86,125
25,1259,sd_3_100.txt,87,125
25,1259,sd_3_100.txt,88,125
25,1259,sd_3_100.txt,89,125
25,1259,sd_3_100.txt,90,125
25,1259,sd_3_100.txt,91,125
25,1259,sd_3_100.txt,92,125
25,1259,sd_3_100.txt,93,125
25,1259,sd_3_100.txt,94,125
25,1259,sd_3_100.txt,95,125
25,1259,sd_3_100.txt,96,124
25,1259,sd_3_100.txt,97,124
25,1259,sd_3_100.txt,98,124
25,1259,sd_3_100.txt,99,124
25,1259,sd_3_100.txt,100,124
25,1259,sd_3_100.txt,101,124
25,1259,sd_3_100.txt,102,124
25,1259,sd_3_100.txt,103,124
25,1259,sd_3_100.txt,104,124
25,1259,sd_3_100.txt,105,124
25,1259,sd_3_100.txt,106,124
25,1259,sd_3_100.txt,107,123
25,1259,sd_3_100.txt,108,123
25,1259,sd_3_100.txt,109,123
25,1259,sd_3_100.txt,110,123
25,1259,sd_3_100.txt,111,123
25,1259,sd_3_100.txt,112,123
25,1259,sd_3_100.txt,113,123
25,1259,sd_3_100.txt,114,123
25,1259,sd_3_100.txt,115,123
25,1259,sd_3_100.txt,116,123
25,1259,sd_3_100.txt,117,123
25,1259,sd_3_100.txt,118,123
25,1259,sd_3_100.txt,119,123
25,1259,sd_3_100.txt,120,123
25,1259,sd_3_100.txt,121,123
25,1259,sd_3_100.txt,122,123
25,1259,sd_3_100.txt,123,123
25,1259,sd_3_100.txt,124,123
25,1259,sd_3_100.txt,125,123
25,1259,sd_3_100.txt,126,123
25,1259,sd_3_100.txt,127,123
25,1259,sd_3_100.txt,128,123
25,1259,sd_3_100.txt,129,123
25,1259,sd_3_100.txt,130,123
25,1259,sd_3_100.txt,131,123
25,1259,sd_3_100.txt,132,123
25,1259,sd_3_100.txt,133,122
25,1259,sd_3_100.txt,134,122
25,1259,sd_3_100.txt,135,122
25,1259,sd_3_100.txt,136,122
25,1259,sd_3_100.txt,137,122
25,1259,sd_3_100.txt,138,122
25,1259,sd_3_100.txt,139,122
25,1259,sd_3_100.txt,140,122
25,1259,sd_3_100.txt,141,122
25,1259,sd_3_100.txt,142,122
25,1259,sd_3_100.txt,143,122
25,1259,sd_3_100.txt,144,121
25,1259,sd_3_100.txt,145,121
25,1259,sd_3_100.txt,146,121
25,1259,sd_3_100.txt,147,121
25,1259,sd_3_100.txt,148,121
25,1259,sd_3_100.txt,149,121
25,1259,sd_3_100.txt,150,121
25,1259,sd_3_100.txt,151,121
25,1259,sd_3_100.txt,152,121
25,1259,sd_3_100.txt,153,121
25,1259,sd_3_100.txt,154,121
25,1259,sd_3_100.txt,155,121
25,1259,sd_3_100.txt,156,121
25,1259,sd_3_100.txt,157,121
25,1259,sd_3_100.txt,158,121
25,1259,sd_3_100.txt,159,121
25,1259,sd_3_100.txt,160,121
25,1259,sd_3_100.txt,161,121
25,1259,sd_3_100.txt,162,121
25,1259,sd_3_100.txt,163,120
25,1259,sd_3_100.txt,164,120
25,1259,sd_3_100.txt,165,120
25,1259,sd_3_100.txt,166,120
25,1259,sd_3_100.txt,167,120
25,1259,sd_3_100.txt,168,120
25,1259,sd_3_100.txt,169,120
25,1259,sd_3_100.txt,170,120
25,1259,sd_3_100.txt,171,120
25,1259,sd_3_100.txt,172,120
25,1259,sd_3_100.txt,173,120
25,1259,sd_3_100.txt,174,120
25,1259,sd_3_100.txt,175,120
25,1259,sd_3_100.txt,176,120
25,1259,sd_3_100.txt,177,120
25,1259,sd_3_100.txt,178,120
25,1259,sd_3_100.txt,179,120
25,1259,sd_3_100.txt,180,120
25,1259,sd_3_100.txt,181,120
25,1259,sd_3_100.txt,182,120
25,1259,sd_3_100.txt,183,120
25,1259,sd_3_100.txt,184,120
25,1259,sd_3_100.txt,185,120
25,1259,sd_3_100.txt,186,120
25,1259,sd_3_100.txt,187,120
25,1259,sd_3_100.txt,188,120
25,1259,sd_3_100.txt,189,120
25,1259,sd_3_100.txt,190,120
25,1259,sd_3_100.txt,191,120
25,1259,sd_3_100.txt,192,120
25,1259,sd_3_100.txt,193,120
25,1259,sd_3_100.txt,194,120
25,1259,sd_3_100.txt,195,120
25,1259,sd_3_100.txt,196,120
25,1259,sd_3_100.txt,197,120
25,1259,sd_3_100.txt,198,120
25,1259,sd_3_100.txt,199,120
25,1259,sd_3_100.txt,200,120
26,1260,sd_3_100.txt,1,139
26,1260,sd_3_100.txt,2,137
26,1260,sd_3_100.txt,3,134
26,1260,sd_3_100.txt,4,132
26,1260,sd_3_100.txt,5,132
26,1260,sd_3_100.txt,6,132
26,1260,sd_3_100.txt,7,132
26,1260,sd_3_100.txt,8,132
26,1260,sd_3_100.txt,9,132
26,1260,sd_3_100.txt,10,132
26,1260,sd_3_100.txt,11,131
26,1260,sd_3_100.txt,12,131
26,1260,sd_3_100.txt,13,129
26,1260,sd_3_100.txt,14,129
26,1260,sd_3_100.txt,15,129
26,1260,sd_3_100.txt,16,129
26,1260,sd_3_100.txt,17,127
26,1260,sd_3_100.txt,18,127
26,1260,sd_3_100.txt,19,126
26,1260,sd_3_100.txt,20,125
26,1260,sd_3_100.txt,21,125
26,1260,sd_3_100.txt,22,125
26,1260,sd_3_100.txt,23,125
26,1260,sd_3_100.txt,24,125
26,1260,sd_3_100.txt,25,125
26,1260,sd_3_100.txt,26,125
26,1260,sd_3_100.txt,27,124
26,1260,sd_3_100.txt,28,124
26,1260,sd_3_100.txt,29,123
26,1260,sd_3_100.txt,30,123
26,1260,sd_3_100.txt,31,123
26,1260,sd_3_100.txt,32,123
26,1260,sd_3_100.txt,33,123
26,1260,sd_3_100.txt,34,123
26,1260,sd_3_100.txt,35,123
26,1260,sd_3_100.txt,36,123
26,1260,sd_3_100.txt,37,123
26,1260,sd_3_100.txt,38,123
26,1260,sd_3_100.txt,39,123
26,1260,sd_3_100.txt,40,123
26,1260,sd_3_100.txt,41,123
26,1260,sd_3_100.txt,42,123
26,1260,sd_3_100.txt,43,123
26,1260,sd_3_100.txt,44,123
26,1260,sd_3_100.txt,45,123
26,1260,sd_3_100.txt,46,123
26,1260,sd_3_100.txt,47,123
26,1260,sd_3_100.txt,48,123
26,1260,sd_3_100.txt,49,123
26,1260,sd_3_100.txt,50,123
26,1260,sd_3_100.txt,51,123
26,1260,sd_3_100.txt,52,123
26,1260,sd_3_100.txt,53,123
26,1260,sd_3_100.txt,54,123
26,1260,sd_3_100.txt,55,123
26,1260,sd_3_100.txt,56,123
26,1260,sd_3_100.txt,57,123
26,1260,sd_3_100.txt,58,123
26,1260,sd_3_100.txt,59,123
26,1260,sd_3_100.txt,60,123
26,1260,sd_3_100.txt,61,123
26,1260,sd_3_100.txt,62,123
26,1260,sd_3_100.txt,63,123
26,1260,sd_3_100.txt,64,123
26,1260,sd_3_100.txt,65,123
26,1260,sd_3_100.txt,66,123
26,1260,sd_3_100.txt,67,123
26,1260,sd_3_100.txt,68,123
26,1260,sd_3_100.txt,69,123
26,1260,sd_3_100.txt,70,123
26,1260,sd_3_100.txt,71,123
26,1260,sd_3_100.txt,72,123
26,1260,sd_3_100.txt,73,123
26,1260,sd_3_100.txt,74,123
26,1260,sd_3_100.txt,75,123
26,1260,sd_3_100.txt,76,123
26,1260,sd_3_100.txt,77,123
26,1260,sd_3_100.txt,78,123
26,1260,sd_3_100.txt,79,123
26,1260,sd_3_100.txt,80,123
26,1260,sd_3_100.txt,81,123
26,1260,sd_3_100.txt,82,123
26,1260,sd_3_100.txt,83,123
26,1260,sd_3_100.txt,84,123
26,1260,sd_3_100.txt,85,123
26,1260,sd_3_100.txt,86,123
26,1260,sd_3_100.txt,87,123
26,1260,sd_3_100.txt,88,123
26,1260,sd_3_100.txt,89,123
26,1260,sd_3_100.txt,90,123
26,1260,sd_3_100.txt,91,123
26,1260,sd_3_100.txt,92,123
26,1260,sd_3_100.txt,93,123
26,1260,sd_3_100.txt,94,123
26,1260,sd_3_100.txt,95,123
26,1260,sd_3_100.txt,96,123
26,1260,sd_3_100.txt,97,123
26,1260,sd_3_100.txt,98,123
26,1260,sd_3_100.txt,99,123
26,1260,sd_3_100.txt,100,123
26,1260,sd_3_100.txt,101,123
26,1260,sd_3_100.txt,102,123
26,1260,sd_3_100.txt,103,123
26,1260,sd_3_100.txt,104,123
26,1260,sd_3_100.txt,105,123
26,1260,sd_3_100.txt,106,121
26,1260,sd_3_100.txt,107,121
26,1260,sd_3_100.txt,108,121
26,1260,sd_3_100.txt,109,121
26,1260,sd_3_100.txt,110,121
26,1260,sd_3_100.txt,111,121
26,1260,sd_3_100.txt,112,121
26,1260,sd_3_100.txt,113,121
26,1260,sd_3_100.txt,114,121
26,1260,sd_3_100.txt,115,121
26,1260,sd_3_100.txt,116,121
26,1260,sd_3_100.txt,117,121
26,1260,sd_3_100.txt,118,121
26,1260,sd_3_100.txt,119,121
26,1260,sd_3_100.txt,120,121
26,1260,sd_3_100.txt,121,121
26,1260,sd_3_100.txt,122,121
26,1260,sd_3_100.txt,123,121
26,1260,sd_3_100.txt,124,121
26,1260,sd_3_100.txt,125,121
26,1260,sd_3_100.txt,126,121
26,1260,sd_3_100.txt,127,121
26,1260,sd_3_100.txt,128,121
26,1260,sd_3_100.txt,129,121
26,1260,sd_3_100.txt,130,121
26,1260,sd_3_100.txt,131,121
26,1260,sd_3_100.txt,132,121
26,1260,sd_3_100.txt,133,121
26,1260,sd_3_100.txt,134,121
26,1260,sd_3_100.txt,135,121
26,1260,sd_3_100.txt,136,121
26,1260,sd_3_100.txt,137,121
26,1260,sd_3_100.txt,138,121
26,1260,sd_3_100.txt,139,121
26,1260,sd_3_100.txt,140,121
26,1260,sd_3_100.txt,141,121
26,1260,sd_3_100.txt,142,121
26,1260,sd_3_100.txt,143,121
26,1260,sd_3_100.txt,144,121
26,1260,sd_3_100.txt,145,121
26,1260,sd_3_100.txt,146,121
26,1260,sd_3_100.txt,147,121
26,1260,sd_3_100.txt,148,121
26,1260,sd_3_100.txt,149,121
26,1260,sd_3_100.txt,150,121
26,1260,sd_3_100.txt,151,121
26,1260,sd_3_100.txt,152,121
26,1260,sd_3_100.txt,153,121
26,1260,sd_3_100.txt,154,121
26,1260,sd_3_100.txt,155,121
26,1260,sd_3_100.txt,156,121
26,1260,sd_3_100.txt,157,121
26,1260,sd_3_100.txt,158,121
26,1260,sd_3_100.txt,159,121
26,1260,sd_3_100.txt,160,121
26,1260,sd_3_100.txt,161,121
26,1260,sd_3_100.txt,162,121
26,1260,sd_3_100.txt,163,121
26,1260,sd_3_100.txt,164,121
26,1260,sd_3_100.txt,165,121
26,1260,sd_3_100.txt,166,121
26,1260,sd_3_100.txt,167,121
26,1260,sd_3_100.txt,168,121
26,1260,sd_3_100.txt,169,121
26,1260,sd_3_100.txt,170,121
26,1260,sd_3_100.txt,171,121
26,1260,sd_3_100.txt,172,121
26,1260,sd_3_100.txt,173,121
26,1260,sd_3_100.txt,174,121
26,1260,sd_3_100.txt,175,121
26,1260,sd_3_100.txt,176,121
26,1260,sd_3_100.txt,177,121
26,1260,sd_3_100.txt,178,121
26,1260,sd_3_100.txt,179,121
26,1260,sd_3_100.txt,180,121
26,1260,sd_3_100.txt,181,121
26,1260,sd_3_100.txt,182,121
26,1260,sd_3_100.txt,183,121
26,1260,sd_3_100.txt,184,121
26,1260,sd_3_100.txt,185,121
26,1260,sd_3_100.txt,186,121
26,1260,sd_3_100.txt,187,121
26,1260,sd_3_100.txt,188,121
26,1260,sd_3_100.txt,189,121
26,1260,sd_3_100.txt,190,121
26,1260,sd_3_100.txt,191,121
26,1260,sd_3_100.txt,192,121
26,1260,sd_3_100.txt,193,121
26,1260,sd_3_100.txt,194,121
26,1260,sd_3_100.txt,195,121
26,1260,sd_3_100.txt,196,121
26,1260,sd_3_100.txt,197,121
26,1260,sd_3_100.txt,198,121
26,1260,sd_3_100.txt,199,121
26,1260,sd_3_100.txt,200,121
27,1261,sd_3_100.txt,1,138
27,1261,sd_3_100.txt,2,137
27,1261,sd_3_100.txt,3,137
27,1261,sd_3_100.txt,4,135
27,1261,sd_3_100.txt,5,132
27,1261,sd_3_100.txt,6,132
27,1261,sd_3_100.txt,7,132
27,1261,sd_3_100.txt,8,132
27,1261,sd_3_100.txt,9,132
27,1261,sd_3_100.txt,10,132
27,1261,sd_3_100.txt,11,132
27,1261,sd_3_100.txt,12,131
27,1261,sd_3_100.txt,13,131
27,1261,sd_3_100.txt,14,131
27,1261,sd_3_100.txt,15,130
27,1261,sd_3_100.txt,16,130
27,1261,sd_3_100.txt,17,130
27,1261,sd_3_100.txt,18,129
27,1261,sd_3_100.txt,19,129
27,1261,sd_3_100.txt,20,129
27,1261,sd_3_100.txt,21,129
27,1261,sd_3_100.txt,22,129
27,1261,sd_3_100.txt,23,129
27,1261,sd_3_100.txt,24,129
27,1261,sd_3_100.txt,25,129
27,1261,sd_3_100.txt,26,128
27,1261,sd_3_100.txt,27,128
27,1261,sd_3_100.txt,28,128
27,1261,sd_3_100.txt,29,128
27,1261,sd_3_100.txt,30,128
27,1261,sd_3_100.txt,31,128
27,1261,sd_3_100.txt,32,128
27,1261,sd_3_100.txt,33,128
27,1261,sd_3_100.txt,34,128
27,1261,sd_3_100.txt,35,127
27,1261,sd_3_100.txt,36,127
27,1261,sd_3_100.txt,37,127
27,1261,sd_3_100.txt,38,127
27,1261,sd_3_100.txt,39,127
27,1261,sd_3_100.txt,40,127
27,1261,sd_3_100.txt,41,127
27,1261,sd_3_100.txt,42,127
27,1261,sd_3_100.txt,43,127
27,1261,sd_3_100.txt,44,127
27,1261,sd_3_100.txt,45,127
27,1261,sd_3_100.txt,46,127
27,1261,sd_3_100.txt,47,127
27,1261,sd_3_100.txt,48,127
27,1261,sd_3_100.txt,49,127
27,1261,sd_3_100.txt,50,127
27,1261,sd_3_100.txt,51,127
27,1261,sd_3_100.txt,52,127
27,1261,sd_3_100.txt,53,127
27,1261,sd_3_100.txt,54,127
27,1261,sd_3_100.txt,55,127
27,1261,sd_3_100.txt,56,127
27,1261,sd_3_100.txt,57,127
27,1261,sd_3_100.txt,58,125
27,1261,sd_3_100.txt,59,125
27,1261,sd_3_100.txt,60,125
27,1261,sd_3_100.txt,61,125
27,1261,sd_3_100.txt,62,124
27,1261,sd_3_100.txt,63,124
27,1261,sd_3_100.txt,64,124
27,1261,sd_3_100.txt,65,124
27,1261,sd_3_100.txt,66,124
27,1261,sd_3_100.txt,67,124
27,1261,sd_3_100.txt,68,124
27,1261,sd_3_100.txt,69,124
27,1261,sd_3_100.txt,70,124
27,1261,sd_3_100.txt,71,124
27,1261,sd_3_100.txt,72,124
27,1261,sd_3_100.txt,73,124
27,1261,sd_3_100.txt,74,124
27,1261,sd_3_100.txt,75,124
27,1261,sd_3_100.txt,76,124
27,1261,sd_3_100.txt,77,124
27,1261,sd_3_100.txt,78,124
27,1261,sd_3_100.txt,79,123
27,1261,sd_3_100.txt,80,123
27,1261,sd_3_100.txt,81,123
27,1261,sd_3_100.txt,82,123
27,1261,sd_3_100.txt,83,123
27,1261,sd_3_100.txt,84,123
27,1261,sd_3_100.txt,85,123
27,1261,sd_3_100.txt,86,123
27,1261,sd_3_100.txt,87,123
27,1261,sd_3_100.txt,88,123
27,1261,sd_3_100.txt,89,123
27,1261,sd_3_100.txt,90,123
27,1261,sd_3_100.txt,91,123
27,1261,sd_3_100.txt,92,123
27,1261,sd_3_100.txt,93,123
27,1261,sd_3_100.txt,94,123
27,1261,sd_3_100.txt,95,123
27,1261,sd_3_100.txt,96,123
27,1261,sd_3_100.txt,97,123
27,1261,sd_3_100.txt,98,123
27,1261,sd_3_100.txt,99,123
27,1261,sd_3_100.txt,100,123
27,1261,sd_3_100.txt,101,123
27,1261,sd_3_100.txt,102,123
27,1261,sd_3_100.txt,103,123
27,1261,sd_3_100.txt,104,123
27,1261,sd_3_100.txt,105,123
27,1261,sd_3_100.txt,106,123
27,1261,sd_3_100.txt,107,123
27,1261,sd_3_100.txt,108,123
27,1261,sd_3_100.txt,109,123
27,1261,sd_3_100.txt,110,123
27,1261,sd_3_100.txt,111,123
27,1261,sd_3_100.txt,112,123
27,1261,sd_3_100.txt,113,123
27,1261,sd_3_100.txt,114,123
27,1261,sd_3_100.txt,115,123
27,1261,sd_3_100.txt,116,123
27,1261,sd_3_100.txt,117,123
27,1261,sd_3_100.txt,118,123
27,1261,sd_3_100.txt,119,123
27,1261,sd_3_100.txt,120,123
27,1261,sd_3_100.txt,121,123
27,1261,sd_3_100.txt,122,123
27,1261,sd_3_100.txt,123,123
27,1261,sd_3_100.txt,124,123
27,1261,sd_3_100.txt,125,123
27,1261,sd_3_100.txt,126,123
27,1261,sd_3_100.txt,127,123
27,1261,sd_3_100.txt,128,123
27,1261,sd_3_100.txt,129,123
27,1261,sd_3_100.txt,130,123
27,1261,sd_3_100.txt,131,123
27,1261,sd_3_100.txt,132,123
27,1261,sd_3_100.txt,133,123
27,1261,sd_3_100.txt,134,123
27,1261,sd_3_100.txt,135,123
27,1261,sd_3_100.txt,136,123
27,1261,sd_3_100.txt,137,123
27,1261,sd_3_100.txt,138,123
27,1261,sd_3_100.txt,139,123
27,1261,sd_3_100.txt,140,123
27,1261,sd_3_100.txt,141,122
27,1261,sd_3_100.txt,142,122
27,1261,sd_3_100.txt,143,122
27,1261,sd_3_100.txt,144,122
27,1261,sd_3_100.txt,145,122
27,1261,sd_3_100.txt,146,122
27,1261,sd_3_100.txt,147,122
27,1261,sd_3_100.txt,148,122
27,1261,sd_3_100.txt,149,122
27,1261,sd_3_100.txt,150,122
27,1261,sd_3_100.txt,151,122
27,1261,sd_3_100.txt,152,122
27,1261,sd_3_100.txt,153,122
27,1261,sd_3_100.txt,154,122
27,1261,sd_3_100.txt,155,122
27,1261,sd_3_100.txt,156,122
27,1261,sd_3_100.txt,157,122
27,1261,sd_3_100.txt,158,122
27,1261,sd_3_100.txt,159,122
27,1261,sd_3_100.txt,160,122
27,1261,sd_3_100.txt,161,122
27,1261,sd_3_100.txt,162,122
27,1261,sd_3_100.txt,163,122
27,1261,sd_3_100.txt,164,122
27,1261,sd_3_100.txt,165,122
27,1261,sd_3_100.txt,166,122
27,1261,sd_3_100.txt,167,122
27,1261,sd_3_100.txt,168,122
27,1261,sd_3_100.txt,169,122
27,1261,sd_3_100.txt,170,122
27,1261,sd_3_100.txt,171,122
27,1261,sd_3_100.txt,172,122
27,1261,sd_3_100.txt,173,122
27,1261,sd_3_100.txt,174,122
27,1261,sd_3_100.txt,175,122
27,1261,sd_3_100.txt,176,122
27,1261,sd_3_100.txt,177,122
27,1261,sd_3_100.txt,178,122
27,1261,sd_3_100.txt,179,122
27,1261,sd_3_100.txt,180,122
27,1261,sd_3_100.txt,181,122
27,1261,sd_3_100.txt,182,122
27,1261,sd_3_100.txt,183,122
27,1261,sd_3_100.txt,184,122
27,1261,sd_3_100.txt,185,122
27,1261,sd_3_100.txt,186,122
27,1261,sd_3_100.txt,187,122
27,1261,sd_3_100.txt,188,122
27,1261,sd_3_100.txt,189,122
27,1261,sd_3_100.txt,190,122
27,1261,sd_3_100.txt,191,122
27,1261,sd_3_100.txt,192,122
27,1261,sd_3_100.txt,193,122
27,1261,sd_3_100.txt,194,122
27,1261,sd_3_100.txt,195,122
27,1261,sd_3_100.txt,196,122
27,1261,sd_3_100.txt,197,122
27,1261,sd_3_100.txt,198,122
27,1261,sd_3_100.txt,199,122
27,1261,sd_3_100.txt,200,122
28,1262,sd_3_100.txt,1,138
28,1262,sd_3_100.txt,2,136
28,1262,sd_3_100.txt,3,136
28,1262,sd_3_100.txt,4,133
28,1262,sd_3_100.txt,5,133
28,1262,sd_3_100.txt,6,133
28,1262,sd_3_100.txt,7,133
28,1262,sd_3_100.txt,8,133
28,1262,sd_3_100.txt,9,133
28,1262,sd_3_100.txt,10,132
28,1262,sd_3_100.txt,11,129
28,1262,sd_3_100.txt,12,128
28,1262,sd_3_100.txt,13,128
28,1262,sd_3_100.txt,14,128
28,1262,sd_3_100.txt,15,128
28,1262,sd_3_100.txt,16,128
28,1262,sd_3_100.txt,17,127
28,1262,sd_3_100.txt,18,127
28,1262,sd_3_100.txt,19,127
28,1262,sd_3_100.txt,20,127
28,1262,sd_3_100.txt,21,125
28,1262,sd_3_100.txt,22,125
28,1262,sd_3_100.txt,23,125
28,1262,sd_3_100.txt,24,125
28,1262,sd_3_100.txt,25,125
28,1262,sd_3_100.txt,26,125
28,1262,sd_3_100.txt,27,125
28,1262,sd_3_100.txt,28,125
28,1262,sd_3_100.txt,29,125
28,1262,sd_3_100.txt,30,125
28,1262,sd_3_100.txt,31,125
28,1262,sd_3_100.txt,32,125
28,1262,sd_3_100.txt,33,125
28,1262,sd_3_100.txt,34,125
28,1262,sd_3_100.txt,35,125
28,1262,sd_3_100.txt,36,125
28,1262,sd_3_100.txt,37,125
28,1262,sd_3_100.txt,38,125
28,1262,sd_3_100.txt,39,125
28,1262,sd_3_100.txt,40,125
28,1262,sd_3_100.txt,41,124
28,1262,sd_3_100.txt,42,124
28,1262,sd_3_100.txt,43,124
28,1262,sd_3_100.txt,44,124
28,1262,sd_3_100.txt,45,124
28,1262,sd_3_100.txt,46,124
28,1262,sd_3_100.txt,47,124
28,1262,sd_3_100.txt,48,124
28,1262,sd_3_100.txt,49,124
28,1262,sd_3_100.txt,50,124
28,1262,sd_3_100.txt,51,124
28,1262,sd_3_100.txt,52,124
28,1262,sd_3_100.txt,53,124
28,1262,sd_3_100.txt,54,124
28,1262,sd_3_100.txt,55,122
28,1262,sd_3_100.txt,56,122
28,1262,sd_3_100.txt,57,122
28,1262,sd_3_100.txt,58,122
28,1262,sd_3_100.txt,59,122
28,1262,sd_3_100.txt,60,122
28,1262,sd_3_100.txt,61,122
28,1262,sd_3_100.txt,62,122
28,1262,sd_3_100.txt,63,122
28,1262,sd_3_100.txt,64,122
28,1262,sd_3_100.txt,65,122
28,1262,sd_3_100.txt,66,122
28,1262,sd_3_100.txt,67,122
28,1262,sd_3_100.txt,68,122
28,1262,sd_3_100.txt,69,122
28,1262,sd_3_100.txt,70,122
28,1262,sd_3_100.txt,71,122
28,1262,sd_3_100.txt,72,122
28,1262,sd_3_100.txt,73,122
28,1262,sd_3_100.txt,74,122
28,1262,sd_3_100.txt,75,122
28,1262,sd_3_100.txt,76,122
28,1262,sd_3_100.txt,77,122
28,1262,sd_3_100.txt,78,122
28,1262,sd_3_100.txt,79,122
28,1262,sd_3_100.txt,80,122
28,1262,sd_3_100.txt,81,122
28,1262,sd_3_100.txt,82,122
28,1262,sd_3_100.txt,83,122
28,1262,sd_3_100.txt,84,122
28,1262,sd_3_100.txt,85,122
28,1262,sd_3_100.txt,86,122
28,1262,sd_3_100.txt,87,121
28,1262,sd_3_100.txt,88,121
28,1262,sd_3_100.txt,89,121
28,1262,sd_3_100.txt,90,121
28,1262,sd_3_100.txt,91,121
28,1262,sd_3_100.txt,92,121
28,1262,sd_3_100.txt,93,121
28,1262,sd_3_100.txt,94,121
28,1262,sd_3_100.txt,95,121
28,1262,sd_3_100.txt,96,121
28,1262,sd_3_100.txt,97,121
28,1262,sd_3_100.txt,98,121
28,1262,sd_3_100.txt,99,120
28,1262,sd_3_100.txt,100,120
28,1262,sd_3_100.txt,101,120
28,1262,sd_3_100.txt,102,120
28,1262,sd_3_100.txt,103,120
28,1262,sd_3_100.txt,104,120
28,1262,sd_3_100.txt,105,120
28,1262,sd_3_100.txt,106,120
28,1262,sd_3_100.txt,107,120
28,1262,sd_3_100.txt,108,119
28,1262,sd_3_100.txt,109,119
28,1262,sd_3_100.txt,110,119
28,1262,sd_3_100.txt,111,119
28,1262,sd_3_100.txt,112,119
28,1262,sd_3_100.txt,113,118
28,1262,sd_3_100.txt,114,118
28,1262,sd_3_100.txt,115,118
28,1262,sd_3_100.txt,116,117
28,1262,sd_3_100.txt,117,117
28,1262,sd_3_100.txt,118,117
28,1262,sd_3_100.txt,119,117
28,1262,sd_3_100.txt,120,117
28,1262,sd_3_100.txt,121,117
28,1262,sd_3_100.txt,122,117
28,1262,sd_3_100.txt,123,117
28,1262,sd_3_100.txt,124,117
28,1262,sd_3_100.txt,125,117
28,1262,sd_3_100.txt,126,117
28,1262,sd_3_100.txt,127,117
28,1262,sd_3_100.txt,128,117
28,1262,sd_3_100.txt,129,117
28,1262,sd_3_100.txt,130,117
28,1262,sd_3_100.txt,131,117
28,1262,sd_3_100.txt,132,117
28,1262,sd_3_100.txt,133,117
28,1262,sd_3_100.txt,134,117
28,1262,sd_3_100.txt,135,117
28,1262,sd_3_100.txt,136,117
28,1262,sd_3_100.txt,137,117
28,1262,sd_3_100.txt,138,117
28,1262,sd_3_100.txt,139,117
28,1262,sd_3_100.txt,140,117
28,1262,sd_3_100.txt,141,117
28,1262,sd_3_100.txt,142,117
28,1262,sd_3_100.txt,143,117
28,1262,sd_3_100.txt,144,117
28,1262,sd_3_100.txt,145,117
28,1262,sd_3_100.txt,146,117
28,1262,sd_3_100.txt,147,117
28,1262,sd_3_100.txt,148,117
28,1262,sd_3_100.txt,149,117
28,1262,sd_3_100.txt,150,117
28,1262,sd_3_100.txt,151,117
28,1262,sd_3_100.txt,152,117
28,1262,sd_3_100.txt,153,117
28,1262,sd_3_100.txt,154,117
28,1262,sd_3_100.txt,155,117
28,1262,sd_3_100.txt,156,117
28,1262,sd_3_100.txt,157,117
28,1262,sd_3_100.txt,158,117
28,1262,sd_3_100.txt,159,117
28,1262,sd_3_100.txt,160,117
28,1262,sd_3_100.txt,161,117
28,1262,sd_3_100.txt,162,117
28,1262,sd_3_100.txt,163,117
28,1262,sd_3_100.txt,164,117
28,1262,sd_3_100.txt,165,117
28,1262,sd_3_100.txt,166,117
28,1262,sd_3_100.txt,167,117
28,1262,sd_3_100.txt,168,117
28,1262,sd_3_100.txt,169,117
28,1262,sd_3_100.txt,170,117
28,1262,sd_3_100.txt,171,117
28,1262,sd_3_100.txt,172,117
28,1262,sd_3_100.txt,173,117
28,1262,sd_3_100.txt,174,117
28,1262,sd_3_100.txt,175,117
28,1262,sd_3_100.txt,176,117
28,1262,sd_3_100.txt,177,117
28,1262,sd_3_100.txt,178,117
28,1262,sd_3_100.txt,179,117
28,1262,sd_3_100.txt,180,117
28,1262,sd_3_100.txt,181,117
28,1262,sd_3_100.txt,182,117
28,1262,sd_3_100.txt,183,117
28,1262,sd_3_100.txt,184,117
28,1262,sd_3_100.txt,185,117
28,1262,sd_3_100.txt,186,117
28,1262,sd_3_100.txt,187,117
28,1262,sd_3_100.txt,188,117
28,1262,sd_3_100.txt,189,117
28,1262,sd_3_100.txt,190,117
28,1262,sd_3_100.txt,191,117
28,1262,sd_3_100.txt,192,117
28,1262,sd_3_100.txt,193,117
28,1262,sd_3_100.txt,194,117
28,1262,sd_3_100.txt,195,117
28,1262,sd_3_100.txt,196,117
28,1262,sd_3_100.txt,197,117
28,1262,sd_3_100.txt,198,117
28,1262,sd_3_100.txt,199,117
28,1262,sd_3_100.txt,200,117
29,1263,sd_3_100.txt,1,135
29,1263,sd_3_100.txt,2,135
29,1263,sd_3_100.txt,3,135
29,1263,sd_3_100.txt,4,134
29,1263,sd_3_100.txt,5,132
29,1263,sd_3_100.txt,6,131
29,1263,sd_3_100.txt,7,131
29,1263,sd_3_100.txt,8,128
29,1263,sd_3_100.txt,9,128
29,1263,sd_3_100.txt,10,128
29,1263,sd_3_100.txt,11,128
29,1263,sd_3_100.txt,12,126
29,1263,sd_3_100.txt,13,126
29,1263,sd_3_100.txt,14,126
29,1263,sd_3_100.txt,15,126
29,1263,sd_3_100.txt,16,126
29,1263,sd_3_100.txt,17,126
29,1263,sd_3_100.txt,18,126
29,1263,sd_3_100.txt,19,126
29,1263,sd_3_100.txt,20,125
29,1263,sd_3_100.txt,21,125
29,1263,sd_3_100.txt,22,125
29,1263,sd_3_100.txt,23,124
29,1263,sd_3_100.txt,24,124
29,1263,sd_3_100.txt,25,123
29,1263,sd_3_100.txt,26,123
29,1263,sd_3_100.txt,27,123
29,1263,sd_3_100.txt,28,123
29,1263,sd_3_100.txt,29,123
29,1263,sd_3_100.txt,30,123
29,1263,sd_3_100.txt,31,123
29,1263,sd_3_100.txt,32,123
29,1263,sd_3_100.txt,33,123
29,1263,sd_3_100.txt,34,123
29,1263,sd_3_100.txt,35,123
29,1263,sd_3_100.txt,36,123
29,1263,sd_3_100.txt,37,123
29,1263,sd_3_100.txt,38,122
29,1263,sd_3_100.txt,39,122
29,1263,sd_3_100.txt,40,122
29,1263,sd_3_100.txt,41,122
29,1263,sd_3_100.txt,42,122
29,1263,sd_3_100.txt,43,121
29,1263,sd_3_100.txt,44,121
29,1263,sd_3_100.txt,45,121
29,1263,sd_3_100.txt,46,121
29,1263,sd_3_100.txt,47,121
29,1263,sd_3_100.txt,48,120
29,1263,sd_3_100.txt,49,120
29,1263,sd_3_100.txt,50,120
29,1263,sd_3_100.txt,51,120
29,1263,sd_3_100.txt,52,120
29,1263,sd_3_100.txt,53,120
29,1263,sd_3_100.txt,54,120
29,1263,sd_3_100.txt,55,120
29,1263,sd_3_100.txt,56,120
29,1263,sd_3_100.txt,57,120
29,1263,sd_3_100.txt,58,120
29,1263,sd_3_100.txt,59,120
29,1263,sd_3_100.txt,60,120
29,1263,sd_3_100.txt,61,120
29,1263,sd_3_100.txt,62,120
29,1263,sd_3_100.txt,63,120
29,1263,sd_3_100.txt,64,120
29,1263,sd_3_100.txt,65,120
29,1263,sd_3_100.txt,66,120
29,1263,sd_3_100.txt,67,120
29,1263,sd_3_100.txt,68,120
29,1263,sd_3_100.txt,69,120
29,1263,sd_3_100.txt,70,120
29,1263,sd_3_100.txt,71,120
29,1263,sd_3_100.txt,72,120
29,1263,sd_3_100.txt,73,120
29,1263,sd_3_100.txt,74,120
29,1263,sd_3_100.txt,75,120
29,1263,sd_3_100.txt,76,120
29,1263,sd_3_100.txt,77,120
29,1263,sd_3_100.txt,78,120
29,1263,sd_3_100.txt,79,120
29,1263,sd_3_100.txt,80,120
29,1263,sd_3_100.txt,81,120
29,1263,sd_3_100.txt,82,120
29,1263,sd_3_100.txt,83,120
29,1263,sd_3_100.txt,84,120
29,1263,sd_3_100.txt,85,120
29,1263,sd_3_100.txt,86,120
29,1263,sd_3_100.txt,87,120
29,1263,sd_3_100.txt,88,120
29,1263,sd_3_100.txt,89,120
29,1263,sd_3_100.txt,90,120
29,1263,sd_3_100.txt,91,120
29,1263,sd_3_100.txt,92,120
29,1263,sd_3_100.txt,93,120
29,1263,sd_3_100.txt,94,120
29,1263,sd_3_100.txt,95,120
29,1263,sd_3_100.txt,96,120
29,1263,sd_3_100.txt,97,120
29,1263,sd_3_100.txt,98,120
29,1263,sd_3_100.txt,99,120
29,1263,sd_3_100.txt,100,120
29,1263,sd_3_100.txt,101,120
29,1263,sd_3_100.txt,102,120
29,1263,sd_3_100.txt,103,120
29,1263,sd_3_100.txt,104,119
29,1263,sd_3_100.txt,105,119
29,1263,sd_3_100.txt,106,119
29,1263,sd_3_100.txt,107,119
29,1263,sd_3_100.txt,108,119
29,1263,sd_3_100.txt,109,119
29,1263,sd_3_100.txt,110,119
29,1263,sd_3_100.txt,111,119
29,1263,sd_3_100.txt,112,119
29,1263,sd_3_100.txt,113,119
29,1263,sd_3_100.txt,114,119
29,1263,sd_3_100.txt,115,119
29,1263,sd_3_100.txt,116,119
29,1263,sd_3_100.txt,117,119
29,1263,sd_3_100.txt,118,119
29,1263,sd_3_100.txt,119,119
29,1263,sd_3_100.txt,120,119
29,1263,sd_3_100.txt,121,119
29,1263,sd_3_100.txt,122,119
29,1263,sd_3_100.txt,123,119
29,1263,sd_3_100.txt,124,119
29,1263,sd_3_100.txt,125,118
29,1263,sd_3_100.txt,126,118
29,1263,sd_3_100.txt,127,118
29,1263,sd_3_100.txt,128,118
29,1263,sd_3_100.txt,129,118
29,1263,sd_3_100.txt,130,118
29,1263,sd_3_100.txt,131,118
29,1263,sd_3_100.txt,132,118
29,1263,sd_3_100.txt,133,118
29,1263,sd_3_100.txt,134,118
29,1263,sd_3_100.txt,135,118
29,1263,sd_3_100.txt,136,118
29,1263,sd_3_100.txt,137,118
29,1263,sd_3_100.txt,138,118
29,1263,sd_3_100.txt,139,118
29,1263,sd_3_100.txt,140,118
29,1263,sd_3_100.txt,141,118
29,1263,sd_3_100.txt,142,118
29,1263,sd_3_100.txt,143,118
29,1263,sd_3_100.txt,144,118
29,1263,sd_3_100.txt,145,118
29,1263,sd_3_100.txt,146,118
29,1263,sd_3_100.txt,147,118
29,1263,sd_3_100.txt,148,118
29,1263,sd_3_100.txt,149,118
29,1263,sd_3_100.txt,150,118
29,1263,sd_3_100.txt,151,118
29,1263,sd_3_100.txt,152,118
29,1263,sd_3_100.txt,153,118
29,1263,sd_3_100.txt,154,118
29,1263,sd_3_100.txt,155,118
29,1263,sd_3_100.txt,156,118
29,1263,sd_3_100.txt,157,118
29,1263,sd_3_100.txt,158,118
29,1263,sd_3_100.txt,159,118
29,1263,sd_3_100.txt,160,118
29,1263,sd_3_100.txt,161,118
29,1263,sd_3_100.txt,162,118
29,1263,sd_3_100.txt,163,118
29,1263,sd_3_100.txt,164,118
29,1263,sd_3_100.txt,165,118
29,1263,sd_3_100.txt,166,118
29,1263,sd_3_100.txt,167,118
29,1263,sd_3_100.txt,168,118
29,1263,sd_3_100.txt,169,118
29,1263,sd_3_100.txt,170,118
29,1263,sd_3_100.txt,171,118
29,1263,sd_3_100.txt,172,118
29,1263,sd_3_100.txt,173,118
29,1263,sd_3_100.txt,174,118
29,1263,sd_3_100.txt,175,118
29,1263,sd_3_100.txt,176,118
29,1263,sd_3_100.txt,177,118
29,1263,sd_3_100.txt,178,118
29,1263,sd_3_100.txt,179,118
29,1263,sd_3_100.txt,180,118
29,1263,sd_3_100.txt,181,118
29,1263,sd_3_100.txt,182,118
29,1263,sd_3_100.txt,183,118
29,1263,sd_3_100.txt,184,118
29,1263,sd_3_100.txt,185,118
29,1263,sd_3_100.txt,186,118
29,1263,sd_3_100.txt,187,118
29,1263,sd_3_100.txt,188,118
29,1263,sd_3_100.txt,189,118
29,1263,sd_3_100.txt,190,118
29,1263,sd_3_100.txt,191,116
29,1263,sd_3_100.txt,192,116
29,1263,sd_3_100.txt,193,116
29,1263,sd_3_100.txt,194,116
29,1263,sd_3_100.txt,195,116
29,1263,sd_3_100.txt,196,116
29,1263,sd_3_100.txt,197,116
29,1263,sd_3_100.txt,198,116
29,1263,sd_3_100.txt,199,116
29,1263,sd_3_100.txt,200,116
30,1264,sd_3_100.txt,1,138
30,1264,sd_3_100.txt,2,130
30,1264,sd_3_100.txt,3,130
30,1264,sd_3_100.txt,4,130
30,1264,sd_3_100.txt,5,130
30,1264,sd_3_100.txt,6,130
30,1264,sd_3_100.txt,7,129
30,1264,sd_3_100.txt,8,129
30,1264,sd_3_100.txt,9,129
30,1264,sd_3_100.txt,10,129
30,1264,sd_3_100.txt,11,127
30,1264,sd_3_100.txt,12,127
30,1264,sd_3_100.txt,13,126
30,1264,sd_3_100.txt,14,126
30,1264,sd_3_100.txt,15,126
30,1264,sd_3_100.txt,16,126
30,1264,sd_3_100.txt,17,125
30,1264,sd_3_100.txt,18,125
30,1264,sd_3_100.txt,19,125
30,1264,sd_3_100.txt,20,125
30,1264,sd_3_100.txt,21,125
30,1264,sd_3_100.txt,22,123
30,1264,sd_3_100.txt,23,123
30,1264,sd_3_100.txt,24,123
30,1264,sd_3_100.txt,25,123
30,1264,sd_3_100.txt,26,122
30,1264,sd_3_100.txt,27,122
30,1264,sd_3_100.txt,28,122
30,1264,sd_3_100.txt,29,122
30,1264,sd_3_100.txt,30,122
30,1264,sd_3_100.txt,31,122
30,1264,sd_3_100.txt,32,122
30,1264,sd_3_100.txt,33,122
30,1264,sd_3_100.txt,34,122
30,1264,sd_3_100.txt,35,122
30,1264,sd_3_100.txt,36,122
30,1264,sd_3_100.txt,37,122
30,1264,sd_3_100.txt,38,122
30,1264,sd_3_100.txt,39,122
30,1264,sd_3_100.txt,40,122
30,1264,sd_3_100.txt,41,122
30,1264,sd_3_100.txt,42,122
30,1264,sd_3_100.txt,43,122
30,1264,sd_3_100.txt,44,122
30,1264,sd_3_100.txt,45,122
30,1264,sd_3_100.txt,46,122
30,1264,sd_3_100.txt,47,122
30,1264,sd_3_100.txt,48,121
30,1264,sd_3_100.txt,49,121
30,1264,sd_3_100.txt,50,121
30,1264,sd_3_100.txt,51,121
30,1264,sd_3_100.txt,52,121
30,1264,sd_3_100.txt,53,121
30,1264,sd_3_100.txt,54,121
30,1264,sd_3_100.txt,55,121
30,1264,sd_3_100.txt,56,121
30,1264,sd_3_100.txt,57,121
30,1264,sd_3_100.txt,58,121
30,1264,sd_3_100.txt,59,121
30,1264,sd_3_100.txt,60,121
30,1264,sd_3_100.txt,61,121
30,1264,sd_3_100.txt,62,121
30,1264,sd_3_100.txt,63,121
30,1264,sd_3_100.txt,64,121
30,1264,sd_3_100.txt,65,121
30,1264,sd_3_100.txt,66,121
30,1264,sd_3_100.txt,67,121
30,1264,sd_3_100.txt,68,121
30,1264,sd_3_100.txt,69,121
30,1264,sd_3_100.txt,70,121
30,1264,sd_3_100.txt,71,121
30,1264,sd_3_100.txt,72,121
30,1264,sd_3_100.txt,73,121
30,1264,sd_3_100.txt,74,121
30,1264,sd_3_100.txt,75,121
30,1264,sd_3_100.txt,76,121
30,1264,sd_3_100.txt,77,121
30,1264,sd_3_100.txt,78,121
30,1264,sd_3_100.txt,79,121
30,1264,sd_3_100.txt,80,121
30,1264,sd_3_100.txt,81,121
30,1264,sd_3_100.txt,82,121
30,1264,sd_3_100.txt,83,121
30,1264,sd_3_100.txt,84,121
30,1264,sd_3_100.txt,85,121
30,1264,sd_3_100.txt,86,120
30,1264,sd_3_100.txt,87,120
30,1264,sd_3_100.txt,88,120
30,1264,sd_3_100.txt,89,120
30,1264,sd_3_100.txt,90,120
30,1264,sd_3_100.txt,91,120
30,1264,sd_3_100.txt,92,120
30,1264,sd_3_100.txt,93,120
30,1264,sd_3_100.txt,94,120
30,1264,sd_3_100.txt,95,120
30,1264,sd_3_100.txt,96,120
30,1264,sd_3_100.txt,97,120
30,1264,sd_3_100.txt,98,120
30,1264,sd_3_100.txt,99,119
30,1264,sd_3_100.txt,100,119
30,1264,sd_3_100.txt,101,119
30,1264,sd_3_100.txt,102,119
30,1264,sd_3_100.txt,103,119
30,1264,sd_3_100.txt,104,119
30,1264,sd_3_100.txt,105,119
30,1264,sd_3_100.txt,106,119
30,1264,sd_3_100.txt,107,119
30,1264,sd_3_100.txt,108,119
30,1264,sd_3_100.txt,109,119
30,1264,sd_3_100.txt,110,119
30,1264,sd_3_100.txt,111,119
30,1264,sd_3_100.txt,112,119
30,1264,sd_3_100.txt,113,118
30,1264,sd_3_100.txt,114,118
30,1264,sd_3_100.txt,115,118
30,1264,sd_3_100.txt,116,118
30,1264,sd_3_100.txt,117,118
30,1264,sd_3_100.txt,118,118
30,1264,sd_3_100.txt,119,118
30,1264,sd_3_100.txt,120,118
30,1264,sd_3_100.txt,121,118
30,1264,sd_3_100.txt,122,118
30,1264,sd_3_100.txt,123,118
30,1264,sd_3_100.txt,124,118
30,1264,sd_3_100.txt,125,118
30,1264,sd_3_100.txt,126,118
30,1264,sd_3_100.txt,127,118
30,1264,sd_3_100.txt,128,118
30,1264,sd_3_100.txt,129,118
30,1264,sd_3_100.txt,130,118
30,1264,sd_3_100.txt,131,118
30,1264,sd_3_100.txt,132,118
30,1264,sd_3_100.txt,133,118
30,1264,sd_3_100.txt,134,118
30,1264,sd_3_100.txt,135,118
30,1264,sd_3_100.txt,136,118
30,1264,sd_3_100.txt,137,118
30,1264,sd_3_100.txt,138,118
30,1264,sd_3_100.txt,139,118
30,1264,sd_3_100.txt,140,118
30,1264,sd_3_100.txt,141,118
30,1264,sd_3_100.txt,142,118
30,1264,sd_3_100.txt,143,118
30,1264,sd_3_100.txt,144,117
30,1264,sd_3_100.txt,145,117
30,1264,sd_3_100.txt,146,117
30,1264,sd_3_100.txt,147,117
30,1264,sd_3_100.txt,148,117
30,1264,sd_3_100.txt,149,117
30,1264,sd_3_100.txt,150,117
30,1264,sd_3_100.txt,151,117
30,1264,sd_3_100.txt,152,117
30,1264,sd_3_100.txt,153,117
30,1264,sd_3_100.txt,154,117
30,1264,sd_3_100.txt,155,117
30,1264,sd_3_100.txt,156,117
30,1264,sd_3_100.txt,157,117
30,1264,sd_3_100.txt,158,117
30,1264,sd_3_100.txt,159,117
30,1264,sd_3_100.txt,160,117
30,1264,sd_3_100.txt,161,117
30,1264,sd_3_100.txt,162,117
30,1264,sd_3_100.txt,163,117
30,1264,sd_3_100.txt,164,117
30,1264,sd_3_100.txt,165,117
30,1264,sd_3_100.txt,166,117
30,1264,sd_3_100.txt,167,117
30,1264,sd_3_100.txt,168,117
30,1264,sd_3_100.txt,169,117
30,1264,sd_3_100.txt,170,117
30,1264,sd_3_100.txt,171,117
30,1264,sd_3_100.txt,172,117
30,1264,sd_3_100.txt,173,117
30,1264,sd_3_100.txt,174,117
30,1264,sd_3_100.txt,175,117
30,1264,sd_3_100.txt,176,117
30,1264,sd_3_100.txt,177,117
30,1264,sd_3_100.txt,178,117
30,1264,sd_3_100.txt,179,117
30,1264,sd_3_100.txt,180,117
30,1264,sd_3_100.txt,181,117
30,1264,sd_3_100.txt,182,117
30,1264,sd_3_100.txt,183,117
30,1264,sd_3_100.txt,184,117
30,1264,sd_3_100.txt,185,117
30,1264,sd_3_100.txt,186,117
30,1264,sd_3_100.txt,187,117
30,1264,sd_3_100.txt,188,117
30,1264,sd_3_100.txt,189,117
30,1264,sd_3_100.txt,190,117
30,1264,sd_3_100.txt,191,117
30,1264,sd_3_100.txt,192,117
30,1264,sd_3_100.txt,193,117
30,1264,sd_3_100.txt,194,117
30,1264,sd_3_100.txt,195,117
30,1264,sd_3_100.txt,196,117
30,1264,sd_3_100.txt,197,117
30,1264,sd_3_100.txt,198,117
30,1264,sd_3_100.txt,199,117
30,1264,sd_3_100.txt,200,117
