2873 12159
2 10
2 14
2 18
2 21
2 25
2 29
2 33
2 37
2 622
2 626
2 721
2 725
2 729
3 11
3 15
3 19
3 22
3 26
3 30
3 34
3 38
3 623
3 627
3 722
3 726
3 730
4 12
4 16
4 23
4 27
4 31
4 35
4 39
4 624
4 628
4 723
4 727
10 14
10 18
10 21
10 25
10 29
10 33
10 37
10 41
10 49
10 622
10 626
10 713
10 725
10 729
10 736
11 15
11 19
11 22
11 26
11 30
11 34
11 38
11 42
11 45
11 50
11 623
11 627
11 714
11 726
11 730
11 737
12 16
12 23
12 27
12 31
12 35
12 39
12 43
12 46
12 51
12 624
12 628
12 715
12 727
12 738
14 18
14 21
14 25
14 29
14 33
14 37
14 41
14 49
14 622
14 626
14 713
14 721
14 729
14 736
15 19
15 22
15 26
15 30
15 34
15 38
15 42
15 45
15 50
15 623
15 627
15 714
15 722
15 730
15 737
16 23
16 27
16 31
16 35
16 39
16 43
16 46
16 51
16 624
16 628
16 715
16 723
16 738
18 21
18 25
18 29
18 33
18 37
18 41
18 49
18 622
18 626
18 630
18 636
18 713
18 721
18 725
18 732
18 736
18 740
18 744
18 748
18 760
18 1333
18 1337
18 1423
18 1429
18 1432
19 22
19 26
19 30
19 34
19 38
19 42
19 45
19 50
19 623
19 627
19 631
19 637
19 714
19 722
19 726
19 733
19 737
19 741
19 745
19 749
19 756
19 761
19 1334
19 1338
19 1424
19 1430
19 1433
21 25
21 29
21 33
21 37
21 41
21 49
21 622
21 626
21 713
21 721
21 725
21 729
21 736
22 26
22 30
22 34
22 38
22 42
22 45
22 50
22 623
22 627
22 714
22 722
22 726
22 730
22 737
23 27
23 31
23 35
23 39
23 43
23 46
23 51
23 624
23 628
23 715
23 723
23 727
23 738
25 29
25 33
25 37
25 41
25 49
25 622
25 626
25 713
25 721
25 725
25 729
25 732
25 740
25 744
25 1337
26 30
26 34
26 38
26 42
26 45
26 50
26 623
26 627
26 714
26 722
26 726
26 730
26 733
26 741
26 745
26 1338
27 31
27 35
27 39
27 43
27 46
27 51
27 624
27 628
27 715
27 723
27 727
27 734
27 742
27 746
27 1339
29 33
29 37
29 41
29 49
29 622
29 626
29 630
29 713
29 721
29 725
29 729
29 732
29 736
29 744
29 1337
29 1423
30 34
30 38
30 42
30 45
30 50
30 623
30 627
30 631
30 714
30 722
30 726
30 730
30 733
30 737
30 745
30 1338
30 1424
31 35
31 39
31 43
31 46
31 51
31 624
31 628
31 715
31 723
31 727
31 734
31 738
31 746
31 1339
31 1425
33 37
33 41
33 49
33 622
33 626
33 630
33 636
33 713
33 721
33 725
33 729
33 732
33 736
33 740
33 748
33 760
33 1333
33 1337
33 1423
33 1429
33 1432
33 1435
34 38
34 42
34 45
34 50
34 623
34 627
34 631
34 637
34 714
34 722
34 726
34 730
34 733
34 737
34 741
34 749
34 756
34 761
34 1334
34 1338
34 1424
34 1430
34 1433
34 1436
35 39
35 43
35 46
35 51
35 624
35 628
35 638
35 715
35 723
35 727
35 734
35 738
35 742
35 750
35 757
35 762
35 1335
35 1339
35 1425
35 1431
35 1434
37 41
37 49
37 622
37 626
37 630
37 636
37 713
37 721
37 725
37 729
37 732
37 736
37 740
37 744
37 760
37 1333
37 1337
37 1423
37 1429
37 1432
37 1435
38 42
38 45
38 50
38 623
38 627
38 631
38 637
38 714
38 722
38 726
38 730
38 733
38 737
38 741
38 745
38 756
38 761
38 1334
38 1338
38 1424
38 1430
38 1433
38 1436
39 43
39 46
39 51
39 624
39 628
39 638
39 715
39 723
39 727
39 734
39 738
39 742
39 746
39 757
39 762
39 1335
39 1339
39 1425
39 1431
39 1434
41 49
41 56
41 622
41 626
41 630
41 636
41 713
41 721
41 725
41 729
41 732
41 736
41 740
41 744
41 748
41 760
41 1333
41 1337
41 1423
41 1429
41 1432
41 1435
41 1437
41 1440
41 1443
41 1885
42 45
42 50
42 57
42 623
42 627
42 631
42 637
42 714
42 722
42 726
42 730
42 733
42 737
42 741
42 745
42 749
42 756
42 761
42 1334
42 1338
42 1424
42 1430
42 1433
42 1436
42 1438
42 1441
42 1444
42 1886
43 46
43 51
43 58
43 624
43 628
43 638
43 715
43 723
43 727
43 734
43 738
43 742
43 746
43 750
43 757
43 762
43 1335
43 1339
43 1425
43 1431
43 1434
43 1439
43 1442
43 1445
43 1887
45 50
45 57
45 623
45 627
45 631
45 637
45 714
45 722
45 726
45 730
45 733
45 737
45 741
45 745
45 749
45 753
45 761
45 1334
45 1338
45 1424
45 1430
45 1433
45 1436
45 1438
45 1441
45 1444
45 1886
46 51
46 58
46 624
46 628
46 638
46 715
46 723
46 727
46 734
46 738
46 742
46 746
46 750
46 754
46 762
46 1335
46 1339
46 1425
46 1431
46 1434
46 1439
46 1442
46 1445
46 1887
47 53
49 56
49 622
49 626
49 630
49 636
49 713
49 721
49 725
49 729
49 732
49 736
49 740
49 744
49 748
49 752
49 1333
49 1337
49 1423
49 1429
49 1432
49 1435
49 1440
50 57
50 623
50 627
50 631
50 637
50 714
50 722
50 726
50 730
50 733
50 737
50 741
50 745
50 749
50 753
50 756
50 1334
50 1338
50 1424
50 1430
50 1433
50 1436
50 1441
51 58
51 624
51 628
51 638
51 715
51 723
51 727
51 734
51 738
51 742
51 746
51 750
51 754
51 757
51 1335
51 1339
51 1425
51 1431
51 1434
51 1442
53 64
53 758
56 75
56 83
56 630
56 636
56 725
56 729
56 732
56 736
56 740
56 744
56 748
56 752
56 760
56 1333
56 1337
56 1341
56 1347
56 1423
56 1429
56 1432
56 1435
56 1437
56 1440
56 1443
56 1446
56 1449
56 1452
56 1458
56 1882
56 1885
57 76
57 84
57 631
57 637
57 726
57 730
57 733
57 737
57 741
57 745
57 749
57 753
57 756
57 761
57 1334
57 1338
57 1342
57 1348
57 1424
57 1430
57 1433
57 1436
57 1438
57 1441
57 1444
57 1447
57 1450
57 1453
57 1455
57 1459
57 1883
57 1886
58 77
58 85
58 638
58 727
58 734
58 738
58 742
58 746
58 750
58 754
58 757
58 762
58 1335
58 1339
58 1349
58 1425
58 1431
58 1434
58 1439
58 1442
58 1445
58 1448
58 1451
58 1454
58 1456
58 1460
58 1884
58 1887
60 634
60 640
60 1426
61 67
61 641
61 1427
62 68
62 642
62 1428
64 73
64 758
64 764
64 1457
64 1461
67 80
67 641
67 1427
68 81
68 642
68 1428
71 76
71 84
71 96
71 631
71 637
71 753
71 756
71 761
71 768
71 787
71 795
71 1342
71 1348
71 1433
71 1436
71 1438
71 1441
71 1444
71 1447
71 1450
71 1453
71 1455
71 1459
71 1883
71 1886
71 1889
71 1893
72 77
72 85
72 97
72 638
72 754
72 757
72 762
72 769
72 788
72 796
72 1349
72 1434
72 1439
72 1442
72 1445
72 1448
72 1451
72 1454
72 1456
72 1460
72 1884
72 1887
72 1894
73 758
73 764
73 775
73 1457
73 1461
75 83
75 95
75 630
75 636
75 729
75 744
75 748
75 752
75 760
75 767
75 794
75 1333
75 1341
75 1347
75 1423
75 1429
75 1432
75 1435
75 1437
75 1440
75 1443
75 1446
75 1449
75 1452
75 1458
75 1463
75 1882
75 1885
75 1888
75 1892
76 84
76 96
76 631
76 637
76 730
76 745
76 749
76 753
76 756
76 761
76 768
76 782
76 795
76 1334
76 1342
76 1348
76 1424
76 1430
76 1433
76 1436
76 1438
76 1441
76 1444
76 1447
76 1450
76 1453
76 1455
76 1459
76 1464
76 1883
76 1886
76 1889
76 1893
77 85
77 97
77 638
77 746
77 750
77 754
77 757
77 762
77 769
77 783
77 796
77 1335
77 1349
77 1425
77 1431
77 1434
77 1439
77 1442
77 1445
77 1448
77 1451
77 1454
77 1456
77 1460
77 1465
77 1884
77 1887
77 1894
79 88
79 634
79 640
79 771
79 1345
79 1351
80 89
80 641
80 772
80 778
80 1352
81 642
81 773
81 779
81 1353
83 95
83 630
83 636
83 729
83 744
83 748
83 752
83 760
83 767
83 786
83 1333
83 1341
83 1347
83 1423
83 1429
83 1432
83 1435
83 1437
83 1440
83 1443
83 1446
83 1449
83 1452
83 1458
83 1463
83 1882
83 1885
83 1888
83 1892
84 96
84 631
84 637
84 730
84 745
84 749
84 753
84 756
84 761
84 768
84 782
84 787
84 1334
84 1342
84 1348
84 1424
84 1430
84 1433
84 1436
84 1438
84 1441
84 1444
84 1447
84 1450
84 1453
84 1455
84 1459
84 1464
84 1883
84 1886
84 1889
84 1893
85 97
85 638
85 746
85 750
85 754
85 757
85 762
85 769
85 783
85 788
85 1335
85 1349
85 1425
85 1431
85 1434
85 1439
85 1442
85 1445
85 1448
85 1451
85 1454
85 1456
85 1460
85 1465
85 1884
85 1887
85 1894
87 1344
88 91
88 771
88 790
88 1345
88 1351
89 92
89 772
89 778
89 791
89 1352
91 99
91 790
91 799
91 1345
91 1351
91 1466
91 1891
91 1895
92 100
92 778
92 791
92 800
92 1352
92 1467
92 1896
93 101
93 779
93 792
93 1353
93 1468
93 1897
95 103
95 107
95 767
95 786
95 794
95 1341
95 1347
95 1435
95 1446
95 1449
95 1452
95 1458
95 1463
95 1477
95 1483
95 1882
95 1888
95 1892
96 104
96 108
96 768
96 782
96 787
96 795
96 1342
96 1348
96 1436
96 1447
96 1450
96 1453
96 1455
96 1459
96 1464
96 1474
96 1478
96 1484
96 1883
96 1889
96 1893
97 105
97 109
97 769
97 783
97 788
97 796
97 1349
97 1448
97 1451
97 1454
97 1456
97 1460
97 1465
97 1475
97 1479
97 1485
97 1884
97 1894
99 790
99 799
99 802
99 1466
99 1480
99 1891
99 1895
100 791
100 800
100 803
100 1467
100 1471
100 1481
100 1896
101 792
101 804
101 1468
101 1472
101 1482
101 1897
103 107
103 786
103 794
103 806
103 1463
103 1477
103 1483
103 1888
103 1892
104 108
104 782
104 787
104 795
104 807
104 1464
104 1474
104 1478
104 1484
104 1889
104 1893
105 109
105 783
105 788
105 796
105 808
105 1465
105 1475
105 1479
105 1485
105 1894
107 111
107 644
107 794
107 806
107 814
107 1477
107 1483
107 1492
107 1888
108 112
108 645
108 795
108 807
108 815
108 1474
108 1478
108 1484
108 1493
108 1889
109 113
109 796
109 808
109 816
109 1475
109 1479
109 1485
109 1494
111 116
111 122
111 126
111 134
111 138
111 644
111 806
111 814
111 818
111 1355
111 1483
111 1492
111 1498
111 1501
112 123
112 127
112 135
112 139
112 645
112 807
112 815
112 819
112 1356
112 1484
112 1493
112 1499
112 1502
113 124
113 128
113 136
113 140
113 808
113 816
113 820
113 1485
113 1494
113 1500
113 1503
116 122
116 126
116 134
116 138
116 142
116 149
116 647
116 818
116 822
116 833
116 837
116 845
116 849
116 853
116 1355
116 1358
116 1492
116 1498
116 1501
116 1504
116 1898
118 130
119 131
119 1489
119 1495
120 132
120 1490
120 1496
122 126
122 134
122 138
122 142
122 647
122 818
122 822
122 827
122 837
122 845
122 1355
122 1492
122 1498
122 1501
122 1504
122 1898
123 127
123 135
123 139
123 143
123 648
123 819
123 823
123 838
123 846
123 1356
123 1493
123 1499
123 1502
123 1505
123 1899
124 128
124 136
124 140
124 144
124 820
124 824
124 839
124 847
124 1494
124 1500
124 1503
124 1506
126 134
126 138
126 142
126 647
126 818
126 822
126 827
126 833
126 845
126 849
126 1355
126 1492
126 1498
126 1501
126 1504
126 1898
127 135
127 139
127 143
127 648
127 819
127 823
127 834
127 846
127 850
127 1356
127 1493
127 1499
127 1502
127 1505
127 1899
128 136
128 140
128 144
128 820
128 824
128 835
128 847
128 851
128 1494
128 1500
128 1503
128 1506
130 829
131 650
131 830
131 1495
132 651
132 831
132 1496
134 138
134 142
134 149
134 647
134 818
134 822
134 827
134 833
134 837
134 849
134 853
134 1355
134 1358
134 1492
134 1498
134 1501
134 1504
134 1898
135 139
135 143
135 150
135 161
135 648
135 819
135 823
135 834
135 838
135 850
135 854
135 1356
135 1359
135 1493
135 1499
135 1502
135 1505
135 1899
136 140
136 144
136 151
136 162
136 820
136 824
136 835
136 839
136 851
136 855
136 1494
136 1500
136 1503
136 1506
138 142
138 149
138 157
138 647
138 818
138 822
138 827
138 833
138 837
138 845
138 853
138 1355
138 1358
138 1492
138 1498
138 1501
138 1504
138 1898
139 143
139 150
139 158
139 161
139 648
139 819
139 823
139 834
139 838
139 846
139 854
139 1356
139 1359
139 1493
139 1499
139 1502
139 1505
139 1899
140 144
140 151
140 159
140 162
140 820
140 824
140 835
140 839
140 847
140 855
140 1494
140 1500
140 1503
140 1506
142 149
142 157
142 647
142 818
142 822
142 827
142 833
142 837
142 845
142 849
142 1355
142 1358
142 1498
142 1501
142 1504
142 1508
142 1512
142 1515
142 1898
143 150
143 158
143 161
143 648
143 819
143 823
143 834
143 838
143 846
143 850
143 1356
143 1359
143 1499
143 1502
143 1505
143 1513
143 1516
143 1899
144 151
144 159
144 162
144 820
144 824
144 835
144 839
144 847
144 851
144 1500
144 1503
144 1506
144 1514
144 1517
146 163
146 874
149 157
149 647
149 827
149 833
149 837
149 845
149 849
149 853
149 868
149 1358
149 1501
149 1504
149 1508
149 1512
149 1515
149 1521
149 1524
149 1527
149 1898
149 1900
150 158
150 161
150 173
150 648
150 834
150 838
150 846
150 850
150 854
150 869
150 872
150 1359
150 1502
150 1505
150 1513
150 1516
150 1522
150 1525
150 1528
150 1899
150 1901
151 159
151 162
151 174
151 835
151 839
151 847
151 851
151 855
151 870
151 873
151 1503
151 1506
151 1514
151 1517
151 1523
151 1526
151 1529
153 841
153 1509
153 1518
154 165
154 842
154 1361
154 1510
154 1519
154 1902
155 166
155 843
155 1362
155 1511
155 1520
155 1903
157 647
157 827
157 833
157 837
157 845
157 849
157 853
157 860
157 1358
157 1504
157 1508
157 1512
157 1515
157 1521
157 1524
157 1527
157 1898
157 1900
158 161
158 173
158 648
158 834
158 838
158 846
158 850
158 854
158 861
158 872
158 1359
158 1505
158 1513
158 1516
158 1522
158 1525
158 1528
158 1899
158 1901
159 162
159 174
159 835
159 839
159 847
159 851
159 855
159 862
159 873
159 1506
159 1514
159 1517
159 1523
159 1526
159 1529
161 173
161 648
161 834
161 838
161 846
161 850
161 854
161 861
161 869
161 1359
161 1505
161 1513
161 1516
161 1522
161 1525
161 1528
161 1899
161 1901
162 174
162 835
162 839
162 847
162 851
162 855
162 862
162 870
162 1506
162 1514
162 1517
162 1523
162 1526
162 1529
163 175
163 177
163 857
165 170
165 865
165 1361
165 1510
165 1519
165 1902
166 171
166 866
166 1362
166 1511
166 1520
166 1903
167 1363
167 1904
169 864
169 1518
170 865
170 1519
170 1902
171 866
171 1520
171 1903
173 181
173 188
173 854
173 861
173 869
173 872
173 892
173 1359
173 1513
173 1516
173 1522
173 1525
173 1528
173 1533
173 1539
173 1541
173 1901
174 189
174 855
174 862
174 870
174 873
174 1514
174 1517
174 1523
174 1526
174 1529
174 1534
174 1540
174 1542
175 177
175 857
175 874
175 888
175 1530
175 1543
177 857
177 874
177 886
177 1530
177 1543
180 187
180 654
180 860
180 868
180 1508
180 1515
180 1521
180 1524
180 1527
180 1532
180 1538
180 1900
181 188
181 655
181 861
181 869
181 872
181 884
181 1516
181 1522
181 1525
181 1528
181 1533
181 1539
181 1541
181 1901
183 880
183 1535
184 876
184 881
184 1536
184 1544
185 877
185 882
185 1537
185 1545
187 191
187 194
187 202
187 206
187 210
187 654
187 891
187 1365
187 1527
187 1532
187 1538
187 1555
187 1900
188 192
188 195
188 203
188 207
188 211
188 655
188 872
188 884
188 892
188 1366
188 1528
188 1533
188 1539
188 1541
188 1550
188 1556
188 1901
189 196
189 204
189 208
189 212
189 656
189 873
189 885
189 1367
189 1529
189 1534
189 1540
189 1542
189 1551
191 194
191 202
191 206
191 210
191 218
191 222
191 654
191 658
191 662
191 891
191 898
191 1365
191 1532
191 1538
191 1555
192 195
192 203
192 207
192 211
192 219
192 223
192 655
192 659
192 663
192 884
192 892
192 899
192 1366
192 1533
192 1539
192 1541
192 1550
192 1556
194 202
194 206
194 210
194 218
194 222
194 233
194 237
194 240
194 248
194 654
194 658
194 662
194 891
194 898
194 902
194 913
194 917
194 1365
194 1538
194 1555
194 1560
195 203
195 207
195 211
195 219
195 223
195 234
195 238
195 241
195 249
195 655
195 659
195 663
195 884
195 892
195 899
195 903
195 914
195 918
195 1366
195 1539
195 1541
195 1550
195 1556
195 1561
196 204
196 208
196 212
196 220
196 235
196 242
196 250
196 656
196 660
196 664
196 885
196 900
196 915
196 919
196 1367
196 1540
196 1542
196 1551
196 1562
198 214
198 230
198 895
198 1536
198 1544
198 1548
199 215
199 225
199 231
199 896
199 1537
199 1545
199 1549
200 216
200 226
200 1546
202 206
202 210
202 218
202 222
202 233
202 237
202 240
202 248
202 654
202 658
202 662
202 891
202 898
202 902
202 905
202 917
202 921
202 929
202 933
202 1365
202 1369
202 1373
202 1555
202 1560
202 1563
202 1905
203 207
203 211
203 219
203 223
203 234
203 238
203 241
203 249
203 655
203 659
203 663
203 884
203 892
203 899
203 903
203 906
203 918
203 922
203 930
203 934
203 1366
203 1370
203 1374
203 1550
203 1556
203 1561
203 1564
203 1906
204 208
204 212
204 220
204 235
204 242
204 250
204 656
204 660
204 664
204 885
204 900
204 907
204 919
204 923
204 931
204 1367
204 1371
204 1375
204 1551
204 1562
204 1907
206 210
206 218
206 222
206 233
206 237
206 240
206 248
206 654
206 658
206 662
206 891
206 898
206 902
206 905
206 913
206 921
206 1365
206 1555
206 1560
206 1905
207 211
207 219
207 223
207 234
207 238
207 241
207 249
207 655
207 659
207 663
207 884
207 892
207 899
207 903
207 906
207 914
207 922
207 1366
207 1550
207 1556
207 1561
207 1906
208 212
208 220
208 235
208 242
208 250
208 656
208 660
208 664
208 885
208 900
208 907
208 915
208 923
208 1367
208 1551
208 1562
208 1907
210 218
210 222
210 233
210 237
210 240
210 248
210 654
210 658
210 662
210 891
210 898
210 902
210 905
210 913
210 917
210 1365
210 1555
210 1560
210 1905
211 219
211 223
211 234
211 238
211 241
211 249
211 655
211 659
211 663
211 892
211 899
211 903
211 906
211 914
211 918
211 1366
211 1550
211 1556
211 1561
211 1906
212 220
212 235
212 242
212 250
212 656
212 660
212 664
212 900
212 907
212 915
212 919
212 1367
212 1551
212 1562
212 1907
214 230
214 245
214 253
214 895
214 909
214 1558
215 225
215 231
215 246
215 254
215 896
215 910
215 1559
216 226
216 911
218 222
218 233
218 237
218 240
218 248
218 658
218 662
218 898
218 902
218 905
218 913
218 917
218 921
218 933
218 1365
218 1369
218 1555
218 1560
218 1563
218 1905
219 223
219 234
219 238
219 241
219 249
219 659
219 663
219 899
219 903
219 906
219 914
219 918
219 922
219 934
219 1366
219 1370
219 1550
219 1556
219 1561
219 1564
219 1906
220 235
220 242
220 250
220 660
220 664
220 900
220 907
220 915
220 919
220 923
220 1367
220 1371
220 1551
220 1562
220 1907
222 233
222 237
222 240
222 248
222 260
222 654
222 658
222 662
222 898
222 902
222 905
222 913
222 917
222 921
222 929
222 944
222 948
222 1365
222 1369
222 1373
222 1555
222 1560
222 1563
222 1565
222 1905
223 234
223 238
223 241
223 249
223 261
223 655
223 659
223 663
223 899
223 903
223 906
223 914
223 918
223 922
223 930
223 945
223 949
223 1366
223 1370
223 1374
223 1550
223 1556
223 1561
223 1564
223 1566
223 1906
225 231
225 246
225 254
225 258
225 896
225 910
225 926
225 1559
225 1569
226 911
226 927
226 1570
229 244
229 252
229 256
229 1557
230 245
230 253
230 257
230 909
230 925
230 1558
230 1568
231 246
231 254
231 258
231 910
231 926
231 936
231 1559
231 1569
233 237
233 240
233 248
233 260
233 658
233 662
233 898
233 902
233 905
233 913
233 917
233 921
233 929
233 933
233 948
233 959
233 1365
233 1369
233 1373
233 1555
233 1560
233 1563
233 1565
233 1574
233 1905
234 238
234 241
234 249
234 261
234 659
234 663
234 899
234 903
234 906
234 914
234 918
234 922
234 930
234 934
234 949
234 960
234 1366
234 1370
234 1374
234 1550
234 1556
234 1561
234 1564
234 1566
234 1575
234 1906
235 242
235 250
235 262
235 660
235 664
235 900
235 907
235 915
235 919
235 923
235 931
235 961
235 1367
235 1371
235 1375
235 1551
235 1562
235 1567
235 1576
235 1907
237 240
237 248
237 260
237 658
237 662
237 898
237 902
237 905
237 913
237 917
237 921
237 929
237 933
237 944
237 951
237 959
237 1365
237 1369
237 1373
237 1555
237 1560
237 1563
237 1565
237 1571
237 1574
237 1905
238 241
238 249
238 261
238 659
238 663
238 899
238 903
238 906
238 914
238 918
238 922
238 930
238 934
238 945
238 952
238 960
238 1366
238 1370
238 1374
238 1550
238 1556
238 1561
238 1564
238 1566
238 1572
238 1575
238 1906
240 248
240 260
240 658
240 662
240 898
240 902
240 905
240 913
240 917
240 921
240 929
240 933
240 944
240 948
240 959
240 1365
240 1369
240 1373
240 1555
240 1560
240 1563
240 1565
240 1574
240 1905
241 249
241 261
241 659
241 663
241 899
241 903
241 906
241 914
241 918
241 922
241 930
241 934
241 945
241 949
241 960
241 1366
241 1370
241 1374
241 1550
241 1556
241 1561
241 1564
241 1566
241 1575
241 1906
242 250
242 262
242 660
242 664
242 900
242 907
242 915
242 919
242 923
242 931
242 946
242 961
242 1367
242 1371
242 1375
242 1551
242 1562
242 1567
242 1576
242 1907
244 252
244 256
244 940
244 1557
245 253
245 257
245 909
245 925
245 941
245 1558
245 1568
246 254
246 258
246 910
246 926
246 936
246 942
246 1559
246 1569
248 260
248 658
248 662
248 666
248 898
248 902
248 905
248 913
248 917
248 921
248 929
248 933
248 944
248 948
248 951
248 1365
248 1369
248 1373
248 1555
248 1560
248 1563
248 1565
248 1571
248 1574
248 1577
248 1905
249 261
249 271
249 659
249 663
249 667
249 899
249 903
249 906
249 914
249 918
249 922
249 930
249 934
249 945
249 949
249 952
249 1366
249 1370
249 1374
249 1550
249 1556
249 1561
249 1564
249 1566
249 1572
249 1575
249 1578
249 1906
250 262
250 272
250 660
250 664
250 668
250 900
250 907
250 915
250 919
250 923
250 931
250 946
250 953
250 1367
250 1371
250 1375
250 1551
250 1562
250 1567
250 1573
250 1576
250 1579
250 1907
252 256
252 940
252 955
252 1557
253 257
253 909
253 925
253 941
253 956
253 1558
253 1568
254 258
254 910
254 926
254 936
254 942
254 957
254 1559
254 1569
256 940
256 963
256 1557
257 909
257 925
257 941
257 964
257 1558
257 1568
258 910
258 926
258 936
258 942
258 965
258 1559
258 1569
260 658
260 662
260 666
260 905
260 913
260 917
260 921
260 929
260 933
260 944
260 948
260 951
260 959
260 1369
260 1373
260 1560
260 1563
260 1565
260 1571
260 1574
260 1577
260 1586
260 1905
260 1908
261 271
261 659
261 663
261 667
261 906
261 914
261 918
261 922
261 930
261 934
261 945
261 949
261 952
261 960
261 1370
261 1374
261 1561
261 1564
261 1566
261 1572
261 1575
261 1578
261 1587
261 1906
261 1909
262 272
262 660
262 664
262 668
262 907
262 915
262 919
262 923
262 931
262 946
262 953
262 961
262 1371
262 1375
262 1562
262 1567
262 1573
262 1576
262 1579
262 1907
262 1910
264 273
264 278
264 984
267 282
267 298
267 956
267 964
267 968
267 993
267 1568
267 1580
267 1592
267 1603
267 1609
267 1612
268 283
268 285
268 299
268 957
268 965
268 969
268 994
268 996
268 1569
268 1581
268 1588
268 1593
268 1604
268 1610
268 1613
269 286
269 997
269 1570
269 1582
269 1589
271 276
271 290
271 294
271 667
271 671
271 914
271 918
271 922
271 930
271 934
271 945
271 949
271 952
271 960
271 972
271 1370
271 1374
271 1378
271 1382
271 1561
271 1564
271 1566
271 1572
271 1575
271 1578
271 1584
271 1587
271 1595
271 1598
271 1600
271 1606
271 1615
271 1906
271 1909
271 1912
272 291
272 295
272 668
272 672
272 915
272 919
272 923
272 931
272 946
272 953
272 961
272 973
272 1371
272 1375
272 1379
272 1383
272 1562
272 1567
272 1573
272 1576
272 1579
272 1585
272 1596
272 1601
272 1607
272 1616
272 1907
272 1910
272 1913
273 278
273 975
275 289
275 293
275 302
275 666
275 670
275 948
275 959
275 971
275 1377
275 1381
275 1565
275 1571
275 1574
275 1577
275 1583
275 1586
275 1594
275 1597
275 1599
275 1605
275 1614
275 1908
275 1911
276 290
276 294
276 667
276 671
276 949
276 960
276 972
276 982
276 1378
276 1382
276 1566
276 1572
276 1575
276 1578
276 1584
276 1587
276 1595
276 1598
276 1600
276 1606
276 1615
276 1909
276 1912
278 975
278 984
278 1617
278 1624
281 955
281 963
281 967
281 1591
281 1602
281 1608
281 1611
282 956
282 964
282 968
282 1568
282 1580
282 1592
282 1603
282 1609
282 1612
283 285
283 957
283 965
283 969
283 1569
283 1581
283 1588
283 1593
283 1604
283 1610
283 1613
285 299
285 957
285 965
285 969
285 979
285 994
285 1581
285 1588
285 1593
285 1604
285 1610
285 1613
286 980
286 1582
286 1589
287 301
287 1590
289 293
289 302
289 304
289 308
289 312
289 666
289 670
289 682
289 959
289 971
289 986
289 1004
289 1377
289 1381
289 1571
289 1574
289 1577
289 1583
289 1586
289 1594
289 1597
289 1599
289 1605
289 1614
289 1908
289 1911
289 1914
290 294
290 305
290 309
290 313
290 667
290 671
290 683
290 960
290 972
290 982
290 987
290 1005
290 1378
290 1382
290 1572
290 1575
290 1578
290 1584
290 1587
290 1595
290 1598
290 1600
290 1606
290 1615
290 1622
290 1909
290 1912
290 1915
291 295
291 306
291 310
291 668
291 672
291 684
291 961
291 973
291 983
291 1006
291 1379
291 1383
291 1573
291 1576
291 1579
291 1585
291 1596
291 1601
291 1607
291 1616
291 1623
291 1910
291 1913
291 1916
293 302
293 304
293 308
293 312
293 666
293 670
293 682
293 959
293 971
293 986
293 1000
293 1013
293 1377
293 1381
293 1571
293 1577
293 1583
293 1586
293 1594
293 1597
293 1599
293 1605
293 1614
293 1908
293 1911
293 1914
294 305
294 309
294 313
294 667
294 671
294 683
294 960
294 972
294 982
294 987
294 1001
294 1378
294 1382
294 1572
294 1578
294 1584
294 1587
294 1595
294 1598
294 1600
294 1606
294 1615
294 1622
294 1909
294 1912
294 1915
295 306
295 310
295 668
295 672
295 684
295 961
295 973
295 983
295 1002
295 1379
295 1383
295 1573
295 1579
295 1585
295 1596
295 1601
295 1607
295 1616
295 1623
295 1910
295 1913
295 1916
297 992
297 1602
297 1608
297 1611
297 1629
298 978
298 993
298 1603
298 1609
298 1612
298 1619
298 1630
299 979
299 994
299 996
299 1604
299 1610
299 1613
299 1620
299 1631
301 998
301 1590
301 1634
302 304
302 308
302 312
302 315
302 323
302 666
302 670
302 682
302 986
302 1000
302 1004
302 1377
302 1381
302 1586
302 1594
302 1597
302 1599
302 1605
302 1614
302 1908
302 1911
302 1914
302 1917
304 308
304 312
304 315
304 323
304 682
304 986
304 1000
304 1004
304 1013
304 1377
304 1381
304 1605
304 1614
304 1914
304 1917
305 309
305 313
305 316
305 324
305 683
305 982
305 987
305 1001
305 1005
305 1378
305 1382
305 1606
305 1615
305 1622
305 1915
305 1918
306 310
306 317
306 325
306 684
306 983
306 1002
306 1006
306 1379
306 1383
306 1607
306 1616
306 1623
306 1916
306 1919
308 312
308 315
308 319
308 323
308 682
308 686
308 986
308 1000
308 1004
308 1013
308 1015
308 1023
308 1377
308 1381
308 1393
308 1605
308 1614
308 1625
308 1635
308 1638
308 1645
308 1914
308 1917
309 313
309 316
309 320
309 324
309 683
309 687
309 982
309 987
309 1001
309 1005
309 1016
309 1024
309 1378
309 1382
309 1394
309 1606
309 1615
309 1622
309 1626
309 1636
309 1639
309 1915
309 1918
310 317
310 321
310 325
310 684
310 688
310 983
310 1002
310 1006
310 1017
310 1379
310 1383
310 1395
310 1607
310 1616
310 1623
310 1637
310 1640
310 1916
310 1919
312 315
312 319
312 323
312 682
312 686
312 986
312 1000
312 1004
312 1013
312 1015
312 1019
312 1026
312 1034
312 1377
312 1381
312 1393
312 1605
312 1614
312 1625
312 1635
312 1638
312 1645
312 1914
312 1917
313 316
313 320
313 324
313 683
313 687
313 982
313 987
313 1001
313 1005
313 1016
313 1020
313 1027
313 1035
313 1378
313 1382
313 1394
313 1606
313 1615
313 1622
313 1626
313 1636
313 1639
313 1915
313 1918
315 319
315 323
315 327
315 335
315 682
315 686
315 986
315 1000
315 1004
315 1013
315 1015
315 1019
315 1023
315 1030
315 1034
315 1381
315 1393
315 1397
315 1625
315 1635
315 1638
315 1645
315 1914
315 1917
316 320
316 324
316 328
316 336
316 683
316 687
316 982
316 987
316 1001
316 1005
316 1016
316 1020
316 1024
316 1031
316 1035
316 1382
316 1394
316 1398
316 1622
316 1626
316 1636
316 1639
316 1915
316 1918
317 321
317 325
317 329
317 337
317 684
317 688
317 983
317 1002
317 1006
317 1017
317 1021
317 1032
317 1036
317 1383
317 1395
317 1399
317 1623
317 1637
317 1640
317 1916
317 1919
319 323
319 327
319 331
319 335
319 346
319 682
319 686
319 1000
319 1004
319 1013
319 1015
319 1019
319 1023
319 1026
319 1034
319 1381
319 1393
319 1397
319 1625
319 1635
319 1638
319 1645
319 1646
319 1649
319 1652
319 1914
319 1917
319 1926
320 324
320 328
320 332
320 336
320 347
320 683
320 687
320 1001
320 1005
320 1016
320 1020
320 1024
320 1027
320 1035
320 1382
320 1394
320 1398
320 1622
320 1626
320 1636
320 1639
320 1647
320 1650
320 1653
320 1915
320 1918
320 1927
321 325
321 329
321 333
321 337
321 348
321 684
321 688
321 1002
321 1006
321 1017
321 1021
321 1028
321 1036
321 1383
321 1395
321 1399
321 1623
321 1637
321 1640
321 1648
321 1651
321 1916
321 1919
321 1928
323 327
323 335
323 682
323 686
323 986
323 1000
323 1004
323 1013
323 1015
323 1019
323 1023
323 1026
323 1030
323 1381
323 1393
323 1397
323 1625
323 1635
323 1638
323 1645
323 1914
323 1917
324 328
324 336
324 683
324 687
324 982
324 987
324 1001
324 1005
324 1016
324 1020
324 1024
324 1027
324 1031
324 1382
324 1394
324 1398
324 1622
324 1626
324 1636
324 1639
324 1915
324 1918
325 329
325 337
325 684
325 688
325 983
325 1002
325 1006
325 1017
325 1021
325 1028
325 1032
325 1383
325 1395
325 1399
325 1623
325 1637
325 1640
325 1916
325 1919
327 331
327 335
327 343
327 346
327 354
327 686
327 1013
327 1019
327 1023
327 1026
327 1030
327 1034
327 1393
327 1397
327 1635
327 1638
327 1645
327 1646
327 1649
327 1652
327 1917
327 1926
328 332
328 336
328 344
328 347
328 355
328 687
328 1020
328 1024
328 1027
328 1031
328 1035
328 1394
328 1398
328 1636
328 1639
328 1647
328 1650
328 1653
328 1918
328 1927
329 333
329 337
329 348
329 356
329 688
329 1021
329 1028
329 1032
329 1036
329 1395
329 1399
329 1637
329 1640
329 1648
329 1651
329 1919
329 1928
331 335
331 343
331 346
331 354
331 686
331 1019
331 1023
331 1026
331 1030
331 1034
331 1038
331 1046
331 1393
331 1397
331 1635
331 1638
331 1645
331 1646
331 1649
331 1652
331 1654
331 1657
331 1660
331 1926
331 1929
332 336
332 344
332 347
332 350
332 355
332 687
332 1020
332 1024
332 1027
332 1031
332 1035
332 1039
332 1047
332 1394
332 1398
332 1636
332 1639
332 1647
332 1650
332 1653
332 1655
332 1658
332 1661
332 1927
332 1930
333 337
333 348
333 351
333 356
333 688
333 1021
333 1028
333 1032
333 1036
333 1040
333 1048
333 1395
333 1399
333 1637
333 1640
333 1648
333 1651
333 1656
333 1659
333 1662
333 1928
333 1931
335 343
335 346
335 354
335 686
335 690
335 1013
335 1019
335 1023
335 1026
335 1030
335 1034
335 1038
335 1042
335 1057
335 1393
335 1397
335 1625
335 1635
335 1638
335 1645
335 1646
335 1649
335 1652
335 1654
335 1657
335 1660
335 1917
335 1926
335 1929
336 344
336 347
336 350
336 355
336 687
336 691
336 1020
336 1024
336 1027
336 1031
336 1035
336 1039
336 1043
336 1058
336 1394
336 1398
336 1626
336 1636
336 1639
336 1647
336 1650
336 1653
336 1655
336 1658
336 1661
336 1918
336 1927
336 1930
337 348
337 351
337 356
337 688
337 1021
337 1028
337 1032
337 1036
337 1040
337 1044
337 1059
337 1395
337 1399
337 1637
337 1640
337 1648
337 1651
337 1656
337 1659
337 1662
337 1919
337 1928
337 1931
339 359
339 1385
339 1389
339 1642
339 1920
339 1923
340 360
340 1386
340 1390
340 1643
340 1921
340 1924
341 1387
341 1391
341 1922
341 1925
343 346
343 354
343 690
343 1019
343 1023
343 1026
343 1030
343 1034
343 1038
343 1042
343 1046
343 1057
343 1393
343 1397
343 1638
343 1645
343 1646
343 1649
343 1652
343 1654
343 1657
343 1660
343 1926
343 1929
344 347
344 350
344 355
344 691
344 1020
344 1024
344 1027
344 1031
344 1035
344 1039
344 1043
344 1047
344 1058
344 1394
344 1398
344 1639
344 1647
344 1650
344 1653
344 1655
344 1658
344 1661
344 1927
344 1930
346 354
346 362
346 366
346 686
346 690
346 1019
346 1023
346 1026
346 1030
346 1034
346 1038
346 1042
346 1046
346 1054
346 1065
346 1393
346 1397
346 1635
346 1638
346 1645
346 1646
346 1649
346 1652
346 1654
346 1657
346 1660
346 1926
346 1929
347 350
347 355
347 363
347 367
347 687
347 691
347 1020
347 1024
347 1027
347 1031
347 1035
347 1039
347 1043
347 1047
347 1055
347 1066
347 1394
347 1398
347 1636
347 1639
347 1647
347 1650
347 1653
347 1655
347 1658
347 1661
347 1927
347 1930
348 351
348 356
348 364
348 368
348 688
348 1021
348 1028
348 1032
348 1036
348 1040
348 1044
348 1048
348 1067
348 1395
348 1399
348 1637
348 1640
348 1648
348 1651
348 1656
348 1659
348 1662
348 1928
348 1931
350 355
350 363
350 367
350 375
350 691
350 1024
350 1027
350 1031
350 1035
350 1039
350 1043
350 1047
350 1055
350 1058
350 1066
350 1398
350 1647
350 1650
350 1653
350 1655
350 1658
350 1661
350 1927
350 1930
351 356
351 364
351 368
351 1028
351 1032
351 1036
351 1040
351 1044
351 1048
351 1059
351 1067
351 1399
351 1648
351 1651
351 1656
351 1659
351 1662
351 1928
351 1931
354 362
354 366
354 374
354 690
354 1019
354 1023
354 1026
354 1030
354 1034
354 1038
354 1042
354 1046
354 1054
354 1057
354 1393
354 1397
354 1638
354 1645
354 1646
354 1649
354 1652
354 1654
354 1657
354 1660
354 1926
354 1929
355 363
355 367
355 375
355 691
355 1020
355 1024
355 1027
355 1031
355 1035
355 1039
355 1043
355 1047
355 1055
355 1058
355 1394
355 1398
355 1639
355 1647
355 1650
355 1653
355 1655
355 1658
355 1661
355 1927
355 1930
356 364
356 368
356 1021
356 1028
356 1032
356 1036
356 1040
356 1044
356 1048
356 1059
356 1395
356 1399
356 1640
356 1648
356 1651
356 1656
356 1659
356 1662
356 1928
356 1931
359 1050
359 1385
359 1389
359 1920
359 1923
360 1051
360 1386
360 1390
360 1921
360 1924
362 366
362 370
362 374
362 690
362 1038
362 1042
362 1046
362 1054
362 1057
362 1065
362 1649
362 1652
362 1654
362 1657
362 1660
362 1663
362 1666
362 1669
362 1677
362 1926
362 1929
363 367
363 371
363 375
363 691
363 1039
363 1043
363 1047
363 1055
363 1058
363 1061
363 1066
363 1650
363 1653
363 1655
363 1658
363 1661
363 1664
363 1667
363 1670
363 1678
363 1927
363 1930
364 368
364 372
364 1040
364 1044
364 1048
364 1059
364 1062
364 1067
364 1651
364 1656
364 1659
364 1662
364 1665
364 1668
364 1671
364 1679
364 1928
364 1931
366 370
366 374
366 690
366 1038
366 1042
366 1046
366 1054
366 1057
366 1065
366 1401
366 1649
366 1652
366 1654
366 1657
366 1660
366 1663
366 1666
366 1669
366 1677
366 1926
366 1929
367 371
367 375
367 691
367 1039
367 1043
367 1047
367 1055
367 1058
367 1061
367 1066
367 1402
367 1650
367 1653
367 1655
367 1658
367 1661
367 1664
367 1667
367 1670
367 1678
367 1927
367 1930
368 372
368 1040
368 1044
368 1048
368 1059
368 1062
368 1067
368 1651
368 1656
368 1659
368 1662
368 1665
368 1668
368 1671
368 1679
368 1928
368 1931
370 374
370 690
370 1042
370 1046
370 1054
370 1057
370 1065
370 1073
370 1077
370 1401
370 1652
370 1654
370 1657
370 1660
370 1663
370 1666
370 1669
370 1675
370 1677
370 1683
370 1929
371 375
371 691
371 1043
371 1047
371 1055
371 1058
371 1061
371 1066
371 1074
371 1078
371 1402
371 1653
371 1655
371 1658
371 1661
371 1664
371 1667
371 1670
371 1676
371 1678
371 1684
371 1930
372 1044
372 1048
372 1059
372 1062
372 1067
372 1075
372 1079
372 1656
372 1659
372 1662
372 1665
372 1668
372 1671
372 1679
372 1685
372 1931
374 690
374 1038
374 1042
374 1046
374 1054
374 1057
374 1065
374 1073
374 1077
374 1401
374 1652
374 1654
374 1657
374 1660
374 1663
374 1666
374 1669
374 1675
374 1677
374 1683
374 1929
375 691
375 1039
375 1043
375 1047
375 1055
375 1058
375 1061
375 1066
375 1074
375 1078
375 1402
375 1653
375 1655
375 1658
375 1661
375 1664
375 1667
375 1670
375 1676
375 1678
375 1684
375 1930
377 381
377 389
377 393
377 401
377 1069
377 1092
377 1686
378 382
378 385
378 390
378 394
378 402
378 1050
378 1070
378 1093
378 1672
378 1687
378 1920
378 1923
379 383
379 386
379 391
379 395
379 397
379 403
379 1051
379 1071
379 1094
379 1673
379 1688
379 1921
379 1924
381 389
381 393
381 401
381 1069
382 385
382 390
382 394
382 402
382 1050
382 1070
382 1672
382 1920
383 386
383 391
383 395
383 403
383 1051
383 1071
383 1673
383 1921
385 390
385 394
385 402
385 1050
385 1070
385 1089
385 1672
385 1687
386 391
386 395
386 397
386 403
386 1051
386 1071
386 1090
386 1673
386 1688
387 398
387 1052
387 1674
389 393
389 401
389 1069
389 1088
389 1092
389 1686
390 394
390 402
390 1070
390 1089
390 1093
390 1672
390 1687
391 395
391 397
391 403
391 1071
391 1090
391 1094
391 1673
391 1688
393 401
393 405
393 423
393 1069
393 1088
393 1092
393 1686
394 402
394 406
394 424
394 1050
394 1070
394 1089
394 1093
394 1096
394 1672
394 1687
395 397
395 403
395 425
395 1051
395 1071
395 1090
395 1094
395 1097
395 1673
395 1688
397 403
397 412
397 416
397 425
397 1090
397 1094
397 1097
397 1102
397 1106
397 1673
397 1688
398 413
398 417
398 1098
398 1674
401 405
401 423
401 1069
401 1088
401 1092
401 1100
401 1104
401 1686
402 406
402 411
402 415
402 424
402 1070
402 1089
402 1093
402 1096
402 1101
402 1105
402 1672
402 1687
403 412
403 416
403 425
403 1071
403 1090
403 1094
403 1097
403 1102
403 1106
403 1673
403 1688
405 423
405 1088
405 1092
405 1100
405 1104
405 1112
405 1686
406 411
406 415
406 424
406 1089
406 1093
406 1096
406 1101
406 1105
406 1113
406 1672
406 1687
408 1682
411 415
411 424
411 1089
411 1093
411 1096
411 1101
411 1105
411 1113
411 1117
411 1126
411 1135
411 1687
411 1701
411 1704
411 1706
411 1710
411 1713
411 1719
412 416
412 425
412 1090
412 1094
412 1097
412 1102
412 1106
412 1108
412 1114
412 1127
412 1136
412 1688
412 1702
412 1705
412 1707
412 1711
412 1714
412 1720
413 417
413 1098
413 1109
413 1128
413 1708
415 424
415 1089
415 1093
415 1096
415 1101
415 1105
415 1113
415 1687
415 1701
415 1704
416 425
416 1090
416 1094
416 1097
416 1102
416 1106
416 1108
416 1114
416 1688
416 1702
416 1705
417 1098
417 1109
419 1073
419 1077
419 1081
419 1085
419 1401
419 1666
419 1669
419 1675
419 1677
419 1683
419 1689
419 1692
419 1695
419 1698
419 1932
420 1074
420 1078
420 1082
420 1086
420 1402
420 1667
420 1670
420 1676
420 1678
420 1680
420 1684
420 1690
420 1693
420 1696
420 1699
420 1933
421 1075
421 1079
421 1083
421 1668
421 1671
421 1679
421 1681
421 1685
421 1691
421 1694
421 1697
423 1088
423 1092
423 1100
423 1104
423 1112
423 1686
423 1700
423 1703
424 1089
424 1093
424 1096
424 1101
424 1105
424 1113
424 1672
424 1687
424 1701
424 1704
425 1090
425 1094
425 1097
425 1102
425 1106
425 1108
425 1114
425 1673
425 1688
425 1702
425 1705
427 435
427 1122
427 1126
427 1135
427 1701
427 1710
427 1713
427 1719
427 1722
427 1725
427 1728
427 1735
428 436
428 1123
428 1127
428 1136
428 1702
428 1711
428 1714
428 1715
428 1720
428 1726
428 1729
428 1736
429 437
429 1124
429 1128
429 1716
429 1727
429 1730
431 443
431 451
431 455
431 467
431 475
431 693
431 697
431 1130
431 1154
431 1731
432 439
432 444
432 452
432 456
432 468
432 476
432 694
432 698
432 1131
432 1150
432 1155
432 1732
433 440
433 445
433 453
433 457
433 469
433 477
433 695
433 699
433 1132
433 1151
433 1156
433 1733
435 460
435 464
435 1122
435 1713
435 1719
435 1722
435 1725
435 1728
435 1735
436 461
436 465
436 1123
436 1714
436 1715
436 1720
436 1726
436 1729
436 1736
437 1124
437 1716
437 1727
437 1730
439 444
439 452
439 456
439 468
439 476
439 694
439 698
439 1131
439 1143
439 1155
439 1732
440 445
440 453
440 457
440 469
440 477
440 695
440 699
440 1132
440 1144
440 1156
440 1733
441 1119
441 1723
443 451
443 455
443 467
443 475
443 693
443 697
443 1130
443 1142
443 1162
443 1731
444 452
444 456
444 468
444 476
444 694
444 698
444 1131
444 1143
444 1150
444 1163
444 1732
445 453
445 457
445 469
445 477
445 695
445 699
445 1132
445 1144
445 1151
445 1164
445 1733
451 455
451 467
451 475
451 693
451 697
451 1130
451 1142
451 1154
451 1731
452 456
452 468
452 476
452 694
452 698
452 1131
452 1143
452 1150
452 1155
452 1732
453 457
453 469
453 477
453 695
453 699
453 1132
453 1144
453 1151
453 1156
453 1733
455 467
455 475
455 693
455 697
455 1130
455 1142
455 1154
455 1162
455 1178
455 1404
455 1408
455 1731
456 468
456 476
456 694
456 698
456 1131
456 1143
456 1150
456 1155
456 1163
456 1179
456 1405
456 1409
456 1732
457 469
457 477
457 695
457 699
457 1132
457 1144
457 1151
457 1156
457 1164
457 1180
457 1406
457 1410
457 1733
459 463
459 471
459 1174
459 1721
459 1734
460 464
460 472
460 1122
460 1138
460 1146
460 1175
460 1722
460 1725
460 1728
460 1735
461 465
461 473
461 1123
461 1139
461 1147
461 1176
461 1726
461 1729
461 1736
463 471
463 1721
463 1734
464 472
464 1122
464 1138
464 1146
464 1722
464 1725
464 1728
464 1735
465 473
465 1123
465 1139
465 1147
465 1726
465 1729
465 1736
467 475
467 693
467 697
467 1142
467 1154
467 1162
467 1166
467 1186
467 1404
467 1408
467 1731
467 1740
468 476
468 694
468 698
468 1143
468 1150
468 1155
468 1163
468 1167
468 1187
468 1405
468 1409
468 1732
468 1741
468 1746
469 477
469 695
469 699
469 1144
469 1151
469 1156
469 1164
469 1168
469 1188
469 1406
469 1410
469 1733
469 1742
469 1747
471 1734
472 1138
472 1146
472 1725
472 1728
472 1735
473 1139
473 1147
473 1726
473 1729
473 1736
475 693
475 697
475 1142
475 1154
475 1162
475 1166
475 1178
475 1404
475 1408
475 1731
475 1740
475 1749
475 1755
475 1758
476 694
476 698
476 1143
476 1150
476 1155
476 1163
476 1167
476 1179
476 1405
476 1409
476 1732
476 1741
476 1746
476 1750
476 1756
476 1759
477 695
477 699
477 1144
477 1151
477 1156
477 1164
477 1168
477 1180
477 1406
477 1410
477 1733
477 1742
477 1747
477 1751
477 1757
477 1760
479 487
479 1170
479 1174
479 1182
479 1761
479 1764
480 483
480 488
480 1171
480 1175
480 1183
480 1737
480 1743
480 1762
480 1765
481 484
481 498
481 1172
481 1176
481 1184
481 1738
481 1744
481 1763
481 1766
483 488
483 1191
483 1743
483 1762
483 1765
483 1771
484 498
484 1192
484 1744
484 1763
484 1766
484 1772
485 499
485 1745
487 1170
487 1182
487 1190
487 1761
487 1764
487 1770
488 502
488 1171
488 1183
488 1191
488 1743
488 1762
488 1765
488 1771
490 494
490 1166
490 1178
490 1186
490 1205
490 1404
490 1740
490 1749
490 1755
490 1758
490 1767
490 1773
490 1934
490 1937
491 495
491 1167
491 1179
491 1187
491 1206
491 1405
491 1741
491 1746
491 1750
491 1756
491 1759
491 1768
491 1774
491 1935
491 1938
492 496
492 1168
492 1180
492 1188
492 1207
492 1406
492 1742
492 1747
492 1751
492 1757
492 1760
492 1769
492 1775
492 1936
492 1939
494 514
494 1178
494 1186
494 1201
494 1404
494 1740
494 1749
494 1755
494 1758
494 1767
494 1773
494 1934
494 1937
495 515
495 1179
495 1187
495 1202
495 1405
495 1741
495 1746
495 1750
495 1756
495 1759
495 1768
495 1774
495 1935
495 1938
496 516
496 1180
496 1188
496 1203
496 1406
496 1742
496 1747
496 1751
496 1757
496 1760
496 1769
496 1775
496 1936
496 1939
498 503
498 508
498 1172
498 1176
498 1184
498 1192
498 1195
498 1738
498 1744
498 1763
498 1766
498 1772
499 504
499 1196
499 1739
499 1745
502 507
502 1191
502 1194
502 1199
502 1762
502 1765
502 1771
503 508
503 510
503 1192
503 1195
503 1209
503 1763
503 1766
503 1772
504 511
504 1196
504 1210
506 1190
506 1198
506 1761
506 1776
506 1782
507 1191
507 1194
507 1199
507 1213
507 1762
507 1777
507 1783
508 510
508 1192
508 1195
508 1209
508 1214
508 1763
508 1778
508 1790
510 527
510 702
510 1192
510 1195
510 1209
510 1214
510 1219
510 1778
510 1780
510 1790
510 1794
511 703
511 1196
511 1210
511 1215
511 1781
511 1791
511 1795
512 1211
512 1792
514 518
514 522
514 529
514 537
514 1201
514 1205
514 1229
514 1233
514 1773
514 1784
514 1787
515 519
515 523
515 530
515 538
515 1202
515 1206
515 1230
515 1234
515 1774
515 1785
515 1788
516 520
516 531
516 539
516 1203
516 1207
516 1231
516 1775
516 1786
516 1789
518 522
518 529
518 537
518 1201
518 1205
518 1225
518 1233
518 1784
518 1787
519 523
519 530
519 538
519 1202
519 1206
519 1226
519 1234
519 1785
519 1788
520 531
520 539
520 1203
520 1207
520 1227
520 1786
520 1789
522 529
522 537
522 1201
522 1205
522 1225
522 1229
522 1784
522 1787
523 530
523 538
523 1202
523 1206
523 1226
523 1230
523 1785
523 1788
525 1217
525 1782
525 1796
526 533
526 701
526 705
526 1218
526 1412
526 1783
526 1793
526 1797
527 534
527 702
527 706
527 1219
527 1221
527 1413
527 1790
527 1794
527 1798
527 1799
529 537
529 1225
529 1229
529 1233
529 1248
529 1784
529 1787
529 1802
529 1805
529 1808
530 538
530 1226
530 1230
530 1234
530 1249
530 1785
530 1788
530 1803
530 1806
530 1809
531 539
531 1227
531 1231
531 1250
531 1786
531 1789
531 1804
531 1807
533 544
533 549
533 552
533 705
533 1237
533 1255
533 1260
533 1412
533 1416
533 1797
533 1811
533 1940
533 1943
534 545
534 550
534 553
534 706
534 1221
534 1238
534 1256
534 1261
534 1413
534 1417
534 1798
534 1799
534 1812
534 1941
534 1944
535 546
535 554
535 707
535 1222
535 1257
535 1414
535 1418
535 1800
535 1942
535 1945
537 1225
537 1229
537 1233
537 1240
537 1784
537 1787
537 1802
537 1805
537 1808
538 1226
538 1230
538 1234
538 1241
538 1785
538 1788
538 1803
538 1806
538 1809
539 1227
539 1231
539 1242
539 1786
539 1789
539 1804
539 1807
544 549
544 552
544 1237
544 1244
544 1412
544 1416
544 1797
544 1940
545 550
545 553
545 1238
545 1245
545 1413
545 1417
545 1798
545 1799
545 1941
546 554
546 1246
546 1414
546 1418
546 1800
546 1942
548 1236
548 1810
549 552
549 1237
549 1244
549 1255
549 1412
549 1416
549 1811
549 1940
550 553
550 1238
550 1245
550 1256
550 1413
550 1417
550 1799
550 1812
550 1941
552 1237
552 1244
552 1255
552 1260
552 1416
552 1811
552 1940
552 1943
553 1238
553 1245
553 1256
553 1261
553 1417
553 1799
553 1812
553 1941
553 1944
554 1246
554 1257
554 1418
554 1800
554 1942
554 1945
556 560
556 572
556 576
556 584
556 1240
556 1248
556 1271
556 1802
556 1805
556 1808
556 1813
556 1819
557 561
557 573
557 577
557 585
557 709
557 1241
557 1249
557 1272
557 1803
557 1806
557 1809
557 1814
557 1820
558 562
558 574
558 578
558 586
558 710
558 1242
558 1250
558 1273
558 1804
558 1807
558 1815
558 1821
560 572
560 576
560 584
560 1240
560 1248
560 1267
560 1802
560 1805
560 1808
560 1813
560 1819
561 573
561 577
561 585
561 709
561 1241
561 1249
561 1268
561 1803
561 1806
561 1809
561 1814
561 1820
562 574
562 578
562 586
562 710
562 1242
562 1250
562 1269
562 1804
562 1807
562 1815
562 1821
564 569
564 580
564 589
564 1244
564 1260
564 1263
564 1280
564 1816
564 1824
564 1828
564 1830
564 1943
565 570
565 581
565 590
565 1245
565 1261
565 1264
565 1281
565 1817
565 1825
565 1829
565 1831
565 1944
566 582
566 1246
566 1265
566 1818
566 1826
566 1832
566 1945
568 1259
568 1810
568 1827
569 1244
569 1255
569 1260
569 1263
569 1811
569 1816
569 1824
569 1828
569 1830
569 1943
570 1245
570 1256
570 1261
570 1264
570 1812
570 1817
570 1825
570 1829
570 1831
570 1944
572 576
572 584
572 592
572 1267
572 1271
572 1295
572 1813
572 1819
572 1833
572 1836
573 577
573 585
573 593
573 709
573 1268
573 1272
573 1296
573 1420
573 1814
573 1820
573 1834
573 1837
574 578
574 586
574 594
574 710
574 1269
574 1273
574 1297
574 1421
574 1815
574 1821
574 1835
574 1838
576 584
576 592
576 597
576 1267
576 1271
576 1283
576 1295
576 1813
576 1819
576 1833
576 1836
576 1845
577 585
577 593
577 709
577 1268
577 1272
577 1284
577 1296
577 1420
577 1814
577 1820
577 1834
577 1837
577 1846
577 1946
578 586
578 594
578 710
578 1269
578 1273
578 1285
578 1297
578 1421
578 1815
578 1821
578 1835
578 1838
578 1847
578 1947
580 589
580 1275
580 1280
580 1816
580 1828
580 1830
581 590
581 1276
581 1281
581 1817
581 1829
581 1831
582 1277
582 1818
582 1832
584 592
584 597
584 1267
584 1271
584 1283
584 1287
584 1813
584 1819
584 1833
584 1836
584 1845
585 593
585 709
585 1268
585 1272
585 1284
585 1288
585 1420
585 1814
585 1820
585 1834
585 1837
585 1846
585 1946
586 594
586 710
586 1269
586 1273
586 1285
586 1289
586 1421
586 1815
586 1821
586 1835
586 1838
586 1847
586 1947
588 1279
588 1827
588 1842
589 1275
589 1280
589 1291
589 1816
589 1828
589 1830
589 1839
589 1843
590 1276
590 1281
590 1292
590 1817
590 1829
590 1831
590 1840
590 1844
592 597
592 599
592 607
592 1267
592 1271
592 1283
592 1287
592 1295
592 1833
592 1836
592 1845
592 1848
592 1854
593 600
593 608
593 1268
593 1272
593 1284
593 1288
593 1296
593 1420
593 1834
593 1837
593 1846
593 1849
593 1855
593 1946
594 601
594 609
594 1269
594 1273
594 1285
594 1289
594 1297
594 1421
594 1835
594 1838
594 1847
594 1850
594 1856
594 1947
597 599
597 607
597 611
597 615
597 1283
597 1287
597 1295
597 1303
597 1318
597 1833
597 1836
597 1845
597 1848
597 1854
599 607
599 611
599 615
599 1283
599 1287
599 1295
599 1303
599 1308
599 1318
599 1833
599 1836
599 1845
599 1848
599 1854
600 608
600 612
600 616
600 1284
600 1288
600 1296
600 1304
600 1319
600 1834
600 1837
600 1846
600 1849
600 1855
600 1946
601 609
601 613
601 617
601 1285
601 1289
601 1297
601 1305
601 1320
601 1835
601 1838
601 1847
601 1850
601 1856
601 1947
603 1299
603 1842
604 1275
604 1291
604 1300
604 1839
604 1843
605 1276
605 1292
605 1301
605 1840
605 1844
607 611
607 615
607 1283
607 1287
607 1295
607 1303
607 1308
607 1310
607 1833
607 1836
607 1845
607 1848
607 1854
607 1860
608 612
608 616
608 1284
608 1288
608 1296
608 1304
608 1311
608 1834
608 1837
608 1846
608 1849
608 1855
608 1861
608 1946
609 613
609 617
609 619
609 1285
609 1289
609 1297
609 1305
609 1312
609 1835
609 1838
609 1847
609 1850
609 1856
609 1862
609 1947
611 615
611 1303
611 1308
611 1310
611 1318
611 1326
611 1845
611 1848
611 1854
611 1860
611 1864
611 1865
611 1871
612 616
612 1304
612 1311
612 1319
612 1327
612 1846
612 1849
612 1855
612 1861
612 1866
612 1872
613 617
613 619
613 1305
613 1312
613 1320
613 1328
613 1330
613 1847
613 1850
613 1856
613 1862
613 1867
613 1873
615 1287
615 1295
615 1303
615 1308
615 1310
615 1318
615 1322
615 1845
615 1848
615 1854
615 1860
615 1864
615 1871
616 1288
616 1296
616 1304
616 1311
616 1319
616 1323
616 1846
616 1849
616 1855
616 1861
616 1872
617 619
617 1289
617 1297
617 1305
617 1312
617 1320
617 1324
617 1847
617 1850
617 1856
617 1862
617 1873
619 1305
619 1312
619 1320
619 1324
619 1328
619 1847
619 1850
619 1856
619 1862
619 1867
619 1873
622 626
622 630
622 636
622 713
622 721
622 725
622 729
622 732
622 736
622 740
622 744
622 748
622 760
622 1337
622 1423
622 1429
622 1432
622 1435
623 627
623 631
623 637
623 714
623 722
623 726
623 730
623 733
623 737
623 741
623 745
623 749
623 756
623 761
623 1338
623 1424
623 1430
623 1433
623 1436
624 628
624 638
624 715
624 723
624 727
624 734
624 738
624 742
624 746
624 750
624 757
624 762
624 1339
624 1425
624 1431
624 1434
626 713
626 721
626 725
626 729
626 732
626 736
626 740
626 744
627 714
627 722
627 726
627 730
627 733
627 737
627 741
627 745
628 715
628 723
628 727
628 734
628 738
628 742
628 746
630 636
630 713
630 721
630 725
630 729
630 732
630 736
630 740
630 744
630 748
630 752
630 760
630 767
630 1333
630 1337
630 1347
630 1423
630 1429
630 1432
630 1435
630 1437
630 1440
630 1443
630 1446
630 1449
630 1452
630 1458
630 1882
630 1885
631 637
631 714
631 722
631 726
631 730
631 733
631 737
631 741
631 745
631 749
631 753
631 756
631 761
631 768
631 1334
631 1338
631 1348
631 1424
631 1430
631 1433
631 1436
631 1438
631 1441
631 1444
631 1447
631 1450
631 1453
631 1455
631 1459
631 1883
631 1886
634 640
634 1426
636 721
636 725
636 729
636 732
636 736
636 740
636 744
636 748
636 752
636 760
636 767
636 1333
636 1337
636 1341
636 1423
636 1429
636 1432
636 1435
636 1437
636 1440
636 1443
636 1446
636 1449
636 1452
636 1458
636 1882
636 1885
637 722
637 726
637 730
637 733
637 737
637 741
637 745
637 749
637 753
637 756
637 761
637 768
637 1334
637 1338
637 1342
637 1424
637 1430
637 1433
637 1436
637 1438
637 1441
637 1444
637 1447
637 1450
637 1453
637 1455
637 1459
637 1883
637 1886
638 723
638 727
638 734
638 738
638 742
638 746
638 750
638 754
638 757
638 762
638 769
638 1335
638 1339
638 1425
638 1431
638 1434
638 1439
638 1442
638 1445
638 1448
638 1451
638 1454
638 1456
638 1460
638 1884
638 1887
640 1426
641 1427
642 1428
644 806
644 814
644 818
644 1477
644 1483
644 1492
644 1498
645 807
645 815
645 819
645 1478
645 1484
645 1493
645 1499
647 818
647 822
647 827
647 833
647 837
647 845
647 849
647 853
647 1355
647 1492
647 1498
647 1501
647 1504
647 1508
647 1512
647 1515
647 1521
647 1898
648 819
648 823
648 834
648 838
648 846
648 850
648 854
648 1356
648 1493
648 1499
648 1502
648 1505
648 1513
648 1516
648 1522
648 1899
650 830
650 842
650 1510
651 831
651 843
651 1511
654 658
654 891
654 898
654 902
654 1532
654 1538
654 1555
655 659
655 884
655 892
655 899
655 903
655 1533
655 1539
655 1541
655 1550
655 1556
656 660
656 885
656 900
656 1534
656 1540
656 1542
656 1551
658 662
658 898
658 902
658 905
658 913
658 917
658 921
658 929
658 933
658 944
658 948
658 1365
658 1373
658 1555
658 1560
658 1563
658 1565
658 1574
658 1905
659 663
659 899
659 903
659 906
659 914
659 918
659 922
659 930
659 934
659 945
659 949
659 1366
659 1374
659 1550
659 1556
659 1561
659 1564
659 1566
659 1575
659 1906
660 664
660 900
660 907
660 915
660 919
660 923
660 931
660 946
660 1367
660 1375
660 1551
660 1562
660 1567
660 1576
660 1907
662 898
662 902
662 905
662 913
662 917
662 921
662 929
662 933
662 944
662 948
662 959
662 1365
662 1369
662 1555
662 1560
662 1563
662 1565
662 1574
662 1905
663 899
663 903
663 906
663 914
663 918
663 922
663 930
663 934
663 945
663 949
663 960
663 1366
663 1370
663 1550
663 1556
663 1561
663 1564
663 1566
663 1575
663 1906
664 900
664 907
664 915
664 919
664 923
664 931
664 946
664 961
664 1367
664 1371
664 1551
664 1562
664 1567
664 1576
664 1907
666 670
666 913
666 921
666 929
666 933
666 944
666 948
666 951
666 959
666 971
666 1369
666 1373
666 1563
666 1565
666 1571
666 1574
666 1577
666 1583
666 1586
666 1594
666 1597
666 1599
666 1605
666 1905
666 1908
666 1911
667 671
667 914
667 922
667 930
667 934
667 945
667 949
667 952
667 960
667 972
667 982
667 1370
667 1374
667 1564
667 1566
667 1572
667 1575
667 1578
667 1584
667 1587
667 1595
667 1598
667 1600
667 1606
667 1906
667 1909
667 1912
668 672
668 915
668 923
668 931
668 946
668 953
668 961
668 973
668 983
668 1371
668 1375
668 1567
668 1573
668 1576
668 1579
668 1585
668 1596
668 1601
668 1607
668 1907
668 1910
668 1913
670 933
670 944
670 948
670 951
670 959
670 971
670 986
670 1000
670 1369
670 1373
670 1377
670 1565
670 1571
670 1574
670 1577
670 1583
670 1586
670 1594
670 1597
670 1599
670 1605
670 1614
670 1908
670 1911
671 934
671 945
671 949
671 952
671 960
671 972
671 982
671 987
671 1001
671 1370
671 1374
671 1378
671 1566
671 1572
671 1575
671 1578
671 1584
671 1587
671 1595
671 1598
671 1600
671 1606
671 1615
671 1622
671 1909
671 1912
672 946
672 953
672 961
672 973
672 983
672 1002
672 1371
672 1375
672 1379
672 1567
672 1573
672 1576
672 1579
672 1585
672 1596
672 1601
672 1607
672 1616
672 1623
672 1910
672 1913
674 678
674 1009
674 1389
674 1619
674 1630
674 1642
675 679
675 1010
675 1390
675 1620
675 1631
675 1632
675 1643
676 680
676 1391
676 1621
676 1633
678 978
678 1009
678 1619
678 1630
678 1642
679 979
679 1010
679 1620
679 1631
679 1632
679 1643
680 980
680 1621
680 1633
682 686
682 986
682 1000
682 1004
682 1013
682 1015
682 1019
682 1023
682 1377
682 1381
682 1605
682 1614
682 1625
682 1635
682 1638
682 1645
682 1914
682 1917
683 687
683 982
683 987
683 1001
683 1005
683 1016
683 1020
683 1024
683 1378
683 1382
683 1606
683 1615
683 1622
683 1626
683 1636
683 1639
683 1915
683 1918
684 688
684 983
684 1002
684 1006
684 1017
684 1021
684 1379
684 1383
684 1607
684 1616
684 1623
684 1637
684 1640
684 1916
684 1919
686 1000
686 1004
686 1013
686 1015
686 1019
686 1023
686 1026
686 1030
686 1034
686 1381
686 1393
686 1625
686 1635
686 1638
686 1645
686 1646
686 1649
686 1652
686 1914
686 1917
686 1926
687 1001
687 1005
687 1016
687 1020
687 1024
687 1027
687 1031
687 1035
687 1382
687 1394
687 1622
687 1626
687 1636
687 1639
687 1647
687 1650
687 1653
687 1915
687 1918
687 1927
688 1002
688 1006
688 1017
688 1021
688 1028
688 1032
688 1036
688 1383
688 1395
688 1623
688 1637
688 1640
688 1648
688 1651
688 1916
688 1919
688 1928
690 1030
690 1038
690 1042
690 1046
690 1054
690 1057
690 1065
690 1073
690 1077
690 1649
690 1652
690 1654
690 1657
690 1660
690 1663
690 1666
690 1669
690 1675
690 1677
690 1683
690 1926
690 1929
691 1031
691 1039
691 1043
691 1047
691 1055
691 1058
691 1061
691 1066
691 1074
691 1078
691 1650
691 1653
691 1655
691 1658
691 1661
691 1664
691 1667
691 1670
691 1676
691 1678
691 1684
691 1927
691 1930
693 697
693 1130
693 1142
693 1154
693 1162
693 1166
693 1178
693 1408
693 1731
693 1740
694 698
694 1131
694 1143
694 1150
694 1155
694 1163
694 1167
694 1179
694 1409
694 1732
694 1741
694 1746
695 699
695 1132
695 1144
695 1151
695 1156
695 1164
695 1168
695 1180
695 1410
695 1733
695 1742
695 1747
697 1130
697 1142
697 1154
697 1162
697 1731
698 1131
698 1143
698 1150
698 1155
698 1163
698 1732
699 1132
699 1144
699 1151
699 1156
699 1164
699 1733
701 1213
701 1218
701 1777
701 1779
701 1783
701 1793
701 1797
702 1209
702 1214
702 1219
702 1221
702 1778
702 1780
702 1790
702 1794
702 1798
703 1210
703 1215
703 1222
703 1781
703 1791
703 1795
705 1237
705 1412
705 1793
705 1797
706 1221
706 1238
706 1413
706 1790
706 1794
706 1798
706 1799
707 1222
707 1414
707 1791
707 1795
707 1800
709 1268
709 1272
709 1814
709 1820
710 1269
710 1273
710 1815
710 1821
711 1252
711 1822
713 721
713 725
713 729
713 732
713 736
713 740
713 744
713 748
713 1333
713 1337
713 1429
713 1432
713 1435
714 722
714 726
714 730
714 733
714 737
714 741
714 745
714 749
714 1334
714 1338
714 1430
714 1433
714 1436
715 723
715 727
715 734
715 738
715 742
715 746
715 750
715 1335
715 1339
715 1431
715 1434
721 725
721 729
721 732
721 736
721 740
721 744
721 748
721 752
721 760
721 1333
721 1337
721 1423
721 1432
721 1435
721 1440
722 726
722 730
722 733
722 737
722 741
722 745
722 749
722 753
722 756
722 761
722 1334
722 1338
722 1424
722 1433
722 1436
722 1441
723 727
723 734
723 738
723 742
723 746
723 750
723 754
723 757
723 762
723 1335
723 1339
723 1425
723 1434
723 1442
725 729
725 732
725 736
725 740
725 744
725 748
725 752
725 760
725 1333
725 1337
725 1423
725 1429
725 1435
725 1440
726 730
726 733
726 737
726 741
726 745
726 749
726 753
726 756
726 761
726 1334
726 1338
726 1424
726 1430
726 1436
726 1441
727 734
727 738
727 742
727 746
727 750
727 754
727 757
727 762
727 1335
727 1339
727 1425
727 1431
727 1442
729 732
729 736
729 740
729 744
729 748
729 752
729 760
729 1333
729 1337
729 1341
729 1347
729 1423
729 1429
729 1432
729 1437
729 1440
729 1443
729 1446
729 1449
729 1458
729 1882
729 1885
730 733
730 737
730 741
730 745
730 749
730 753
730 756
730 761
730 1334
730 1338
730 1342
730 1348
730 1424
730 1430
730 1433
730 1438
730 1441
730 1444
730 1447
730 1450
730 1455
730 1459
730 1883
730 1886
732 736
732 740
732 744
732 748
732 752
732 760
732 1333
732 1337
732 1423
732 1429
732 1432
732 1435
732 1440
733 737
733 741
733 745
733 749
733 753
733 756
733 761
733 1334
733 1338
733 1424
733 1430
733 1433
733 1436
733 1441
734 738
734 742
734 746
734 750
734 754
734 757
734 762
734 1335
734 1339
734 1425
734 1431
734 1434
734 1442
736 740
736 744
736 748
736 752
736 760
736 1333
736 1337
736 1423
736 1429
736 1432
736 1435
736 1437
736 1443
736 1446
736 1885
737 741
737 745
737 749
737 753
737 756
737 761
737 1334
737 1338
737 1424
737 1430
737 1433
737 1436
737 1438
737 1444
737 1447
737 1886
738 742
738 746
738 750
738 754
738 757
738 762
738 1335
738 1339
738 1425
738 1431
738 1434
738 1439
738 1445
738 1448
738 1887
740 744
740 748
740 752
740 760
740 1333
740 1337
740 1341
740 1423
740 1429
740 1432
740 1435
740 1437
740 1440
740 1446
740 1885
741 745
741 749
741 753
741 756
741 761
741 1334
741 1338
741 1342
741 1424
741 1430
741 1433
741 1436
741 1438
741 1441
741 1447
741 1886
742 746
742 750
742 754
742 757
742 762
742 1335
742 1339
742 1425
742 1431
742 1434
742 1439
742 1442
742 1448
742 1887
744 748
744 752
744 760
744 1333
744 1337
744 1341
744 1347
744 1423
744 1429
744 1432
744 1435
744 1437
744 1440
744 1443
744 1449
744 1458
744 1882
744 1885
745 749
745 753
745 756
745 761
745 1334
745 1338
745 1342
745 1348
745 1424
745 1430
745 1433
745 1436
745 1438
745 1441
745 1444
745 1450
745 1455
745 1459
745 1883
745 1886
746 750
746 754
746 757
746 762
746 1335
746 1339
746 1349
746 1425
746 1431
746 1434
746 1439
746 1442
746 1445
746 1451
746 1456
746 1460
746 1884
746 1887
748 752
748 760
748 1333
748 1337
748 1341
748 1347
748 1423
748 1429
748 1432
748 1435
748 1437
748 1440
748 1443
748 1446
748 1458
748 1882
748 1885
749 753
749 756
749 761
749 1334
749 1338
749 1342
749 1348
749 1424
749 1430
749 1433
749 1436
749 1438
749 1441
749 1444
749 1447
749 1455
749 1459
749 1883
749 1886
750 754
750 757
750 762
750 1335
750 1339
750 1349
750 1425
750 1431
750 1434
750 1439
750 1442
750 1445
750 1448
750 1456
750 1460
750 1884
750 1887
752 760
752 767
752 1333
752 1337
752 1341
752 1347
752 1423
752 1429
752 1432
752 1435
752 1437
752 1440
752 1443
752 1446
752 1449
752 1458
752 1882
752 1885
753 756
753 761
753 768
753 1334
753 1338
753 1342
753 1348
753 1424
753 1430
753 1433
753 1436
753 1438
753 1441
753 1444
753 1447
753 1450
753 1455
753 1459
753 1883
753 1886
754 757
754 762
754 769
754 1335
754 1339
754 1349
754 1425
754 1431
754 1434
754 1439
754 1442
754 1445
754 1448
754 1451
754 1456
754 1460
754 1884
754 1887
756 761
756 768
756 1334
756 1338
756 1342
756 1348
756 1424
756 1430
756 1433
756 1436
756 1438
756 1441
756 1444
756 1447
756 1450
756 1453
756 1459
756 1883
756 1886
757 762
757 769
757 1335
757 1339
757 1349
757 1425
757 1431
757 1434
757 1439
757 1442
757 1445
757 1448
757 1451
757 1454
757 1460
757 1884
757 1887
758 764
760 767
760 1333
760 1337
760 1341
760 1347
760 1423
760 1429
760 1432
760 1435
760 1437
760 1440
760 1443
760 1446
760 1449
760 1452
760 1882
760 1885
761 768
761 1334
761 1338
761 1342
761 1348
761 1424
761 1430
761 1433
761 1436
761 1438
761 1441
761 1444
761 1447
761 1450
761 1453
761 1455
761 1883
761 1886
762 769
762 1335
762 1339
762 1349
762 1425
762 1431
762 1434
762 1439
762 1442
762 1445
762 1448
762 1451
762 1454
762 1456
762 1884
762 1887
764 775
764 1457
767 786
767 794
767 1341
767 1347
767 1432
767 1435
767 1437
767 1440
767 1443
767 1446
767 1449
767 1452
767 1458
767 1882
767 1885
767 1888
767 1892
768 787
768 795
768 1342
768 1348
768 1433
768 1436
768 1438
768 1441
768 1444
768 1447
768 1450
768 1453
768 1455
768 1459
768 1883
768 1886
768 1889
768 1893
769 788
769 796
769 1349
769 1434
769 1439
769 1442
769 1445
769 1448
769 1451
769 1454
769 1456
769 1460
769 1884
769 1887
769 1894
771 1345
771 1351
772 778
772 1352
773 779
773 1353
775 784
775 1457
775 1461
778 791
778 1352
779 792
779 1353
782 787
782 795
782 807
782 1342
782 1348
782 1453
782 1455
782 1459
782 1464
782 1478
782 1484
782 1889
782 1893
783 788
783 796
783 808
783 1349
783 1454
783 1456
783 1460
783 1465
783 1479
783 1485
783 1894
784 1457
784 1461
784 1469
786 794
786 806
786 1341
786 1347
786 1435
786 1446
786 1449
786 1452
786 1458
786 1463
786 1483
786 1882
786 1888
786 1892
787 795
787 807
787 1342
787 1348
787 1436
787 1447
787 1450
787 1453
787 1455
787 1459
787 1464
787 1474
787 1484
787 1883
787 1889
787 1893
788 796
788 808
788 1349
788 1448
788 1451
788 1454
788 1456
788 1460
788 1465
788 1475
788 1485
788 1884
788 1894
790 799
790 1345
790 1351
790 1466
790 1891
790 1895
791 800
791 1352
791 1467
791 1471
791 1896
792 1353
792 1468
792 1472
792 1897
794 806
794 1341
794 1347
794 1435
794 1446
794 1449
794 1452
794 1458
794 1463
794 1477
794 1882
794 1888
794 1892
795 807
795 1342
795 1348
795 1436
795 1447
795 1450
795 1453
795 1455
795 1459
795 1464
795 1474
795 1478
795 1883
795 1889
795 1893
796 808
796 1349
796 1448
796 1451
796 1454
796 1456
796 1460
796 1465
796 1475
796 1479
796 1884
796 1894
798 1890
799 802
799 1466
799 1480
799 1891
799 1895
800 803
800 1467
800 1471
800 1481
800 1896
802 810
802 1480
802 1487
802 1891
802 1895
803 811
803 1471
803 1481
803 1488
803 1896
804 812
804 1472
804 1482
804 1897
806 814
806 818
806 1463
806 1477
806 1483
806 1888
806 1892
807 815
807 819
807 1464
807 1474
807 1478
807 1484
807 1889
807 1893
808 816
808 820
808 1465
808 1475
808 1479
808 1485
808 1894
810 1480
810 1487
810 1489
811 1481
811 1488
811 1490
812 1482
812 1491
814 818
814 1477
814 1483
814 1492
815 819
815 1474
815 1478
815 1484
815 1493
816 820
816 1475
816 1479
816 1485
816 1494
818 822
818 1355
818 1483
818 1492
818 1498
819 823
819 1356
819 1484
819 1493
819 1499
820 824
820 1485
820 1494
820 1500
822 827
822 833
822 837
822 845
822 849
822 1355
822 1492
822 1498
822 1501
822 1898
823 834
823 838
823 846
823 850
823 1356
823 1493
823 1499
823 1502
823 1899
824 835
824 839
824 847
824 851
824 1494
824 1500
824 1503
827 833
827 837
827 845
827 849
827 853
827 860
827 1358
827 1501
827 1504
827 1512
827 1515
827 1521
827 1524
827 1527
827 1898
827 1900
829 841
830 842
831 843
833 837
833 845
833 849
833 853
833 1358
833 1501
833 1504
833 1508
833 1515
833 1521
833 1898
834 838
834 846
834 850
834 854
834 1359
834 1502
834 1505
834 1516
834 1522
834 1899
835 839
835 847
835 851
835 855
835 1503
835 1506
835 1517
835 1523
837 845
837 849
837 853
837 1358
837 1501
837 1504
837 1508
837 1512
837 1521
837 1524
837 1898
838 846
838 850
838 854
838 1359
838 1502
838 1505
838 1513
838 1522
838 1525
838 1899
839 847
839 851
839 855
839 1503
839 1506
839 1514
839 1523
839 1526
841 1509
842 1361
842 1510
843 1362
843 1511
845 849
845 853
845 860
845 1358
845 1501
845 1504
845 1508
845 1512
845 1515
845 1524
845 1527
845 1898
845 1900
846 850
846 854
846 861
846 872
846 1359
846 1502
846 1505
846 1513
846 1516
846 1525
846 1528
846 1899
846 1901
847 851
847 855
847 862
847 873
847 1503
847 1506
847 1514
847 1517
847 1526
847 1529
849 853
849 860
849 868
849 1358
849 1501
849 1504
849 1508
849 1512
849 1515
849 1521
849 1527
849 1898
849 1900
850 854
850 861
850 869
850 872
850 1359
850 1502
850 1505
850 1513
850 1516
850 1522
850 1528
850 1899
850 1901
851 855
851 862
851 870
851 873
851 1503
851 1506
851 1514
851 1517
851 1523
851 1529
853 860
853 868
853 1358
853 1501
853 1504
853 1508
853 1512
853 1515
853 1521
853 1524
853 1898
853 1900
854 861
854 869
854 872
854 1359
854 1502
854 1505
854 1513
854 1516
854 1522
854 1525
854 1899
854 1901
855 862
855 870
855 873
855 1503
855 1506
855 1514
855 1517
855 1523
855 1526
857 874
857 1543
860 868
860 1358
860 1508
860 1512
860 1515
860 1521
860 1524
860 1527
860 1538
860 1900
861 869
861 872
861 884
861 1359
861 1513
861 1516
861 1522
861 1525
861 1528
861 1539
861 1541
861 1901
862 870
862 873
862 885
862 1514
862 1517
862 1523
862 1526
862 1529
862 1540
862 1542
864 1518
865 876
865 1519
865 1902
866 877
866 1520
866 1903
868 1358
868 1508
868 1512
868 1515
868 1521
868 1524
868 1527
868 1532
868 1900
869 872
869 884
869 1359
869 1513
869 1516
869 1522
869 1525
869 1528
869 1533
869 1541
869 1901
870 873
870 885
870 1514
870 1517
870 1523
870 1526
870 1529
870 1534
870 1542
872 884
872 1359
872 1513
872 1516
872 1522
872 1525
872 1528
872 1533
872 1539
872 1901
873 885
873 1514
873 1517
873 1523
873 1526
873 1529
873 1534
873 1540
874 886
874 888
874 1530
876 881
876 1536
876 1902
877 882
877 1537
877 1903
878 1904
880 1535
881 1536
882 1537
884 892
884 899
884 1528
884 1533
884 1539
884 1541
884 1556
884 1901
885 900
885 1529
885 1534
885 1540
885 1542
886 888
886 1530
886 1543
886 1553
888 1530
888 1543
888 1552
891 898
891 1365
891 1532
891 1538
892 899
892 1366
892 1533
892 1539
892 1541
892 1550
894 1547
895 1544
895 1548
896 1545
896 1549
898 902
898 905
898 913
898 917
898 921
898 1365
898 1555
898 1905
899 903
899 906
899 914
899 918
899 922
899 1366
899 1541
899 1550
899 1556
899 1906
900 907
900 915
900 919
900 923
900 1367
900 1542
900 1551
900 1907
902 905
902 913
902 917
902 921
902 929
902 933
902 1365
902 1369
902 1373
902 1555
902 1560
902 1905
903 906
903 914
903 918
903 922
903 930
903 934
903 1366
903 1370
903 1374
903 1550
903 1556
903 1561
903 1906
905 913
905 917
905 921
905 929
905 933
905 944
905 948
905 951
905 959
905 1365
905 1369
905 1373
905 1555
905 1560
905 1563
905 1571
905 1574
905 1905
906 914
906 918
906 922
906 930
906 934
906 945
906 949
906 952
906 960
906 1366
906 1370
906 1374
906 1550
906 1556
906 1561
906 1564
906 1572
906 1575
906 1906
907 915
907 919
907 923
907 931
907 946
907 953
907 961
907 1367
907 1371
907 1375
907 1551
907 1562
907 1573
907 1576
907 1907
909 925
909 941
909 1558
910 926
910 936
910 942
910 1559
911 927
911 937
913 917
913 921
913 929
913 933
913 944
913 948
913 951
913 959
913 1365
913 1369
913 1373
913 1555
913 1560
913 1563
913 1565
913 1574
913 1577
913 1583
913 1586
913 1905
913 1908
913 1911
914 918
914 922
914 930
914 934
914 945
914 949
914 952
914 960
914 1366
914 1370
914 1374
914 1550
914 1556
914 1561
914 1564
914 1566
914 1575
914 1578
914 1584
914 1587
914 1906
914 1909
914 1912
915 919
915 923
915 931
915 946
915 953
915 961
915 1367
915 1371
915 1375
915 1551
915 1562
915 1567
915 1576
915 1579
915 1585
915 1907
915 1910
915 1913
917 921
917 929
917 933
917 944
917 948
917 951
917 959
917 1365
917 1369
917 1373
917 1555
917 1560
917 1563
917 1565
917 1571
917 1577
917 1905
918 922
918 930
918 934
918 945
918 949
918 952
918 960
918 1366
918 1370
918 1374
918 1550
918 1556
918 1561
918 1564
918 1566
918 1572
918 1578
918 1906
919 923
919 931
919 946
919 953
919 961
919 1367
919 1371
919 1375
919 1551
919 1562
919 1567
919 1573
919 1579
919 1907
921 929
921 933
921 944
921 948
921 951
921 959
921 1365
921 1369
921 1373
921 1555
921 1560
921 1563
921 1565
921 1571
921 1574
921 1905
922 930
922 934
922 945
922 949
922 952
922 960
922 1366
922 1370
922 1374
922 1556
922 1561
922 1564
922 1566
922 1572
922 1575
922 1906
923 931
923 946
923 953
923 961
923 1367
923 1371
923 1375
923 1562
923 1567
923 1573
923 1576
923 1907
925 941
925 956
925 964
925 1558
925 1568
926 936
926 942
926 957
926 965
926 1559
926 1569
927 937
927 1570
929 933
929 944
929 948
929 951
929 959
929 1369
929 1373
929 1560
929 1563
929 1565
929 1571
929 1574
929 1577
929 1586
929 1905
929 1908
930 934
930 945
930 949
930 952
930 960
930 1370
930 1374
930 1561
930 1564
930 1566
930 1572
930 1575
930 1578
930 1587
930 1906
930 1909
931 946
931 953
931 961
931 1371
931 1375
931 1562
931 1567
931 1573
931 1576
931 1579
931 1907
931 1910
933 944
933 948
933 951
933 959
933 971
933 1365
933 1369
933 1373
933 1560
933 1563
933 1565
933 1571
933 1574
933 1577
933 1583
933 1594
933 1597
933 1905
933 1908
933 1911
934 945
934 949
934 952
934 960
934 972
934 1366
934 1370
934 1374
934 1561
934 1564
934 1566
934 1572
934 1575
934 1578
934 1584
934 1595
934 1598
934 1906
934 1909
934 1912
936 942
936 957
936 965
936 969
936 1559
936 1569
936 1581
937 1570
937 1582
940 955
940 963
940 967
941 956
941 964
941 968
941 1568
941 1580
942 957
942 965
942 969
942 1569
942 1581
942 1588
944 948
944 951
944 959
944 971
944 1369
944 1373
944 1560
944 1563
944 1565
944 1571
944 1574
944 1577
944 1583
944 1586
944 1597
944 1605
944 1905
944 1908
944 1911
945 949
945 952
945 960
945 972
945 1370
945 1374
945 1561
945 1564
945 1566
945 1572
945 1575
945 1578
945 1584
945 1587
945 1598
945 1606
945 1906
945 1909
945 1912
946 953
946 961
946 973
946 1371
946 1375
946 1562
946 1567
946 1573
946 1576
946 1579
946 1585
946 1607
946 1907
946 1910
946 1913
948 951
948 959
948 971
948 1369
948 1373
948 1560
948 1563
948 1565
948 1571
948 1574
948 1577
948 1583
948 1586
948 1594
948 1599
948 1605
948 1905
948 1908
948 1911
949 952
949 960
949 972
949 1370
949 1374
949 1561
949 1564
949 1566
949 1572
949 1575
949 1578
949 1584
949 1587
949 1595
949 1600
949 1606
949 1906
949 1909
949 1912
951 959
951 971
951 1369
951 1373
951 1560
951 1563
951 1565
951 1571
951 1574
951 1577
951 1583
951 1586
951 1594
951 1597
951 1605
951 1905
951 1908
951 1911
952 960
952 972
952 1370
952 1374
952 1561
952 1564
952 1566
952 1572
952 1575
952 1578
952 1584
952 1587
952 1595
952 1598
952 1606
952 1906
952 1909
952 1912
953 961
953 973
953 1371
953 1375
953 1562
953 1567
953 1573
953 1576
953 1579
953 1585
953 1596
953 1607
953 1907
953 1910
953 1913
955 963
955 967
955 1591
956 964
956 968
956 1568
956 1580
956 1592
957 965
957 969
957 1569
957 1581
957 1588
957 1593
959 971
959 1369
959 1373
959 1377
959 1560
959 1563
959 1565
959 1571
959 1574
959 1577
959 1583
959 1586
959 1594
959 1597
959 1599
959 1905
959 1908
959 1911
960 972
960 982
960 1370
960 1374
960 1378
960 1561
960 1564
960 1566
960 1572
960 1575
960 1578
960 1584
960 1587
960 1595
960 1598
960 1600
960 1906
960 1909
960 1912
961 973
961 983
961 1371
961 1375
961 1379
961 1562
961 1567
961 1573
961 1576
961 1579
961 1585
961 1596
961 1601
961 1907
961 1910
961 1913
963 967
963 1591
963 1602
964 968
964 1568
964 1580
964 1592
964 1603
965 969
965 1569
965 1581
965 1588
965 1593
965 1604
967 1591
967 1608
968 1568
968 1580
968 1592
968 1609
969 1569
969 1581
969 1588
969 1593
969 1610
971 1369
971 1373
971 1377
971 1565
971 1571
971 1574
971 1577
971 1583
971 1586
971 1594
971 1597
971 1599
971 1605
971 1908
971 1911
972 982
972 1370
972 1374
972 1378
972 1566
972 1572
972 1575
972 1578
972 1584
972 1587
972 1595
972 1598
972 1600
972 1606
972 1909
972 1912
973 983
973 1371
973 1375
973 1379
973 1567
973 1573
973 1576
973 1579
973 1585
973 1596
973 1601
973 1607
973 1910
973 1913
975 984
975 989
975 1624
978 993
978 1009
978 1603
978 1609
978 1612
978 1630
979 994
979 996
979 1010
979 1604
979 1610
979 1613
979 1631
979 1632
980 997
980 1633
982 987
982 1001
982 1005
982 1378
982 1382
982 1572
982 1575
982 1578
982 1584
982 1587
982 1595
982 1598
982 1600
982 1606
982 1615
982 1909
982 1912
982 1915
982 1918
983 1002
983 1006
983 1379
983 1383
983 1573
983 1576
983 1579
983 1585
983 1596
983 1601
983 1607
983 1616
983 1910
983 1913
983 1916
983 1919
984 989
984 1617
986 1000
986 1004
986 1013
986 1377
986 1381
986 1597
986 1605
986 1614
986 1914
986 1917
987 1001
987 1005
987 1378
987 1382
987 1598
987 1606
987 1615
987 1622
987 1915
987 1918
989 1617
989 1624
992 1602
992 1608
992 1611
993 1603
993 1609
993 1612
994 996
994 1604
994 1610
994 1613
996 1010
996 1604
996 1610
996 1613
996 1620
996 1631
997 1621
998 1012
1000 1004
1000 1013
1000 1015
1000 1019
1000 1023
1000 1377
1000 1381
1000 1393
1000 1605
1000 1614
1000 1625
1000 1638
1000 1914
1000 1917
1001 1005
1001 1016
1001 1020
1001 1024
1001 1378
1001 1382
1001 1394
1001 1606
1001 1615
1001 1622
1001 1626
1001 1639
1001 1915
1001 1918
1002 1006
1002 1017
1002 1021
1002 1379
1002 1383
1002 1395
1002 1607
1002 1616
1002 1623
1002 1640
1002 1916
1002 1919
1004 1013
1004 1015
1004 1019
1004 1023
1004 1377
1004 1381
1004 1393
1004 1605
1004 1614
1004 1625
1004 1635
1004 1645
1004 1914
1004 1917
1005 1016
1005 1020
1005 1024
1005 1378
1005 1382
1005 1394
1005 1606
1005 1615
1005 1622
1005 1626
1005 1636
1005 1915
1005 1918
1006 1017
1006 1021
1006 1379
1006 1383
1006 1395
1006 1607
1006 1616
1006 1623
1006 1637
1006 1916
1006 1919
1008 1629
1009 1619
1009 1630
1010 1620
1010 1631
1010 1632
1012 1634
1013 1015
1013 1019
1013 1023
1013 1026
1013 1034
1013 1377
1013 1381
1013 1393
1013 1625
1013 1635
1013 1638
1013 1914
1013 1917
1015 1019
1015 1023
1015 1026
1015 1034
1015 1393
1015 1625
1015 1635
1015 1638
1015 1645
1015 1914
1015 1917
1016 1020
1016 1024
1016 1027
1016 1035
1016 1394
1016 1622
1016 1626
1016 1636
1016 1639
1016 1915
1016 1918
1017 1021
1017 1028
1017 1036
1017 1395
1017 1623
1017 1637
1017 1640
1017 1916
1017 1919
1019 1023
1019 1026
1019 1030
1019 1034
1019 1393
1019 1397
1019 1625
1019 1635
1019 1638
1019 1645
1019 1646
1019 1652
1019 1914
1019 1917
1019 1926
1020 1024
1020 1027
1020 1031
1020 1035
1020 1394
1020 1398
1020 1622
1020 1626
1020 1636
1020 1639
1020 1647
1020 1653
1020 1915
1020 1918
1020 1927
1021 1028
1021 1032
1021 1036
1021 1395
1021 1399
1021 1623
1021 1637
1021 1640
1021 1648
1021 1916
1021 1919
1021 1928
1023 1026
1023 1030
1023 1034
1023 1393
1023 1397
1023 1625
1023 1635
1023 1638
1023 1645
1023 1646
1023 1649
1023 1654
1023 1660
1023 1914
1023 1917
1023 1926
1024 1027
1024 1031
1024 1035
1024 1394
1024 1398
1024 1622
1024 1626
1024 1636
1024 1639
1024 1647
1024 1650
1024 1655
1024 1661
1024 1915
1024 1918
1024 1927
1026 1030
1026 1034
1026 1038
1026 1046
1026 1393
1026 1397
1026 1625
1026 1635
1026 1638
1026 1645
1026 1646
1026 1649
1026 1652
1026 1657
1026 1660
1026 1917
1026 1926
1026 1929
1027 1031
1027 1035
1027 1039
1027 1047
1027 1394
1027 1398
1027 1622
1027 1626
1027 1636
1027 1639
1027 1647
1027 1650
1027 1653
1027 1658
1027 1661
1027 1918
1027 1927
1027 1930
1028 1032
1028 1036
1028 1040
1028 1048
1028 1395
1028 1399
1028 1623
1028 1637
1028 1640
1028 1648
1028 1651
1028 1659
1028 1662
1028 1919
1028 1928
1028 1931
1030 1034
1030 1038
1030 1042
1030 1046
1030 1057
1030 1393
1030 1397
1030 1635
1030 1638
1030 1645
1030 1646
1030 1649
1030 1652
1030 1654
1030 1660
1030 1917
1030 1926
1030 1929
1031 1035
1031 1039
1031 1043
1031 1047
1031 1058
1031 1394
1031 1398
1031 1636
1031 1639
1031 1647
1031 1650
1031 1653
1031 1655
1031 1661
1031 1918
1031 1927
1031 1930
1032 1036
1032 1040
1032 1044
1032 1048
1032 1059
1032 1395
1032 1399
1032 1637
1032 1640
1032 1648
1032 1651
1032 1656
1032 1662
1032 1919
1032 1928
1032 1931
1034 1038
1034 1046
1034 1393
1034 1397
1034 1625
1034 1635
1034 1638
1034 1645
1034 1646
1034 1649
1034 1652
1034 1654
1034 1657
1034 1917
1034 1926
1034 1929
1035 1039
1035 1047
1035 1394
1035 1398
1035 1622
1035 1626
1035 1636
1035 1639
1035 1647
1035 1650
1035 1653
1035 1655
1035 1658
1035 1918
1035 1927
1035 1930
1036 1040
1036 1048
1036 1395
1036 1399
1036 1623
1036 1637
1036 1640
1036 1648
1036 1651
1036 1656
1036 1659
1036 1919
1036 1928
1036 1931
1038 1042
1038 1046
1038 1054
1038 1057
1038 1065
1038 1397
1038 1645
1038 1649
1038 1652
1038 1654
1038 1657
1038 1660
1038 1926
1038 1929
1039 1043
1039 1047
1039 1055
1039 1058
1039 1066
1039 1398
1039 1650
1039 1653
1039 1655
1039 1658
1039 1661
1039 1927
1039 1930
1040 1044
1040 1048
1040 1059
1040 1067
1040 1399
1040 1651
1040 1656
1040 1659
1040 1662
1040 1928
1040 1931
1042 1046
1042 1054
1042 1057
1042 1065
1042 1397
1042 1649
1042 1652
1042 1654
1042 1657
1042 1660
1042 1663
1042 1669
1042 1926
1042 1929
1043 1047
1043 1055
1043 1058
1043 1061
1043 1066
1043 1398
1043 1650
1043 1653
1043 1655
1043 1658
1043 1661
1043 1664
1043 1670
1043 1927
1043 1930
1044 1048
1044 1059
1044 1062
1044 1067
1044 1399
1044 1651
1044 1656
1044 1659
1044 1662
1044 1665
1044 1671
1044 1928
1044 1931
1046 1054
1046 1057
1046 1065
1046 1397
1046 1401
1046 1645
1046 1649
1046 1652
1046 1654
1046 1657
1046 1660
1046 1663
1046 1666
1046 1677
1046 1926
1046 1929
1047 1055
1047 1058
1047 1061
1047 1066
1047 1398
1047 1402
1047 1650
1047 1653
1047 1655
1047 1658
1047 1661
1047 1664
1047 1667
1047 1678
1047 1927
1047 1930
1048 1059
1048 1062
1048 1067
1048 1399
1048 1651
1048 1656
1048 1659
1048 1662
1048 1665
1048 1668
1048 1679
1048 1928
1048 1931
1050 1070
1050 1920
1050 1923
1051 1071
1051 1921
1051 1924
1052 1922
1052 1925
1054 1057
1054 1065
1054 1401
1054 1649
1054 1652
1054 1654
1054 1657
1054 1660
1054 1663
1054 1666
1054 1669
1054 1677
1054 1926
1054 1929
1055 1058
1055 1061
1055 1066
1055 1402
1055 1650
1055 1653
1055 1655
1055 1658
1055 1661
1055 1664
1055 1667
1055 1670
1055 1678
1055 1927
1055 1930
1057 1065
1057 1073
1057 1077
1057 1397
1057 1401
1057 1649
1057 1652
1057 1654
1057 1657
1057 1660
1057 1663
1057 1666
1057 1669
1057 1675
1057 1683
1057 1926
1057 1929
1058 1061
1058 1066
1058 1074
1058 1078
1058 1398
1058 1402
1058 1650
1058 1653
1058 1655
1058 1658
1058 1661
1058 1664
1058 1667
1058 1670
1058 1676
1058 1684
1058 1927
1058 1930
1059 1062
1059 1067
1059 1075
1059 1079
1059 1399
1059 1651
1059 1656
1059 1659
1059 1662
1059 1665
1059 1668
1059 1671
1059 1685
1059 1928
1059 1931
1061 1066
1061 1074
1061 1078
1061 1086
1061 1402
1061 1653
1061 1655
1061 1658
1061 1661
1061 1664
1061 1667
1061 1670
1061 1676
1061 1678
1061 1684
1061 1930
1062 1067
1062 1075
1062 1079
1062 1656
1062 1659
1062 1662
1062 1665
1062 1668
1062 1671
1062 1679
1062 1685
1062 1931
1065 1073
1065 1077
1065 1085
1065 1401
1065 1649
1065 1652
1065 1654
1065 1657
1065 1660
1065 1663
1065 1666
1065 1669
1065 1675
1065 1677
1065 1926
1065 1929
1066 1074
1066 1078
1066 1086
1066 1402
1066 1650
1066 1653
1066 1655
1066 1658
1066 1661
1066 1664
1066 1667
1066 1670
1066 1676
1066 1678
1066 1927
1066 1930
1067 1075
1067 1079
1067 1651
1067 1656
1067 1659
1067 1662
1067 1665
1067 1668
1067 1671
1067 1679
1067 1928
1067 1931
1070 1672
1070 1920
1070 1923
1071 1673
1071 1921
1071 1924
1073 1077
1073 1081
1073 1085
1073 1401
1073 1663
1073 1666
1073 1669
1073 1675
1073 1677
1073 1683
1074 1078
1074 1082
1074 1086
1074 1402
1074 1664
1074 1667
1074 1670
1074 1676
1074 1678
1074 1680
1074 1684
1075 1079
1075 1083
1075 1665
1075 1668
1075 1671
1075 1679
1075 1681
1075 1685
1077 1081
1077 1085
1077 1401
1077 1663
1077 1666
1077 1669
1077 1675
1077 1677
1077 1683
1077 1932
1078 1082
1078 1086
1078 1402
1078 1664
1078 1667
1078 1670
1078 1676
1078 1678
1078 1680
1078 1684
1078 1933
1079 1083
1079 1665
1079 1668
1079 1671
1079 1679
1079 1681
1079 1685
1081 1085
1081 1401
1081 1666
1081 1669
1081 1675
1081 1677
1081 1683
1081 1689
1081 1692
1081 1932
1082 1086
1082 1402
1082 1667
1082 1670
1082 1676
1082 1678
1082 1680
1082 1684
1082 1690
1082 1693
1082 1933
1083 1668
1083 1671
1083 1679
1083 1681
1083 1685
1083 1691
1083 1694
1085 1401
1085 1663
1085 1666
1085 1669
1085 1675
1085 1677
1085 1683
1085 1689
1085 1692
1085 1932
1086 1402
1086 1664
1086 1667
1086 1670
1086 1676
1086 1678
1086 1680
1086 1684
1086 1690
1086 1693
1086 1933
1088 1092
1088 1100
1088 1104
1088 1112
1088 1686
1088 1703
1089 1093
1089 1096
1089 1101
1089 1105
1089 1113
1089 1672
1089 1687
1089 1704
1090 1094
1090 1097
1090 1102
1090 1106
1090 1108
1090 1114
1090 1673
1090 1688
1090 1705
1092 1100
1092 1104
1092 1112
1092 1686
1093 1096
1093 1101
1093 1105
1093 1113
1093 1672
1093 1687
1094 1097
1094 1102
1094 1106
1094 1114
1094 1673
1094 1688
1096 1101
1096 1105
1096 1113
1096 1672
1096 1687
1096 1701
1097 1102
1097 1106
1097 1108
1097 1114
1097 1673
1097 1688
1097 1702
1098 1109
1098 1674
1100 1104
1100 1112
1100 1686
1100 1700
1100 1703
1101 1105
1101 1113
1101 1687
1101 1701
1101 1704
1102 1106
1102 1108
1102 1114
1102 1688
1102 1702
1102 1705
1104 1112
1104 1116
1104 1134
1104 1686
1104 1700
1104 1703
1105 1113
1105 1117
1105 1135
1105 1672
1105 1687
1105 1701
1105 1704
1105 1706
1106 1108
1106 1114
1106 1136
1106 1673
1106 1688
1106 1702
1106 1705
1106 1707
1108 1114
1108 1123
1108 1127
1108 1136
1108 1702
1108 1705
1108 1707
1108 1711
1108 1714
1109 1124
1109 1128
1109 1708
1112 1116
1112 1134
1112 1686
1112 1700
1112 1703
1112 1709
1112 1712
1113 1117
1113 1122
1113 1126
1113 1135
1113 1687
1113 1701
1113 1704
1113 1706
1113 1710
1113 1713
1114 1123
1114 1127
1114 1136
1114 1688
1114 1702
1114 1705
1114 1707
1114 1711
1114 1714
1116 1134
1116 1700
1116 1703
1116 1709
1116 1712
1116 1718
1117 1122
1117 1126
1117 1135
1117 1701
1117 1704
1117 1706
1117 1710
1117 1713
1117 1719
1122 1126
1122 1135
1122 1701
1122 1704
1122 1706
1122 1710
1122 1713
1122 1719
1122 1722
1122 1728
1122 1735
1123 1127
1123 1136
1123 1702
1123 1705
1123 1707
1123 1711
1123 1714
1123 1715
1123 1720
1123 1729
1123 1736
1124 1128
1124 1708
1124 1716
1124 1730
1126 1135
1126 1701
1126 1704
1126 1706
1126 1710
1126 1713
1126 1719
1127 1136
1127 1702
1127 1705
1127 1707
1127 1711
1127 1714
1127 1715
1127 1720
1128 1708
1128 1716
1130 1689
1130 1692
1130 1695
1130 1698
1130 1932
1131 1690
1131 1693
1131 1696
1131 1699
1131 1933
1132 1691
1132 1694
1132 1697
1134 1700
1134 1703
1134 1709
1134 1712
1134 1718
1135 1701
1135 1704
1135 1706
1135 1710
1135 1713
1135 1719
1136 1702
1136 1705
1136 1707
1136 1711
1136 1714
1136 1715
1136 1720
1138 1146
1138 1725
1138 1728
1138 1735
1139 1147
1139 1726
1139 1729
1139 1736
1140 1148
1140 1727
1140 1730
1142 1154
1142 1162
1142 1166
1142 1178
1142 1186
1142 1404
1142 1408
1142 1731
1142 1749
1143 1150
1143 1155
1143 1163
1143 1167
1143 1179
1143 1187
1143 1405
1143 1409
1143 1732
1143 1746
1143 1750
1144 1151
1144 1156
1144 1164
1144 1168
1144 1180
1144 1188
1144 1406
1144 1410
1144 1733
1144 1747
1144 1751
1146 1171
1146 1175
1146 1725
1147 1172
1147 1176
1147 1726
1148 1727
1150 1155
1150 1163
1150 1167
1150 1179
1150 1187
1150 1405
1150 1409
1150 1732
1150 1741
1150 1750
1151 1156
1151 1164
1151 1168
1151 1180
1151 1188
1151 1406
1151 1410
1151 1733
1151 1742
1151 1751
1152 1723
1154 1162
1154 1166
1154 1178
1154 1186
1154 1404
1154 1408
1154 1731
1154 1740
1154 1755
1155 1163
1155 1167
1155 1179
1155 1187
1155 1405
1155 1409
1155 1732
1155 1741
1155 1746
1155 1756
1156 1164
1156 1168
1156 1180
1156 1188
1156 1406
1156 1410
1156 1733
1156 1742
1156 1747
1156 1757
1162 1166
1162 1178
1162 1186
1162 1404
1162 1408
1162 1731
1162 1740
1162 1749
1163 1167
1163 1179
1163 1187
1163 1405
1163 1409
1163 1732
1163 1741
1163 1746
1163 1750
1164 1168
1164 1180
1164 1188
1164 1406
1164 1410
1164 1733
1164 1742
1164 1747
1164 1751
1166 1178
1166 1186
1166 1404
1166 1408
1166 1731
1166 1740
1166 1749
1166 1755
1166 1767
1166 1934
1166 1937
1167 1179
1167 1187
1167 1405
1167 1409
1167 1732
1167 1741
1167 1746
1167 1750
1167 1756
1167 1768
1167 1935
1167 1938
1168 1180
1168 1188
1168 1406
1168 1410
1168 1733
1168 1742
1168 1747
1168 1751
1168 1757
1168 1769
1168 1936
1168 1939
1170 1174
1170 1182
1170 1764
1171 1175
1171 1183
1171 1725
1171 1737
1171 1743
1171 1765
1172 1176
1172 1184
1172 1726
1172 1738
1172 1744
1172 1766
1174 1182
1175 1183
1175 1725
1175 1737
1175 1743
1176 1184
1176 1726
1176 1738
1176 1744
1178 1186
1178 1404
1178 1408
1178 1740
1178 1749
1178 1755
1178 1758
1178 1773
1178 1934
1178 1937
1179 1187
1179 1405
1179 1409
1179 1741
1179 1746
1179 1750
1179 1756
1179 1759
1179 1774
1179 1935
1179 1938
1180 1188
1180 1406
1180 1410
1180 1742
1180 1747
1180 1751
1180 1757
1180 1760
1180 1775
1180 1936
1180 1939
1183 1737
1183 1743
1184 1738
1184 1744
1186 1404
1186 1408
1186 1740
1186 1749
1186 1755
1186 1758
1186 1767
1186 1934
1186 1937
1187 1405
1187 1409
1187 1741
1187 1746
1187 1750
1187 1756
1187 1759
1187 1768
1187 1935
1187 1938
1188 1406
1188 1410
1188 1742
1188 1747
1188 1751
1188 1757
1188 1760
1188 1769
1188 1936
1188 1939
1190 1198
1190 1761
1190 1764
1190 1770
1191 1194
1191 1199
1191 1762
1191 1765
1191 1771
1192 1195
1192 1209
1192 1763
1192 1766
1192 1772
1194 1199
1194 1777
1195 1209
1195 1778
1196 1210
1198 1761
1198 1770
1198 1776
1199 1213
1199 1762
1199 1771
1199 1777
1201 1205
1201 1758
1201 1767
1201 1773
1201 1787
1201 1934
1202 1206
1202 1759
1202 1768
1202 1774
1202 1788
1202 1935
1203 1207
1203 1760
1203 1769
1203 1775
1203 1789
1203 1936
1205 1225
1205 1767
1205 1773
1205 1784
1205 1934
1206 1226
1206 1768
1206 1774
1206 1785
1206 1935
1207 1227
1207 1769
1207 1775
1207 1786
1207 1936
1209 1214
1209 1219
1209 1763
1209 1766
1209 1772
1209 1778
1209 1780
1210 1215
1210 1781
1213 1218
1213 1777
1213 1779
1213 1783
1214 1219
1214 1221
1214 1778
1214 1780
1214 1790
1215 1222
1215 1781
1215 1791
1217 1776
1217 1782
1218 1777
1218 1779
1218 1783
1218 1793
1219 1221
1219 1778
1219 1780
1219 1790
1219 1794
1221 1238
1221 1413
1221 1778
1221 1780
1221 1790
1221 1794
1221 1798
1222 1414
1222 1781
1222 1791
1222 1795
1223 1792
1225 1229
1225 1233
1225 1240
1225 1248
1225 1784
1225 1787
1225 1805
1225 1808
1226 1230
1226 1234
1226 1241
1226 1249
1226 1785
1226 1788
1226 1806
1226 1809
1227 1231
1227 1242
1227 1250
1227 1786
1227 1789
1227 1807
1229 1233
1229 1240
1229 1248
1229 1784
1229 1787
1229 1802
1229 1808
1230 1234
1230 1241
1230 1249
1230 1785
1230 1788
1230 1803
1230 1809
1231 1242
1231 1250
1231 1786
1231 1789
1231 1804
1233 1240
1233 1248
1233 1784
1233 1787
1233 1802
1233 1805
1234 1241
1234 1249
1234 1785
1234 1788
1234 1803
1234 1806
1236 1796
1237 1244
1237 1412
1237 1416
1237 1797
1237 1940
1238 1245
1238 1413
1238 1417
1238 1798
1238 1799
1238 1941
1240 1248
1240 1802
1240 1805
1240 1808
1240 1819
1241 1249
1241 1803
1241 1806
1241 1809
1241 1820
1242 1250
1242 1804
1242 1807
1242 1821
1244 1255
1244 1260
1244 1263
1244 1416
1244 1811
1244 1824
1244 1828
1244 1940
1244 1943
1245 1256
1245 1261
1245 1264
1245 1417
1245 1799
1245 1812
1245 1825
1245 1829
1245 1941
1245 1944
1246 1257
1246 1265
1246 1418
1246 1800
1246 1826
1246 1942
1246 1945
1248 1802
1248 1805
1248 1808
1248 1813
1249 1803
1249 1806
1249 1809
1249 1814
1250 1804
1250 1807
1250 1815
1255 1260
1255 1263
1255 1811
1255 1816
1255 1940
1255 1943
1256 1261
1256 1264
1256 1812
1256 1817
1256 1941
1256 1944
1257 1265
1257 1818
1257 1942
1257 1945
1259 1810
1260 1263
1260 1811
1260 1816
1260 1824
1260 1940
1260 1943
1261 1264
1261 1812
1261 1817
1261 1825
1261 1941
1261 1944
1263 1811
1263 1816
1263 1824
1263 1828
1263 1943
1264 1812
1264 1817
1264 1825
1264 1829
1264 1944
1265 1818
1265 1826
1265 1945
1267 1271
1267 1283
1267 1287
1267 1295
1267 1813
1267 1819
1267 1836
1268 1272
1268 1284
1268 1288
1268 1296
1268 1420
1268 1814
1268 1820
1268 1837
1269 1273
1269 1285
1269 1289
1269 1297
1269 1421
1269 1815
1269 1821
1269 1838
1271 1283
1271 1287
1271 1295
1271 1813
1271 1819
1271 1833
1272 1284
1272 1288
1272 1296
1272 1420
1272 1814
1272 1820
1272 1834
1273 1285
1273 1289
1273 1297
1273 1421
1273 1815
1273 1821
1273 1835
1275 1280
1275 1291
1275 1300
1275 1816
1275 1828
1275 1830
1275 1843
1276 1281
1276 1292
1276 1301
1276 1817
1276 1829
1276 1831
1276 1844
1277 1293
1277 1818
1277 1832
1279 1827
1280 1816
1280 1824
1280 1828
1280 1830
1281 1817
1281 1825
1281 1829
1281 1831
1283 1287
1283 1295
1283 1303
1283 1833
1283 1836
1283 1854
1284 1288
1284 1296
1284 1304
1284 1420
1284 1834
1284 1837
1284 1855
1284 1946
1285 1289
1285 1297
1285 1305
1285 1421
1285 1835
1285 1838
1285 1856
1285 1947
1287 1295
1287 1303
1287 1308
1287 1833
1287 1836
1287 1845
1287 1854
1288 1296
1288 1304
1288 1420
1288 1834
1288 1837
1288 1846
1288 1855
1288 1946
1289 1297
1289 1305
1289 1421
1289 1835
1289 1838
1289 1847
1289 1856
1289 1947
1291 1300
1291 1839
1291 1843
1292 1301
1292 1840
1292 1844
1293 1841
1295 1303
1295 1308
1295 1833
1295 1836
1295 1845
1295 1848
1296 1304
1296 1420
1296 1834
1296 1837
1296 1846
1296 1849
1296 1946
1297 1305
1297 1421
1297 1835
1297 1838
1297 1847
1297 1850
1297 1947
1299 1842
1300 1839
1300 1843
1300 1851
1301 1840
1301 1844
1301 1852
1303 1308
1303 1310
1303 1318
1303 1833
1303 1836
1303 1845
1303 1848
1303 1854
1304 1311
1304 1319
1304 1834
1304 1837
1304 1846
1304 1849
1304 1855
1304 1946
1305 1312
1305 1320
1305 1835
1305 1838
1305 1847
1305 1850
1305 1856
1305 1947
1308 1310
1308 1318
1308 1322
1308 1326
1308 1845
1308 1848
1308 1854
1308 1860
1308 1871
1310 1318
1310 1322
1310 1326
1310 1845
1310 1848
1310 1854
1310 1860
1310 1864
1310 1871
1311 1319
1311 1323
1311 1327
1311 1846
1311 1849
1311 1855
1311 1861
1311 1872
1312 1320
1312 1324
1312 1328
1312 1847
1312 1850
1312 1856
1312 1862
1312 1873
1314 1857
1315 1839
1315 1851
1315 1858
1316 1840
1316 1852
1316 1859
1318 1322
1318 1326
1318 1845
1318 1848
1318 1854
1318 1860
1318 1864
1318 1865
1319 1323
1319 1327
1319 1846
1319 1849
1319 1855
1319 1861
1319 1866
1320 1324
1320 1328
1320 1330
1320 1847
1320 1850
1320 1856
1320 1862
1320 1867
1322 1326
1322 1860
1322 1864
1322 1865
1322 1871
1322 1877
1323 1327
1323 1861
1323 1866
1323 1872
1323 1878
1324 1328
1324 1330
1324 1862
1324 1867
1324 1873
1324 1879
1324 1880
1326 1848
1326 1854
1326 1860
1326 1864
1326 1865
1326 1871
1326 1874
1327 1849
1327 1855
1327 1861
1327 1866
1327 1872
1327 1875
1328 1330
1328 1850
1328 1856
1328 1862
1328 1867
1328 1873
1328 1876
1330 1862
1330 1867
1330 1873
1330 1876
1330 1879
1333 1337
1333 1341
1333 1347
1333 1423
1333 1429
1333 1432
1333 1435
1333 1437
1333 1440
1333 1443
1333 1446
1333 1449
1333 1458
1333 1885
1334 1338
1334 1342
1334 1348
1334 1424
1334 1430
1334 1433
1334 1436
1334 1438
1334 1441
1334 1444
1334 1447
1334 1450
1334 1455
1334 1459
1334 1886
1335 1339
1335 1349
1335 1425
1335 1431
1335 1434
1335 1439
1335 1442
1335 1445
1335 1448
1335 1451
1335 1456
1335 1460
1335 1887
1337 1423
1337 1429
1337 1432
1337 1435
1337 1437
1337 1440
1337 1443
1337 1446
1338 1424
1338 1430
1338 1433
1338 1436
1338 1438
1338 1441
1338 1444
1338 1447
1339 1425
1339 1431
1339 1434
1339 1439
1339 1442
1339 1445
1339 1448
1341 1347
1341 1423
1341 1429
1341 1432
1341 1435
1341 1437
1341 1440
1341 1443
1341 1446
1341 1449
1341 1452
1341 1458
1341 1463
1341 1882
1341 1885
1341 1892
1342 1348
1342 1424
1342 1430
1342 1433
1342 1436
1342 1438
1342 1441
1342 1444
1342 1447
1342 1450
1342 1453
1342 1455
1342 1459
1342 1464
1342 1883
1342 1886
1342 1893
1345 1351
1347 1429
1347 1432
1347 1435
1347 1437
1347 1440
1347 1443
1347 1446
1347 1449
1347 1452
1347 1458
1347 1463
1347 1882
1347 1885
1347 1888
1348 1430
1348 1433
1348 1436
1348 1438
1348 1441
1348 1444
1348 1447
1348 1450
1348 1453
1348 1455
1348 1459
1348 1464
1348 1883
1348 1886
1348 1889
1349 1431
1349 1434
1349 1439
1349 1442
1349 1445
1349 1448
1349 1451
1349 1454
1349 1456
1349 1460
1349 1465
1349 1884
1349 1887
1355 1492
1355 1498
1355 1501
1356 1493
1356 1499
1356 1502
1358 1501
1358 1504
1358 1508
1358 1512
1358 1515
1358 1521
1358 1524
1358 1527
1358 1898
1359 1502
1359 1505
1359 1513
1359 1516
1359 1522
1359 1525
1359 1528
1359 1899
1361 1510
1361 1519
1362 1511
1362 1520
1365 1369
1365 1555
1365 1560
1365 1563
1366 1370
1366 1550
1366 1556
1366 1561
1366 1564
1367 1371
1367 1551
1367 1562
1369 1373
1369 1560
1369 1563
1369 1565
1369 1571
1369 1574
1369 1577
1369 1583
1369 1586
1369 1594
1369 1597
1369 1905
1369 1911
1370 1374
1370 1561
1370 1564
1370 1566
1370 1572
1370 1575
1370 1578
1370 1584
1370 1587
1370 1595
1370 1598
1370 1906
1370 1912
1371 1375
1371 1562
1371 1567
1371 1573
1371 1576
1371 1579
1371 1585
1371 1596
1371 1907
1371 1913
1373 1560
1373 1563
1373 1565
1373 1571
1373 1574
1373 1577
1373 1583
1373 1586
1373 1594
1373 1597
1373 1605
1373 1905
1373 1908
1374 1561
1374 1564
1374 1566
1374 1572
1374 1575
1374 1578
1374 1584
1374 1587
1374 1595
1374 1598
1374 1606
1374 1906
1374 1909
1375 1562
1375 1567
1375 1573
1375 1576
1375 1579
1375 1585
1375 1596
1375 1607
1375 1907
1375 1910
1377 1381
1377 1571
1377 1577
1377 1583
1377 1586
1377 1594
1377 1597
1377 1599
1377 1605
1377 1614
1377 1908
1377 1911
1378 1382
1378 1572
1378 1578
1378 1584
1378 1587
1378 1595
1378 1598
1378 1600
1378 1606
1378 1615
1378 1622
1378 1909
1378 1912
1379 1383
1379 1573
1379 1579
1379 1585
1379 1596
1379 1601
1379 1607
1379 1616
1379 1623
1379 1910
1379 1913
1381 1586
1381 1594
1381 1597
1381 1599
1381 1605
1381 1614
1381 1625
1381 1635
1381 1908
1381 1911
1381 1914
1382 1587
1382 1595
1382 1598
1382 1600
1382 1606
1382 1615
1382 1622
1382 1626
1382 1636
1382 1909
1382 1912
1382 1915
1383 1596
1383 1601
1383 1607
1383 1616
1383 1623
1383 1637
1383 1910
1383 1913
1383 1916
1385 1389
1385 1642
1385 1923
1386 1390
1386 1643
1386 1924
1387 1391
1387 1925
1389 1619
1389 1642
1390 1620
1390 1643
1391 1621
1393 1397
1393 1625
1393 1635
1393 1638
1393 1645
1393 1646
1393 1649
1393 1652
1393 1914
1393 1917
1394 1398
1394 1622
1394 1626
1394 1636
1394 1639
1394 1647
1394 1650
1394 1653
1394 1915
1394 1918
1395 1399
1395 1623
1395 1637
1395 1640
1395 1648
1395 1651
1395 1916
1395 1919
1397 1635
1397 1638
1397 1645
1397 1646
1397 1649
1397 1652
1397 1654
1397 1657
1397 1660
1397 1917
1397 1926
1398 1636
1398 1639
1398 1647
1398 1650
1398 1653
1398 1655
1398 1658
1398 1661
1398 1918
1398 1927
1399 1637
1399 1640
1399 1648
1399 1651
1399 1656
1399 1659
1399 1662
1399 1919
1399 1928
1401 1657
1401 1663
1401 1666
1401 1669
1401 1675
1401 1677
1401 1683
1401 1689
1401 1692
1402 1658
1402 1664
1402 1667
1402 1670
1402 1676
1402 1678
1402 1680
1402 1684
1402 1690
1402 1693
1404 1408
1404 1731
1404 1740
1404 1749
1404 1755
1404 1758
1404 1767
1404 1937
1405 1409
1405 1732
1405 1741
1405 1746
1405 1750
1405 1756
1405 1759
1405 1768
1405 1938
1406 1410
1406 1733
1406 1742
1406 1747
1406 1751
1406 1757
1406 1760
1406 1769
1406 1939
1408 1731
1408 1740
1408 1749
1408 1755
1409 1732
1409 1741
1409 1746
1409 1750
1409 1756
1410 1733
1410 1742
1410 1747
1410 1751
1410 1757
1412 1793
1412 1797
1413 1790
1413 1794
1413 1798
1413 1799
1414 1791
1414 1795
1414 1800
1416 1811
1416 1940
1417 1799
1417 1812
1417 1941
1418 1800
1418 1942
1420 1834
1420 1837
1421 1835
1421 1838
1422 1822
1423 1429
1423 1432
1423 1435
1423 1437
1423 1440
1423 1443
1423 1446
1423 1449
1423 1882
1423 1885
1424 1430
1424 1433
1424 1436
1424 1438
1424 1441
1424 1444
1424 1447
1424 1450
1424 1883
1424 1886
1425 1431
1425 1434
1425 1439
1425 1442
1425 1445
1425 1448
1425 1451
1425 1884
1425 1887
1429 1432
1429 1435
1429 1437
1429 1440
1429 1443
1429 1446
1429 1449
1429 1452
1429 1458
1429 1882
1429 1885
1430 1433
1430 1436
1430 1438
1430 1441
1430 1444
1430 1447
1430 1450
1430 1453
1430 1455
1430 1459
1430 1883
1430 1886
1431 1434
1431 1439
1431 1442
1431 1445
1431 1448
1431 1451
1431 1454
1431 1456
1431 1460
1431 1884
1431 1887
1432 1435
1432 1437
1432 1440
1432 1443
1432 1446
1432 1449
1432 1452
1432 1458
1432 1882
1432 1885
1433 1436
1433 1438
1433 1441
1433 1444
1433 1447
1433 1450
1433 1453
1433 1455
1433 1459
1433 1883
1433 1886
1434 1439
1434 1442
1434 1445
1434 1448
1434 1451
1434 1454
1434 1456
1434 1460
1434 1884
1434 1887
1435 1437
1435 1440
1435 1443
1435 1446
1435 1449
1435 1452
1435 1458
1435 1882
1435 1885
1435 1888
1435 1892
1436 1438
1436 1441
1436 1444
1436 1447
1436 1450
1436 1453
1436 1455
1436 1459
1436 1883
1436 1886
1436 1889
1436 1893
1437 1440
1437 1443
1437 1446
1437 1449
1437 1452
1437 1458
1437 1882
1437 1885
1438 1441
1438 1444
1438 1447
1438 1450
1438 1453
1438 1455
1438 1459
1438 1883
1438 1886
1439 1442
1439 1445
1439 1448
1439 1451
1439 1454
1439 1456
1439 1460
1439 1884
1439 1887
1440 1443
1440 1446
1440 1449
1440 1452
1440 1458
1440 1882
1440 1885
1441 1444
1441 1447
1441 1450
1441 1453
1441 1455
1441 1459
1441 1883
1441 1886
1442 1445
1442 1448
1442 1451
1442 1454
1442 1456
1442 1460
1442 1884
1442 1887
1443 1446
1443 1449
1443 1452
1443 1458
1443 1882
1443 1885
1443 1888
1444 1447
1444 1450
1444 1453
1444 1455
1444 1459
1444 1883
1444 1886
1444 1889
1445 1448
1445 1451
1445 1454
1445 1456
1445 1460
1445 1884
1445 1887
1446 1449
1446 1452
1446 1458
1446 1882
1446 1885
1446 1888
1446 1892
1447 1450
1447 1453
1447 1455
1447 1459
1447 1883
1447 1886
1447 1889
1447 1893
1448 1451
1448 1454
1448 1456
1448 1460
1448 1884
1448 1887
1448 1894
1449 1452
1449 1458
1449 1882
1449 1885
1449 1888
1449 1892
1450 1453
1450 1455
1450 1459
1450 1883
1450 1886
1450 1889
1450 1893
1451 1454
1451 1456
1451 1460
1451 1884
1451 1887
1451 1894
1452 1458
1452 1463
1452 1882
1452 1885
1452 1888
1452 1892
1453 1455
1453 1459
1453 1464
1453 1883
1453 1886
1453 1889
1453 1893
1454 1456
1454 1460
1454 1465
1454 1884
1454 1887
1454 1894
1455 1459
1455 1464
1455 1883
1455 1886
1455 1889
1455 1893
1456 1460
1456 1465
1456 1884
1456 1887
1456 1894
1457 1461
1458 1463
1458 1882
1458 1885
1458 1888
1458 1892
1459 1464
1459 1883
1459 1886
1459 1889
1459 1893
1460 1465
1460 1884
1460 1887
1460 1894
1461 1469
1463 1477
1463 1483
1463 1888
1463 1892
1464 1478
1464 1484
1464 1889
1464 1893
1465 1479
1465 1485
1465 1894
1466 1891
1466 1895
1467 1471
1467 1896
1468 1472
1468 1897
1469 1476
1471 1481
1471 1896
1472 1482
1472 1897
1474 1478
1474 1484
1474 1493
1474 1889
1474 1893
1475 1479
1475 1485
1475 1494
1475 1894
1477 1483
1477 1492
1477 1888
1477 1892
1478 1484
1478 1493
1478 1889
1478 1893
1479 1485
1479 1494
1479 1894
1480 1487
1480 1891
1480 1895
1481 1488
1481 1896
1482 1897
1483 1492
1483 1888
1483 1892
1484 1493
1484 1889
1484 1893
1485 1494
1485 1894
1487 1489
1488 1490
1489 1495
1490 1496
1491 1497
1492 1498
1492 1501
1493 1499
1493 1502
1494 1500
1494 1503
1498 1501
1499 1502
1500 1503
1501 1504
1501 1898
1502 1505
1502 1899
1503 1506
1504 1508
1504 1512
1504 1515
1504 1521
1504 1524
1504 1898
1505 1513
1505 1516
1505 1522
1505 1525
1505 1899
1506 1514
1506 1517
1506 1523
1506 1526
1508 1512
1508 1515
1508 1521
1508 1524
1508 1527
1508 1532
1508 1900
1509 1518
1510 1519
1511 1520
1512 1515
1512 1521
1512 1524
1512 1527
1512 1900
1513 1516
1513 1522
1513 1525
1513 1528
1513 1901
1514 1517
1514 1523
1514 1526
1514 1529
1515 1521
1515 1524
1515 1527
1515 1900
1516 1522
1516 1525
1516 1528
1516 1901
1517 1523
1517 1526
1517 1529
1519 1902
1520 1903
1521 1524
1521 1527
1521 1532
1521 1900
1522 1525
1522 1528
1522 1533
1522 1541
1522 1901
1523 1526
1523 1529
1523 1534
1523 1542
1524 1527
1524 1532
1524 1538
1524 1900
1525 1528
1525 1533
1525 1539
1525 1541
1525 1901
1526 1529
1526 1534
1526 1540
1526 1542
1527 1532
1527 1538
1527 1900
1528 1533
1528 1539
1528 1541
1528 1901
1529 1534
1529 1540
1529 1542
1530 1543
1532 1538
1532 1900
1533 1539
1533 1541
1533 1550
1533 1901
1534 1540
1534 1542
1534 1551
1536 1544
1537 1545
1538 1900
1539 1541
1539 1550
1539 1901
1540 1542
1540 1551
1541 1550
1541 1901
1542 1551
1543 1552
1543 1553
1544 1548
1545 1549
1550 1556
1550 1561
1551 1562
1552 1553
1555 1560
1555 1905
1556 1561
1556 1906
1560 1563
1560 1565
1560 1571
1560 1574
1560 1577
1560 1905
1561 1564
1561 1566
1561 1572
1561 1575
1561 1578
1561 1906
1562 1567
1562 1573
1562 1576
1562 1579
1562 1907
1563 1565
1563 1571
1563 1574
1563 1577
1563 1583
1563 1586
1563 1905
1563 1908
1563 1911
1564 1566
1564 1572
1564 1575
1564 1578
1564 1584
1564 1587
1564 1906
1564 1909
1564 1912
1565 1571
1565 1574
1565 1577
1565 1583
1565 1586
1565 1594
1565 1597
1565 1599
1565 1605
1565 1905
1565 1908
1565 1911
1566 1572
1566 1575
1566 1578
1566 1584
1566 1587
1566 1595
1566 1598
1566 1600
1566 1606
1566 1906
1566 1909
1566 1912
1567 1573
1567 1576
1567 1579
1567 1585
1567 1596
1567 1601
1567 1607
1567 1907
1567 1910
1567 1913
1568 1580
1568 1592
1569 1581
1569 1588
1569 1593
1570 1582
1570 1589
1571 1574
1571 1577
1571 1583
1571 1586
1571 1594
1571 1597
1571 1599
1571 1605
1571 1905
1571 1908
1571 1911
1572 1575
1572 1578
1572 1584
1572 1587
1572 1595
1572 1598
1572 1600
1572 1606
1572 1906
1572 1909
1572 1912
1573 1576
1573 1579
1573 1585
1573 1596
1573 1601
1573 1607
1573 1907
1573 1910
1573 1913
1574 1577
1574 1583
1574 1586
1574 1594
1574 1597
1574 1599
1574 1605
1574 1905
1574 1908
1574 1911
1575 1578
1575 1584
1575 1587
1575 1595
1575 1598
1575 1600
1575 1606
1575 1906
1575 1909
1575 1912
1576 1579
1576 1585
1576 1596
1576 1601
1576 1607
1576 1907
1576 1910
1576 1913
1577 1583
1577 1586
1577 1594
1577 1597
1577 1599
1577 1605
1577 1905
1577 1908
1577 1911
1578 1584
1578 1587
1578 1595
1578 1598
1578 1600
1578 1606
1578 1906
1578 1909
1578 1912
1579 1585
1579 1596
1579 1601
1579 1607
1579 1907
1579 1910
1579 1913
1580 1592
1580 1603
1580 1609
1581 1588
1581 1593
1581 1604
1581 1610
1582 1589
1583 1586
1583 1594
1583 1597
1583 1599
1583 1605
1583 1908
1583 1911
1584 1587
1584 1595
1584 1598
1584 1600
1584 1606
1584 1909
1584 1912
1585 1596
1585 1601
1585 1607
1585 1910
1585 1913
1586 1594
1586 1597
1586 1599
1586 1605
1586 1614
1586 1905
1586 1908
1586 1911
1587 1595
1587 1598
1587 1600
1587 1606
1587 1615
1587 1906
1587 1909
1587 1912
1588 1593
1588 1604
1588 1610
1588 1613
1591 1602
1591 1608
1591 1611
1592 1603
1592 1609
1592 1612
1593 1604
1593 1610
1593 1613
1594 1597
1594 1599
1594 1605
1594 1614
1594 1908
1594 1911
1595 1598
1595 1600
1595 1606
1595 1615
1595 1909
1595 1912
1596 1601
1596 1607
1596 1616
1596 1910
1596 1913
1597 1599
1597 1605
1597 1614
1597 1908
1597 1911
1598 1600
1598 1606
1598 1615
1598 1909
1598 1912
1599 1605
1599 1614
1599 1908
1599 1911
1600 1606
1600 1615
1600 1909
1600 1912
1601 1607
1601 1616
1601 1910
1601 1913
1602 1608
1602 1611
1603 1609
1603 1612
1604 1610
1604 1613
1605 1614
1605 1908
1605 1911
1605 1914
1606 1615
1606 1622
1606 1909
1606 1912
1606 1915
1607 1616
1607 1623
1607 1910
1607 1913
1607 1916
1608 1611
1609 1612
1610 1613
1614 1908
1614 1911
1614 1914
1615 1622
1615 1909
1615 1912
1615 1915
1616 1623
1616 1910
1616 1913
1616 1916
1617 1624
1617 1627
1619 1630
1619 1642
1620 1631
1620 1632
1620 1643
1621 1633
1622 1626
1622 1636
1622 1639
1622 1915
1622 1918
1623 1637
1623 1640
1623 1916
1623 1919
1624 1627
1625 1635
1625 1638
1625 1645
1625 1914
1625 1917
1626 1636
1626 1639
1626 1915
1626 1918
1631 1632
1632 1643
1634 1644
1635 1638
1635 1645
1635 1646
1635 1649
1635 1652
1635 1914
1635 1917
1635 1926
1636 1639
1636 1647
1636 1650
1636 1653
1636 1915
1636 1918
1636 1927
1637 1640
1637 1648
1637 1651
1637 1916
1637 1919
1637 1928
1638 1645
1638 1646
1638 1649
1638 1652
1638 1914
1638 1917
1638 1926
1639 1647
1639 1650
1639 1653
1639 1915
1639 1918
1639 1927
1640 1648
1640 1651
1640 1916
1640 1919
1640 1928
1645 1646
1645 1649
1645 1652
1645 1654
1645 1660
1645 1914
1645 1917
1645 1926
1646 1649
1646 1652
1646 1654
1646 1660
1646 1926
1647 1650
1647 1653
1647 1655
1647 1661
1647 1927
1648 1651
1648 1656
1648 1662
1648 1928
1649 1652
1649 1654
1649 1657
1649 1660
1649 1926
1649 1929
1650 1653
1650 1655
1650 1658
1650 1661
1650 1927
1650 1930
1651 1656
1651 1659
1651 1662
1651 1928
1651 1931
1652 1654
1652 1657
1652 1660
1652 1926
1652 1929
1653 1655
1653 1658
1653 1661
1653 1927
1653 1930
1654 1657
1654 1660
1654 1663
1654 1669
1654 1926
1654 1929
1655 1658
1655 1661
1655 1664
1655 1670
1655 1927
1655 1930
1656 1659
1656 1662
1656 1665
1656 1671
1656 1928
1656 1931
1657 1660
1657 1663
1657 1666
1657 1669
1657 1677
1657 1926
1657 1929
1658 1661
1658 1664
1658 1667
1658 1670
1658 1678
1658 1927
1658 1930
1659 1662
1659 1665
1659 1668
1659 1671
1659 1679
1659 1928
1659 1931
1660 1663
1660 1669
1660 1926
1660 1929
1661 1664
1661 1670
1661 1927
1661 1930
1662 1665
1662 1671
1662 1928
1662 1931
1663 1666
1663 1669
1663 1675
1663 1677
1663 1683
1663 1929
1664 1667
1664 1670
1664 1676
1664 1678
1664 1684
1664 1930
1665 1668
1665 1671
1665 1679
1665 1685
1665 1931
1666 1669
1666 1675
1666 1677
1666 1683
1666 1929
1667 1670
1667 1676
1667 1678
1667 1680
1667 1684
1667 1930
1668 1671
1668 1679
1668 1681
1668 1685
1668 1931
1669 1675
1669 1677
1669 1683
1669 1929
1669 1932
1670 1676
1670 1678
1670 1680
1670 1684
1670 1930
1670 1933
1671 1679
1671 1681
1671 1685
1671 1931
1672 1687
1673 1688
1675 1677
1675 1683
1675 1932
1676 1678
1676 1680
1676 1684
1676 1933
1677 1683
1677 1689
1677 1692
1677 1929
1677 1932
1678 1680
1678 1684
1678 1690
1678 1693
1678 1930
1678 1933
1679 1681
1679 1685
1679 1691
1679 1694
1679 1931
1680 1684
1680 1690
1680 1693
1680 1699
1680 1933
1681 1685
1681 1691
1681 1694
1683 1689
1683 1692
1683 1698
1683 1932
1684 1690
1684 1693
1684 1699
1684 1933
1685 1691
1685 1694
1689 1692
1689 1695
1689 1698
1689 1932
1690 1693
1690 1696
1690 1699
1690 1933
1691 1694
1691 1697
1692 1695
1692 1698
1692 1932
1693 1696
1693 1699
1693 1933
1694 1697
1695 1698
1695 1932
1696 1699
1696 1933
1698 1932
1699 1933
1700 1703
1700 1709
1700 1712
1700 1718
1701 1704
1701 1706
1701 1710
1701 1713
1701 1719
1702 1705
1702 1707
1702 1711
1702 1714
1702 1715
1702 1720
1703 1709
1703 1712
1703 1718
1704 1706
1704 1710
1704 1713
1704 1719
1705 1707
1705 1711
1705 1714
1705 1720
1706 1710
1706 1713
1706 1719
1707 1711
1707 1714
1707 1715
1707 1720
1708 1716
1709 1712
1709 1718
1710 1713
1710 1719
1711 1714
1711 1715
1711 1720
1712 1718
1712 1721
1712 1734
1713 1719
1713 1722
1713 1735
1714 1715
1714 1720
1714 1736
1715 1720
1715 1726
1715 1729
1715 1736
1716 1727
1716 1730
1718 1721
1718 1734
1719 1722
1719 1725
1719 1728
1719 1735
1720 1726
1720 1729
1720 1736
1721 1734
1722 1725
1722 1728
1722 1735
1725 1728
1725 1735
1726 1729
1726 1736
1727 1730
1728 1735
1729 1736
1737 1743
1738 1744
1739 1745
1740 1749
1740 1755
1740 1758
1740 1767
1740 1773
1740 1934
1740 1937
1741 1746
1741 1750
1741 1756
1741 1759
1741 1768
1741 1774
1741 1935
1741 1938
1742 1747
1742 1751
1742 1757
1742 1760
1742 1769
1742 1775
1742 1936
1742 1939
1743 1762
1743 1765
1744 1763
1744 1766
1746 1750
1746 1756
1746 1759
1746 1768
1746 1774
1746 1935
1746 1938
1747 1751
1747 1757
1747 1760
1747 1769
1747 1775
1747 1936
1747 1939
1749 1755
1749 1758
1749 1767
1749 1773
1749 1934
1749 1937
1750 1756
1750 1759
1750 1768
1750 1774
1750 1935
1750 1938
1751 1757
1751 1760
1751 1769
1751 1775
1751 1936
1751 1939
1755 1758
1755 1767
1755 1773
1755 1934
1755 1937
1756 1759
1756 1768
1756 1774
1756 1935
1756 1938
1757 1760
1757 1769
1757 1775
1757 1936
1757 1939
1758 1767
1758 1773
1758 1934
1758 1937
1759 1768
1759 1774
1759 1935
1759 1938
1760 1769
1760 1775
1760 1936
1760 1939
1761 1764
1761 1770
1762 1765
1762 1771
1763 1766
1763 1772
1764 1770
1765 1771
1766 1772
1767 1773
1767 1934
1767 1937
1768 1774
1768 1935
1768 1938
1769 1775
1769 1936
1769 1939
1773 1934
1773 1937
1774 1935
1774 1938
1775 1936
1775 1939
1776 1782
1777 1779
1777 1783
1778 1780
1778 1790
1779 1783
1780 1790
1781 1791
1783 1793
1784 1787
1785 1788
1786 1789
1787 1802
1788 1803
1789 1804
1790 1794
1790 1798
1791 1795
1793 1797
1794 1798
1794 1799
1795 1800
1798 1799
1799 1812
1799 1941
1800 1942
1802 1805
1802 1808
1802 1813
1802 1819
1803 1806
1803 1809
1803 1814
1803 1820
1804 1807
1804 1815
1804 1821
1805 1808
1805 1813
1805 1819
1806 1809
1806 1814
1806 1820
1807 1815
1807 1821
1808 1813
1808 1819
1809 1814
1809 1820
1811 1816
1811 1940
1811 1943
1812 1817
1812 1941
1812 1944
1813 1819
1814 1820
1815 1821
1816 1824
1816 1828
1816 1830
1816 1943
1817 1825
1817 1829
1817 1831
1817 1944
1818 1826
1818 1832
1818 1945
1824 1828
1824 1830
1825 1829
1825 1831
1826 1832
1828 1830
1829 1831
1833 1836
1833 1845
1833 1848
1833 1854
1834 1837
1834 1846
1834 1849
1834 1855
1834 1946
1835 1838
1835 1847
1835 1850
1835 1856
1835 1947
1836 1845
1836 1848
1836 1854
1837 1846
1837 1849
1837 1855
1837 1946
1838 1847
1838 1850
1838 1856
1838 1947
1839 1843
1839 1851
1839 1858
1840 1844
1840 1852
1840 1859
1841 1853
1845 1848
1845 1854
1845 1860
1846 1849
1846 1855
1846 1861
1846 1946
1847 1850
1847 1856
1847 1862
1847 1947
1848 1854
1848 1860
1848 1864
1849 1855
1849 1861
1849 1946
1850 1856
1850 1862
1850 1947
1851 1858
1852 1859
1854 1860
1854 1864
1855 1861
1855 1946
1856 1862
1856 1947
1860 1864
1860 1865
1860 1871
1861 1866
1861 1872
1862 1867
1862 1873
1864 1865
1864 1871
1864 1874
1864 1877
1865 1871
1865 1874
1865 1877
1866 1872
1866 1875
1866 1878
1867 1873
1867 1876
1867 1879
1871 1874
1871 1877
1872 1875
1872 1878
1873 1876
1873 1879
1873 1880
1874 1877
1875 1878
1876 1879
1876 1880
1879 1880
1882 1885
1882 1888
1882 1892
1883 1886
1883 1889
1883 1893
1884 1887
1884 1894
1888 1892
1889 1893
1891 1895
1905 1908
1906 1909
1907 1910
1908 1911
1909 1912
1910 1913
1914 1917
1915 1918
1916 1919
1920 1923
1921 1924
1922 1925
1926 1929
1927 1930
1928 1931
1934 1937
1935 1938
1936 1939
