300 21695
1 13
1 14
1 17
1 18
1 19
1 20
1 21
1 23
1 25
1 26
1 29
1 32
1 35
1 36
1 38
1 40
1 41
1 43
1 44
1 46
1 47
1 48
1 50
1 51
1 52
1 55
1 57
1 58
1 59
1 61
1 62
1 63
1 64
1 69
1 71
1 73
1 76
1 78
1 81
1 84
1 85
1 87
1 88
1 89
1 94
1 95
1 100
1 102
1 104
1 107
1 108
1 113
1 114
1 116
1 117
1 118
1 119
1 123
1 125
1 127
1 132
1 137
1 139
1 141
1 142
1 143
1 145
1 147
1 148
1 149
1 150
1 153
1 154
1 155
1 156
1 158
1 160
1 162
1 164
1 165
1 166
1 168
1 170
1 171
1 172
1 173
1 174
1 177
1 178
1 180
1 181
1 184
1 186
1 187
1 189
1 190
1 191
1 193
1 194
1 199
1 200
1 204
1 205
1 206
1 212
1 213
1 215
1 216
1 218
1 221
1 222
1 227
1 228
1 231
1 234
1 237
1 239
1 240
1 242
1 243
1 245
1 246
1 248
1 251
1 254
1 255
1 256
1 257
1 260
1 262
1 264
1 267
1 268
1 269
1 270
1 271
1 272
1 274
1 275
1 276
1 277
1 282
1 285
1 286
1 288
1 289
1 292
1 293
1 296
1 298
1 299
1 300
2 16
2 17
2 18
2 20
2 22
2 27
2 28
2 31
2 34
2 36
2 38
2 41
2 43
2 45
2 54
2 56
2 57
2 61
2 63
2 64
2 66
2 67
2 68
2 75
2 76
2 77
2 78
2 79
2 80
2 81
2 85
2 86
2 88
2 89
2 90
2 96
2 97
2 99
2 100
2 102
2 108
2 110
2 114
2 115
2 118
2 119
2 120
2 122
2 126
2 127
2 132
2 133
2 134
2 135
2 137
2 142
2 147
2 148
2 149
2 150
2 151
2 152
2 153
2 155
2 158
2 159
2 160
2 161
2 164
2 165
2 166
2 168
2 170
2 171
2 173
2 174
2 178
2 179
2 180
2 182
2 184
2 185
2 186
2 189
2 191
2 192
2 193
2 195
2 198
2 202
2 207
2 209
2 210
2 211
2 213
2 215
2 217
2 218
2 220
2 221
2 223
2 225
2 228
2 229
2 230
2 233
2 235
2 236
2 238
2 239
2 240
2 241
2 244
2 245
2 248
2 250
2 251
2 252
2 254
2 257
2 258
2 260
2 261
2 265
2 266
2 269
2 274
2 276
2 277
2 279
2 281
2 283
2 284
2 285
2 286
2 291
2 292
2 294
2 295
2 298
2 299
3 14
3 19
3 20
3 21
3 23
3 24
3 26
3 28
3 29
3 30
3 32
3 35
3 44
3 46
3 47
3 48
3 51
3 52
3 57
3 58
3 61
3 63
3 65
3 67
3 71
3 72
3 73
3 74
3 75
3 77
3 78
3 80
3 83
3 85
3 89
3 92
3 94
3 95
3 96
3 98
3 100
3 102
3 103
3 105
3 106
3 107
3 110
3 111
3 112
3 115
3 118
3 123
3 126
3 127
3 132
3 133
3 136
3 137
3 140
3 143
3 145
3 146
3 147
3 148
3 152
3 153
3 155
3 156
3 157
3 158
3 164
3 165
3 167
3 168
3 172
3 176
3 179
3 180
3 185
3 190
3 191
3 192
3 194
3 196
3 197
3 198
3 199
3 201
3 203
3 204
3 205
3 207
3 208
3 212
3 214
3 215
3 216
3 217
3 219
3 220
3 222
3 223
3 224
3 226
3 229
3 232
3 233
3 235
3 241
3 243
3 245
3 247
3 249
3 255
3 256
3 257
3 260
3 261
3 262
3 264
3 265
3 268
3 273
3 277
3 282
3 283
3 284
3 287
3 289
3 290
3 293
3 294
3 295
3 298
3 300
4 13
4 14
4 15
4 16
4 19
4 23
4 26
4 27
4 28
4 29
4 30
4 33
4 34
4 35
4 37
4 38
4 40
4 42
4 43
4 45
4 47
4 48
4 50
4 52
4 58
4 59
4 60
4 61
4 62
4 66
4 67
4 71
4 72
4 80
4 81
4 82
4 84
4 86
4 89
4 93
4 94
4 95
4 97
4 98
4 99
4 100
4 105
4 106
4 107
4 109
4 110
4 112
4 113
4 116
4 118
4 119
4 121
4 122
4 123
4 124
4 127
4 128
4 129
4 130
4 135
4 136
4 138
4 140
4 142
4 143
4 144
4 153
4 156
4 157
4 158
4 160
4 167
4 168
4 170
4 175
4 176
4 179
4 180
4 181
4 182
4 184
4 186
4 187
4 188
4 194
4 195
4 197
4 200
4 201
4 203
4 205
4 206
4 209
4 212
4 214
4 216
4 217
4 218
4 219
4 221
4 222
4 224
4 226
4 227
4 232
4 234
4 235
4 237
4 243
4 245
4 247
4 249
4 251
4 255
4 256
4 260
4 262
4 264
4 266
4 267
4 270
4 271
4 273
4 275
4 276
4 279
4 280
4 281
4 282
4 286
4 290
4 292
4 295
4 296
4 297
4 298
5 12
5 13
5 14
5 15
5 20
5 22
5 27
5 28
5 30
5 31
5 32
5 33
5 34
5 35
5 37
5 40
5 41
5 43
5 44
5 45
5 47
5 48
5 49
5 51
5 54
5 56
5 58
5 61
5 66
5 69
5 70
5 71
5 72
5 74
5 75
5 78
5 80
5 81
5 83
5 86
5 87
5 88
5 91
5 92
5 94
5 96
5 97
5 98
5 99
5 103
5 104
5 107
5 108
5 109
5 111
5 112
5 115
5 121
5 122
5 123
5 124
5 129
5 130
5 131
5 132
5 134
5 136
5 137
5 139
5 141
5 144
5 145
5 146
5 148
5 150
5 152
5 154
5 155
5 159
5 161
5 164
5 167
5 168
5 169
5 170
5 171
5 174
5 177
5 180
5 183
5 184
5 186
5 187
5 192
5 193
5 195
5 196
5 199
5 201
5 205
5 206
5 208
5 209
5 210
5 211
5 212
5 215
5 217
5 218
5 219
5 222
5 223
5 224
5 225
5 229
5 232
5 234
5 235
5 237
5 238
5 240
5 242
5 244
5 245
5 246
5 248
5 249
5 251
5 255
5 257
5 259
5 260
5 261
5 263
5 264
5 266
5 268
5 270
5 272
5 276
5 277
5 278
5 279
5 280
5 281
5 282
5 286
5 287
5 288
5 289
5 298
5 299
5 300
6 13
6 15
6 17
6 19
6 21
6 25
6 26
6 29
6 31
6 32
6 34
6 35
6 36
6 37
6 39
6 42
6 46
6 47
6 49
6 50
6 52
6 54
6 55
6 56
6 59
6 62
6 63
6 64
6 66
6 67
6 69
6 70
6 72
6 75
6 76
6 77
6 78
6 81
6 82
6 83
6 84
6 86
6 87
6 92
6 96
6 97
6 98
6 99
6 101
6 102
6 103
6 109
6 110
6 111
6 115
6 119
6 121
6 122
6 123
6 124
6 126
6 129
6 130
6 136
6 140
6 143
6 145
6 146
6 147
6 148
6 149
6 152
6 155
6 156
6 161
6 162
6 166
6 170
6 172
6 174
6 176
6 178
6 182
6 183
6 189
6 190
6 192
6 193
6 195
6 198
6 200
6 202
6 203
6 204
6 207
6 211
6 214
6 216
6 220
6 221
6 224
6 225
6 229
6 233
6 234
6 235
6 238
6 239
6 240
6 244
6 247
6 248
6 249
6 252
6 254
6 257
6 259
6 260
6 263
6 267
6 272
6 273
6 276
6 277
6 280
6 281
6 283
6 285
6 288
6 293
6 295
6 296
6 297
6 299
6 300
7 12
7 18
7 21
7 22
7 24
7 26
7 28
7 29
7 35
7 36
7 38
7 40
7 41
7 42
7 45
7 47
7 48
7 51
7 52
7 53
7 55
7 57
7 59
7 60
7 61
7 62
7 64
7 65
7 67
7 68
7 69
7 70
7 72
7 73
7 77
7 79
7 80
7 83
7 84
7 86
7 87
7 88
7 89
7 92
7 93
7 96
7 98
7 100
7 101
7 102
7 108
7 109
7 111
7 113
7 114
7 117
7 118
7 119
7 120
7 123
7 124
7 125
7 126
7 128
7 129
7 130
7 134
7 135
7 136
7 138
7 139
7 142
7 143
7 144
7 145
7 149
7 151
7 161
7 162
7 163
7 165
7 166
7 168
7 170
7 171
7 173
7 174
7 175
7 177
7 178
7 179
7 187
7 188
7 189
7 191
7 193
7 194
7 195
7 202
7 203
7 207
7 208
7 211
7 212
7 215
7 216
7 218
7 219
7 222
7 226
7 227
7 228
7 229
7 230
7 231
7 232
7 233
7 238
7 239
7 241
7 243
7 244
7 247
7 249
7 250
7 254
7 255
7 256
7 258
7 259
7 260
7 262
7 264
7 265
7 266
7 267
7 268
7 272
7 277
7 278
7 280
7 284
7 285
7 286
7 287
7 291
7 292
7 293
7 295
7 296
7 299
8 12
8 13
8 16
8 18
8 19
8 21
8 24
8 25
8 26
8 28
8 33
8 38
8 42
8 43
8 45
8 46
8 51
8 52
8 53
8 54
8 58
8 60
8 61
8 65
8 66
8 67
8 70
8 72
8 76
8 81
8 82
8 83
8 88
8 90
8 93
8 95
8 96
8 97
8 99
8 101
8 102
8 104
8 106
8 108
8 112
8 113
8 116
8 118
8 120
8 121
8 122
8 125
8 126
8 130
8 132
8 136
8 139
8 142
8 143
8 146
8 149
8 150
8 151
8 152
8 154
8 156
8 159
8 160
8 162
8 165
8 166
8 167
8 172
8 173
8 174
8 175
8 176
8 177
8 178
8 179
8 181
8 182
8 183
8 189
8 192
8 194
8 196
8 197
8 198
8 199
8 202
8 204
8 205
8 206
8 208
8 209
8 213
8 216
8 217
8 218
8 220
8 221
8 222
8 223
8 224
8 231
8 232
8 233
8 235
8 236
8 240
8 241
8 246
8 247
8 249
8 250
8 253
8 255
8 256
8 258
8 259
8 263
8 265
8 266
8 268
8 269
8 271
8 273
8 275
8 276
8 277
8 280
8 281
8 283
8 285
8 287
8 288
8 290
8 293
8 294
8 296
8 300
9 13
9 14
9 15
9 20
9 21
9 22
9 24
9 25
9 27
9 30
9 31
9 34
9 37
9 38
9 39
9 40
9 41
9 44
9 45
9 46
9 47
9 49
9 51
9 53
9 55
9 56
9 57
9 58
9 59
9 60
9 65
9 66
9 68
9 69
9 72
9 74
9 75
9 76
9 77
9 80
9 86
9 88
9 89
9 94
9 95
9 98
9 99
9 101
9 102
9 105
9 106
9 107
9 108
9 110
9 112
9 113
9 114
9 120
9 121
9 124
9 125
9 127
9 128
9 129
9 132
9 133
9 134
9 138
9 139
9 141
9 142
9 145
9 147
9 148
9 149
9 151
9 152
9 156
9 157
9 158
9 160
9 162
9 164
9 166
9 171
9 173
9 177
9 181
9 182
9 184
9 186
9 187
9 188
9 189
9 196
9 198
9 200
9 204
9 205
9 212
9 221
9 223
9 225
9 227
9 229
9 230
9 234
9 236
9 238
9 239
9 242
9 243
9 245
9 246
9 247
9 248
9 251
9 252
9 254
9 257
9 262
9 265
9 266
9 267
9 269
9 270
9 271
9 274
9 276
9 278
9 279
9 283
9 287
9 288
9 292
9 296
9 298
10 13
10 14
10 19
10 20
10 22
10 23
10 24
10 25
10 26
10 27
10 32
10 34
10 35
10 36
10 40
10 41
10 46
10 48
10 52
10 57
10 58
10 59
10 60
10 65
10 69
10 70
10 73
10 76
10 78
10 80
10 82
10 83
10 87
10 92
10 94
10 95
10 97
10 104
10 105
10 107
10 108
10 109
10 110
10 111
10 112
10 114
10 115
10 117
10 119
10 121
10 122
10 123
10 124
10 127
10 128
10 130
10 131
10 133
10 134
10 135
10 137
10 138
10 139
10 140
10 144
10 145
10 150
10 152
10 153
10 155
10 157
10 158
10 160
10 161
10 164
10 165
10 166
10 168
10 171
10 172
10 173
10 175
10 177
10 179
10 180
10 181
10 186
10 187
10 190
10 192
10 193
10 194
10 195
10 197
10 200
10 201
10 202
10 203
10 206
10 207
10 209
10 211
10 212
10 213
10 215
10 220
10 221
10 223
10 224
10 227
10 228
10 231
10 233
10 234
10 235
10 240
10 242
10 244
10 245
10 247
10 249
10 250
10 252
10 253
10 254
10 256
10 262
10 263
10 266
10 268
10 269
10 271
10 272
10 273
10 275
10 279
10 281
10 283
10 286
10 287
10 288
10 289
10 291
10 292
10 293
10 295
10 299
11 12
11 16
11 17
11 18
11 19
11 20
11 21
11 23
11 24
11 25
11 27
11 30
11 32
11 33
11 37
11 38
11 39
11 41
11 43
11 45
11 48
11 49
11 50
11 51
11 60
11 62
11 63
11 68
11 70
11 71
11 73
11 75
11 76
11 77
11 79
11 83
11 85
11 87
11 88
11 89
11 90
11 92
11 93
11 94
11 96
11 97
11 100
11 101
11 104
11 105
11 110
11 111
11 112
11 113
11 116
11 118
11 119
11 121
11 124
11 125
11 129
11 131
11 134
11 135
11 136
11 139
11 140
11 141
11 143
11 144
11 148
11 150
11 151
11 154
11 155
11 156
11 157
11 158
11 159
11 164
11 165
11 172
11 173
11 175
11 176
11 178
11 179
11 180
11 181
11 182
11 184
11 188
11 190
11 191
11 193
11 196
11 197
11 198
11 199
11 203
11 204
11 206
11 207
11 208
11 209
11 210
11 214
11 215
11 217
11 218
11 219
11 220
11 222
11 223
11 227
11 228
11 229
11 232
11 234
11 237
11 238
11 240
11 243
11 246
11 250
11 253
11 254
11 255
11 256
11 257
11 258
11 261
11 262
11 265
11 268
11 269
11 271
11 272
11 275
11 278
11 279
11 280
11 281
11 283
11 284
11 285
11 286
11 287
11 291
11 292
11 293
11 298
11 299
11 300
12 23
12 24
12 25
12 26
12 27
12 30
12 33
12 35
12 40
12 43
12 44
12 47
12 48
12 49
12 50
12 55
12 60
12 63
12 64
12 65
12 66
12 67
12 68
12 69
12 70
12 72
12 78
12 79
12 80
12 83
12 85
12 86
12 87
12 89
12 90
12 91
12 96
12 102
12 104
12 105
12 106
12 111
12 112
12 114
12 116
12 118
12 119
12 121
12 122
12 124
12 127
12 129
12 131
12 132
12 135
12 136
12 137
12 140
12 141
12 143
12 146
12 148
12 150
12 154
12 158
12 162
12 163
12 164
12 165
12 166
12 173
12 174
12 176
12 178
12 179
12 182
12 184
12 185
12 186
12 187
12 191
12 193
12 194
12 196
12 197
12 198
12 200
12 205
12 206
12 208
12 210
12 211
12 212
12 215
12 216
12 218
12 220
12 223
12 224
12 225
12 227
12 229
12 231
12 233
12 236
12 237
12 238
12 240
12 242
12 243
12 245
12 246
12 251
12 253
12 254
12 255
12 258
12 259
12 262
12 263
12 266
12 267
12 269
12 272
12 277
12 278
12 279
12 281
12 282
12 283
12 284
12 285
12 290
12 291
12 296
12 298
12 300
13 23
13 24
13 28
13 30
13 32
13 33
13 35
13 36
13 37
13 38
13 39
13 40
13 43
13 48
13 49
13 51
13 52
13 53
13 54
13 57
13 58
13 60
13 62
13 63
13 64
13 66
13 69
13 70
13 73
13 74
13 75
13 76
13 77
13 78
13 79
13 80
13 81
13 84
13 87
13 92
13 93
13 94
13 96
13 97
13 98
13 99
13 100
13 103
13 104
13 107
13 108
13 110
13 111
13 112
13 116
13 117
13 118
13 119
13 121
13 123
13 125
13 130
13 135
13 136
13 138
13 139
13 140
13 141
13 143
13 146
13 148
13 151
13 152
13 156
13 157
13 160
13 162
13 164
13 165
13 166
13 168
13 170
13 173
13 174
13 176
13 178
13 180
13 181
13 182
13 183
13 185
13 186
13 188
13 189
13 194
13 195
13 196
13 199
13 200
13 202
13 207
13 209
13 212
13 214
13 218
13 225
13 227
13 229
13 230
13 231
13 232
13 235
13 237
13 242
13 246
13 247
13 248
13 252
13 253
13 256
13 258
13 260
13 263
13 264
13 265
13 268
13 269
13 270
13 272
13 273
13 274
13 276
13 277
13 278
13 283
13 284
13 286
13 290
13 292
13 296
13 299
14 23
14 24
14 26
14 30
14 31
14 36
14 37
14 38
14 40
14 42
14 44
14 50
14 51
14 52
14 53
14 55
14 57
14 62
14 63
14 64
14 65
14 69
14 70
14 71
14 73
14 74
14 75
14 76
14 78
14 79
14 85
14 87
14 89
14 91
14 93
14 95
14 96
14 98
14 99
14 101
14 103
14 104
14 106
14 107
14 108
14 109
14 112
14 113
14 115
14 116
14 118
14 119
14 125
14 126
14 127
14 129
14 130
14 131
14 132
14 138
14 140
14 143
14 144
14 146
14 147
14 148
14 149
14 152
14 154
14 155
14 157
14 160
14 161
14 162
14 165
14 166
14 167
14 168
14 169
14 174
14 176
14 178
14 181
14 183
14 185
14 186
14 188
14 189
14 192
14 195
14 197
14 198
14 200
14 201
14 202
14 203
14 212
14 214
14 217
14 218
14 219
14 222
14 223
14 226
14 228
14 230
14 231
14 233
14 235
14 236
14 238
14 239
14 243
14 244
14 245
14 246
14 247
14 249
14 252
14 254
14 257
14 259
14 260
14 261
14 262
14 267
14 270
14 271
14 272
14 274
14 275
14 276
14 277
14 281
14 282
14 283
14 288
14 289
14 290
14 291
14 292
14 294
14 295
14 296
14 300
15 26
15 27
15 28
15 29
15 32
15 34
15 35
15 36
15 37
15 40
15 42
15 45
15 50
15 52
15 53
15 55
15 56
15 57
15 58
15 60
15 62
15 65
15 66
15 68
15 70
15 75
15 76
15 77
15 79
15 81
15 82
15 84
15 85
15 86
15 87
15 89
15 90
15 93
15 94
15 95
15 98
15 99
15 100
15 102
15 103
15 105
15 109
15 110
15 111
15 113
15 115
15 117
15 120
15 121
15 122
15 126
15 128
15 129
15 130
15 134
15 135
15 138
15 139
15 140
15 141
15 143
15 145
15 146
15 149
15 150
15 151
15 153
15 154
15 156
15 160
15 161
15 164
15 167
15 169
15 171
15 173
15 175
15 176
15 179
15 180
15 181
15 182
15 183
15 186
15 188
15 190
15 191
15 192
15 193
15 195
15 199
15 201
15 202
15 204
15 205
15 207
15 211
15 216
15 218
15 219
15 221
15 224
15 226
15 228
15 230
15 231
15 232
15 235
15 241
15 242
15 244
15 245
15 249
15 250
15 251
15 252
15 255
15 256
15 261
15 263
15 264
15 267
15 268
15 269
15 272
15 273
15 275
15 277
15 278
15 279
15 282
15 283
15 284
15 285
15 287
15 289
15 291
15 293
15 294
15 296
15 297
15 300
16 25
16 28
16 29
16 31
16 32
16 33
16 37
16 38
16 39
16 41
16 46
16 47
16 49
16 50
16 51
16 52
16 54
16 57
16 61
16 64
16 65
16 67
16 68
16 69
16 71
16 73
16 75
16 76
16 79
16 80
16 85
16 86
16 88
16 89
16 91
16 92
16 94
16 95
16 101
16 102
16 103
16 104
16 105
16 107
16 108
16 113
16 116
16 117
16 123
16 125
16 127
16 130
16 131
16 132
16 133
16 134
16 142
16 148
16 150
16 152
16 153
16 156
16 158
16 161
16 162
16 163
16 164
16 165
16 166
16 167
16 171
16 172
16 174
16 175
16 177
16 178
16 179
16 180
16 183
16 185
16 186
16 188
16 189
16 192
16 193
16 194
16 195
16 198
16 199
16 200
16 201
16 202
16 204
16 207
16 209
16 211
16 212
16 215
16 216
16 220
16 221
16 222
16 223
16 225
16 226
16 228
16 231
16 234
16 236
16 237
16 239
16 240
16 241
16 242
16 243
16 250
16 251
16 253
16 255
16 257
16 260
16 263
16 264
16 268
16 271
16 273
16 275
16 277
16 281
16 285
16 287
16 288
16 290
16 294
16 295
16 298
17 23
17 24
17 27
17 28
17 31
17 32
17 37
17 38
17 39
17 41
17 42
17 44
17 48
17 49
17 50
17 53
17 54
17 60
17 62
17 64
17 65
17 66
17 70
17 71
17 72
17 74
17 76
17 80
17 86
17 87
17 88
17 91
17 94
17 101
17 103
17 108
17 111
17 112
17 113
17 115
17 118
17 120
17 121
17 122
17 128
17 130
17 131
17 132
17 134
17 135
17 136
17 137
17 141
17 142
17 143
17 144
17 145
17 146
17 147
17 151
17 153
17 155
17 156
17 157
17 159
17 161
17 165
17 168
17 169
17 171
17 172
17 175
17 177
17 180
17 181
17 183
17 184
17 185
17 187
17 191
17 192
17 198
17 201
17 203
17 204
17 205
17 210
17 211
17 212
17 215
17 216
17 217
17 221
17 223
17 225
17 226
17 227
17 229
17 237
17 239
17 240
17 242
17 247
17 248
17 249
17 250
17 253
17 255
17 262
17 265
17 266
17 269
17 271
17 273
17 276
17 278
17 279
17 280
17 281
17 283
17 284
17 285
17 287
17 288
17 291
17 292
17 294
17 295
17 296
17 300
18 23
18 24
18 25
18 27
18 31
18 32
18 36
18 39
18 40
18 43
18 44
18 45
18 46
18 50
18 53
18 58
18 59
18 61
18 62
18 67
18 68
18 70
18 71
18 73
18 74
18 75
18 78
18 81
18 87
18 88
18 91
18 92
18 95
18 96
18 97
18 101
18 106
18 107
18 111
18 113
18 114
18 115
18 118
18 119
18 121
18 122
18 125
18 127
18 129
18 133
18 134
18 135
18 136
18 140
18 141
18 143
18 145
18 146
18 147
18 148
18 149
18 150
18 154
18 156
18 157
18 160
18 163
18 165
18 166
18 169
18 171
18 174
18 175
18 176
18 177
18 178
18 181
18 182
18 183
18 184
18 185
18 189
18 191
18 192
18 197
18 198
18 199
18 200
18 202
18 203
18 204
18 206
18 207
18 211
18 212
18 214
18 215
18 217
18 219
18 220
18 223
18 224
18 226
18 230
18 231
18 234
18 235
18 236
18 240
18 245
18 248
18 250
18 252
18 253
18 254
18 256
18 259
18 260
18 262
18 266
18 268
18 270
18 274
18 276
18 277
18 279
18 281
18 283
18 284
18 286
18 289
18 290
18 291
18 293
18 294
18 297
18 298
19 24
19 28
19 35
19 38
19 39
19 40
19 41
19 43
19 45
19 46
19 51
19 55
19 57
19 58
19 59
19 60
19 62
19 63
19 66
19 68
19 73
19 79
19 80
19 81
19 86
19 88
19 89
19 92
19 94
19 95
19 98
19 99
19 100
19 101
19 102
19 103
19 105
19 106
19 108
19 115
19 117
19 119
19 120
19 122
19 123
19 124
19 125
19 126
19 127
19 131
19 137
19 138
19 142
19 147
19 148
19 149
19 151
19 153
19 154
19 156
19 159
19 160
19 161
19 164
19 165
19 167
19 171
19 173
19 174
19 179
19 193
19 194
19 196
19 197
19 201
19 202
19 206
19 207
19 208
19 210
19 211
19 213
19 217
19 218
19 219
19 225
19 226
19 227
19 229
19 233
19 234
19 236
19 237
19 239
19 241
19 243
19 244
19 245
19 246
19 250
19 251
19 254
19 257
19 258
19 259
19 260
19 261
19 262
19 263
19 265
19 267
19 268
19 271
19 272
19 274
19 275
19 278
19 281
19 284
19 288
19 295
19 296
19 297
19 298
19 299
19 300
20 23
20 26
20 28
20 29
20 31
20 32
20 33
20 35
20 38
20 39
20 40
20 41
20 42
20 45
20 48
20 49
20 51
20 52
20 53
20 54
20 56
20 58
20 67
20 68
20 70
20 72
20 73
20 74
20 75
20 81
20 82
20 83
20 84
20 85
20 86
20 87
20 91
20 92
20 93
20 96
20 97
20 98
20 100
20 101
20 106
20 107
20 108
20 109
20 110
20 112
20 117
20 118
20 119
20 121
20 124
20 125
20 126
20 128
20 130
20 134
20 136
20 137
20 138
20 139
20 141
20 144
20 145
20 151
20 156
20 157
20 158
20 159
20 160
20 163
20 164
20 166
20 168
20 169
20 172
20 173
20 175
20 176
20 182
20 187
20 188
20 190
20 195
20 196
20 197
20 199
20 200
20 201
20 203
20 204
20 207
20 208
20 210
20 215
20 216
20 217
20 218
20 219
20 220
20 221
20 223
20 225
20 226
20 228
20 230
20 234
20 236
20 237
20 238
20 240
20 242
20 244
20 245
20 246
20 249
20 250
20 252
20 254
20 255
20 258
20 259
20 263
20 264
20 265
20 266
20 269
20 270
20 271
20 272
20 273
20 278
20 279
20 280
20 283
20 285
20 286
20 287
20 289
20 292
20 294
20 295
20 296
20 297
20 298
21 24
21 26
21 27
21 29
21 30
21 31
21 34
21 35
21 37
21 39
21 43
21 46
21 49
21 50
21 51
21 52
21 54
21 56
21 57
21 58
21 59
21 60
21 63
21 66
21 68
21 69
21 71
21 74
21 76
21 80
21 81
21 82
21 83
21 84
21 85
21 88
21 90
21 91
21 92
21 94
21 95
21 98
21 99
21 101
21 102
21 104
21 106
21 108
21 109
21 115
21 117
21 122
21 126
21 128
21 129
21 130
21 133
21 134
21 136
21 139
21 142
21 144
21 147
21 151
21 152
21 154
21 157
21 159
21 162
21 163
21 168
21 169
21 170
21 171
21 173
21 176
21 177
21 178
21 179
21 183
21 185
21 186
21 190
21 191
21 192
21 193
21 196
21 197
21 199
21 202
21 204
21 206
21 212
21 215
21 216
21 219
21 220
21 222
21 224
21 229
21 230
21 234
21 235
21 237
21 238
21 239
21 240
21 241
21 244
21 246
21 247
21 249
21 251
21 252
21 253
21 254
21 255
21 258
21 263
21 267
21 268
21 269
21 270
21 271
21 272
21 273
21 274
21 277
21 285
21 286
21 289
21 290
21 293
21 294
21 295
21 297
21 298
21 300
22 26
22 28
22 29
22 31
22 32
22 34
22 35
22 36
22 41
22 43
22 44
22 45
22 46
22 48
22 49
22 51
22 53
22 55
22 56
22 58
22 60
22 62
22 64
22 65
22 66
22 71
22 73
22 75
22 76
22 79
22 81
22 86
22 88
22 90
22 94
22 96
22 97
22 99
22 100
22 102
22 109
22 110
22 111
22 115
22 117
22 118
22 119
22 120
22 121
22 122
22 123
22 125
22 128
22 129
22 131
22 132
22 136
22 137
22 139
22 140
22 142
22 143
22 146
22 148
22 149
22 151
22 152
22 153
22 154
22 155
22 157
22 158
22 162
22 166
22 167
22 170
22 173
22 177
22 178
22 180
22 184
22 186
22 187
22 189
22 190
22 192
22 194
22 195
22 196
22 197
22 199
22 200
22 203
22 204
22 206
22 208
22 209
22 211
22 213
22 216
22 217
22 219
22 220
22 221
22 222
22 223
22 224
22 225
22 229
22 231
22 233
22 234
22 235
22 239
22 240
22 241
22 242
22 244
22 245
22 246
22 250
22 251
22 252
22 253
22 254
22 257
22 261
22 262
22 266
22 267
22 268
22 269
22 271
22 275
22 280
22 286
22 287
22 288
22 290
22 291
22 293
22 297
22 300
23 34
23 36
23 37
23 38
23 39
23 41
23 44
23 48
23 51
23 53
23 55
23 58
23 61
23 67
23 71
23 73
23 74
23 75
23 76
23 77
23 79
23 80
23 81
23 91
23 93
23 94
23 95
23 96
23 100
23 101
23 102
23 103
23 105
23 108
23 111
23 116
23 117
23 120
23 122
23 123
23 127
23 132
23 134
23 140
23 142
23 144
23 145
23 146
23 149
23 150
23 151
23 154
23 157
23 160
23 161
23 166
23 168
23 174
23 177
23 180
23 182
23 183
23 184
23 185
23 187
23 188
23 189
23 190
23 191
23 196
23 197
23 198
23 199
23 200
23 201
23 204
23 205
23 207
23 208
23 211
23 214
23 217
23 220
23 221
23 222
23 224
23 227
23 228
23 229
23 233
23 235
23 237
23 238
23 239
23 240
23 241
23 242
23 243
23 247
23 248
23 250
23 251
23 253
23 255
23 256
23 257
23 260
23 262
23 263
23 265
23 266
23 268
23 269
23 271
23 274
23 275
23 276
23 279
23 280
23 281
23 282
23 285
23 288
23 290
23 293
23 294
23 295
23 297
23 300
24 37
24 39
24 40
24 44
24 45
24 47
24 51
24 52
24 53
24 57
24 62
24 67
24 69
24 73
24 75
24 79
24 83
24 85
24 87
24 90
24 91
24 92
24 97
24 98
24 99
24 100
24 101
24 103
24 104
24 106
24 111
24 114
24 118
24 120
24 121
24 123
24 124
24 128
24 129
24 130
24 131
24 132
24 133
24 134
24 138
24 139
24 140
24 143
24 146
24 149
24 151
24 153
24 156
24 158
24 159
24 160
24 161
24 163
24 164
24 166
24 167
24 168
24 169
24 172
24 173
24 176
24 177
24 179
24 183
24 184
24 185
24 188
24 190
24 192
24 193
24 194
24 195
24 197
24 202
24 209
24 210
24 212
24 213
24 214
24 216
24 218
24 221
24 222
24 223
24 225
24 226
24 230
24 231
24 234
24 237
24 238
24 242
24 245
24 246
24 248
24 249
24 250
24 260
24 261
24 262
24 266
24 267
24 269
24 270
24 271
24 272
24 273
24 274
24 275
24 278
24 281
24 282
24 283
24 288
24 289
24 290
24 291
24 292
24 294
24 299
24 300
25 35
25 36
25 37
25 38
25 41
25 43
25 45
25 47
25 48
25 49
25 52
25 54
25 55
25 56
25 57
25 58
25 60
25 61
25 62
25 63
25 67
25 68
25 73
25 74
25 75
25 78
25 79
25 82
25 84
25 85
25 86
25 88
25 89
25 91
25 92
25 93
25 94
25 95
25 97
25 100
25 102
25 104
25 106
25 107
25 108
25 112
25 113
25 114
25 115
25 116
25 117
25 119
25 126
25 129
25 130
25 131
25 132
25 133
25 135
25 136
25 138
25 139
25 140
25 142
25 148
25 149
25 151
25 152
25 153
25 154
25 155
25 156
25 158
25 159
25 161
25 164
25 165
25 169
25 170
25 171
25 173
25 175
25 176
25 177
25 181
25 183
25 184
25 186
25 188
25 189
25 191
25 194
25 196
25 197
25 198
25 199
25 200
25 202
25 203
25 205
25 206
25 209
25 211
25 213
25 215
25 218
25 223
25 230
25 231
25 232
25 233
25 234
25 239
25 240
25 241
25 244
25 247
25 250
25 252
25 253
25 255
25 257
25 263
25 265
25 266
25 267
25 273
25 274
25 279
25 280
25 283
25 284
25 285
25 291
25 293
25 294
25 296
25 298
25 299
26 35
26 36
26 39
26 41
26 42
26 44
26 46
26 47
26 49
26 53
26 54
26 55
26 57
26 58
26 59
26 61
26 63
26 64
26 66
26 69
26 70
26 71
26 73
26 74
26 79
26 80
26 81
26 82
26 84
26 87
26 91
26 92
26 94
26 95
26 97
26 98
26 102
26 106
26 107
26 111
26 117
26 120
26 121
26 124
26 127
26 130
26 132
26 135
26 139
26 141
26 144
26 145
26 146
26 147
26 152
26 153
26 156
26 158
26 160
26 163
26 164
26 170
26 176
26 179
26 180
26 181
26 183
26 184
26 193
26 195
26 199
26 200
26 202
26 203
26 204
26 208
26 209
26 213
26 217
26 218
26 220
26 221
26 225
26 227
26 228
26 230
26 232
26 233
26 234
26 235
26 238
26 240
26 241
26 242
26 244
26 245
26 248
26 249
26 253
26 254
26 255
26 258
26 261
26 262
26 263
26 264
26 267
26 268
26 271
26 275
26 276
26 277
26 278
26 279
26 284
26 285
26 286
26 287
26 290
26 291
26 293
26 294
26 295
26 297
26 300
27 34
27 36
27 38
27 44
27 45
27 46
27 47
27 49
27 52
27 53
27 54
27 56
27 58
27 59
27 60
27 61
27 62
27 65
27 69
27 70
27 77
27 78
27 81
27 83
27 84
27 88
27 90
27 91
27 92
27 93
27 96
27 97
27 98
27 102
27 103
27 105
27 106
27 107
27 111
27 112
27 115
27 116
27 121
27 123
27 126
27 128
27 129
27 131
27 133
27 137
27 139
27 140
27 141
27 142
27 143
27 144
27 146
27 147
27 149
27 150
27 152
27 154
27 155
27 156
27 157
27 159
27 162
27 165
27 167
27 169
27 171
27 172
27 173
27 174
27 175
27 180
27 182
27 183
27 184
27 185
27 186
27 189
27 190
27 192
27 198
27 200
27 201
27 203
27 204
27 206
27 208
27 209
27 210
27 211
27 212
27 217
27 218
27 219
27 222
27 226
27 227
27 228
27 234
27 235
27 238
27 239
27 240
27 242
27 243
27 245
27 247
27 250
27 251
27 252
27 253
27 254
27 255
27 260
27 262
27 263
27 265
27 266
27 269
27 270
27 271
27 275
27 277
27 278
27 279
27 281
27 283
27 284
27 287
27 289
27 290
27 291
27 295
27 297
28 34
28 35
28 36
28 42
28 44
28 45
28 49
28 52
28 55
28 57
28 58
28 59
28 60
28 64
28 65
28 66
28 69
28 70
28 73
28 76
28 77
28 78
28 79
28 81
28 82
28 84
28 85
28 87
28 90
28 92
28 93
28 96
28 98
28 100
28 101
28 105
28 106
28 107
28 109
28 110
28 111
28 112
28 113
28 117
28 118
28 119
28 122
28 125
28 128
28 129
28 131
28 132
28 135
28 137
28 138
28 140
28 142
28 143
28 144
28 145
28 147
28 148
28 149
28 150
28 151
28 157
28 158
28 164
28 166
28 167
28 168
28 169
28 172
28 174
28 175
28 177
28 178
28 179
28 180
28 186
28 187
28 189
28 191
28 193
28 194
28 198
28 199
28 201
28 205
28 206
28 207
28 210
28 212
28 213
28 215
28 217
28 218
28 220
28 221
28 222
28 225
28 226
28 228
28 229
28 231
28 233
28 234
28 238
28 240
28 243
28 248
28 249
28 251
28 252
28 253
28 256
28 258
28 259
28 262
28 263
28 265
28 266
28 267
28 268
28 272
28 273
28 275
28 276
28 278
28 279
28 282
28 283
28 284
28 287
28 290
28 291
28 292
28 296
28 297
28 298
29 34
29 35
29 36
29 37
29 38
29 39
29 41
29 45
29 46
29 47
29 48
29 52
29 54
29 60
29 61
29 62
29 64
29 66
29 67
29 69
29 70
29 72
29 74
29 75
29 76
29 78
29 85
29 86
29 88
29 90
29 96
29 100
29 102
29 103
29 104
29 105
29 110
29 112
29 113
29 114
29 115
29 116
29 120
29 121
29 122
29 123
29 126
29 129
29 131
29 133
29 134
29 144
29 145
29 149
29 153
29 155
29 158
29 159
29 160
29 161
29 166
29 169
29 173
29 177
29 181
29 183
29 184
29 185
29 186
29 188
29 189
29 190
29 191
29 193
29 194
29 196
29 200
29 201
29 202
29 204
29 207
29 211
29 212
29 215
29 219
29 220
29 221
29 224
29 226
29 232
29 234
29 235
29 237
29 239
29 240
29 242
29 246
29 247
29 248
29 249
29 250
29 251
29 253
29 256
29 259
29 260
29 263
29 264
29 266
29 269
29 272
29 277
29 279
29 280
29 281
29 282
29 283
29 285
29 287
29 290
29 293
29 299
30 35
30 36
30 37
30 40
30 43
30 44
30 45
30 46
30 47
30 48
30 49
30 51
30 54
30 57
30 60
30 62
30 64
30 67
30 71
30 72
30 73
30 75
30 76
30 77
30 78
30 80
30 82
30 83
30 85
30 87
30 88
30 89
30 90
30 91
30 94
30 97
30 100
30 101
30 102
30 103
30 106
30 107
30 112
30 114
30 115
30 116
30 118
30 119
30 123
30 124
30 128
30 130
30 131
30 132
30 134
30 135
30 137
30 139
30 140
30 142
30 143
30 144
30 146
30 147
30 148
30 149
30 152
30 154
30 155
30 156
30 158
30 162
30 164
30 166
30 167
30 168
30 171
30 173
30 175
30 176
30 178
30 180
30 183
30 185
30 190
30 191
30 192
30 193
30 197
30 199
30 201
30 203
30 205
30 206
30 208
30 209
30 210
30 211
30 214
30 215
30 217
30 218
30 219
30 225
30 226
30 227
30 228
30 229
30 230
30 232
30 235
30 237
30 241
30 242
30 244
30 245
30 246
30 250
30 251
30 252
30 255
30 256
30 258
30 259
30 261
30 262
30 266
30 268
30 270
30 271
30 274
30 275
30 280
30 282
30 283
30 286
30 289
30 292
30 294
30 295
30 296
30 297
30 299
31 34
31 38
31 41
31 42
31 43
31 46
31 48
31 49
31 50
31 52
31 53
31 56
31 57
31 59
31 60
31 62
31 65
31 66
31 67
31 69
31 71
31 72
31 76
31 78
31 79
31 80
31 84
31 87
31 88
31 90
31 93
31 95
31 97
31 99
31 100
31 103
31 104
31 106
31 108
31 110
31 111
31 116
31 118
31 119
31 121
31 122
31 123
31 125
31 126
31 127
31 133
31 134
31 135
31 136
31 137
31 139
31 141
31 146
31 147
31 150
31 153
31 155
31 159
31 160
31 161
31 162
31 165
31 166
31 167
31 168
31 169
31 170
31 175
31 176
31 178
31 179
31 181
31 184
31 187
31 189
31 190
31 191
31 195
31 196
31 199
31 200
31 205
31 206
31 208
31 210
31 214
31 215
31 216
31 217
31 219
31 220
31 221
31 222
31 227
31 228
31 229
31 230
31 231
31 232
31 234
31 237
31 239
31 240
31 241
31 242
31 243
31 247
31 248
31 249
31 254
31 255
31 256
31 257
31 260
31 261
31 268
31 270
31 271
31 274
31 277
31 278
31 279
31 280
31 285
31 287
31 288
31 289
31 290
31 291
31 293
31 294
31 297
31 298
31 299
32 34
32 35
32 37
32 38
32 42
32 49
32 51
32 52
32 53
32 56
32 57
32 63
32 65
32 66
32 67
32 70
32 71
32 72
32 73
32 74
32 77
32 78
32 83
32 84
32 85
32 87
32 89
32 92
32 93
32 94
32 95
32 98
32 101
32 102
32 105
32 107
32 108
32 109
32 112
32 113
32 114
32 117
32 119
32 122
32 124
32 125
32 126
32 127
32 130
32 131
32 133
32 134
32 136
32 137
32 143
32 144
32 145
32 147
32 153
32 155
32 158
32 159
32 160
32 162
32 164
32 165
32 168
32 169
32 172
32 175
32 176
32 177
32 178
32 180
32 181
32 182
32 188
32 190
32 191
32 192
32 194
32 195
32 197
32 201
32 202
32 204
32 209
32 211
32 214
32 215
32 216
32 223
32 224
32 225
32 226
32 227
32 229
32 231
32 232
32 235
32 239
32 243
32 244
32 251
32 253
32 254
32 255
32 256
32 260
32 264
32 268
32 269
32 273
32 275
32 278
32 280
32 281
32 282
32 283
32 285
32 287
32 288
32 291
32 292
32 293
32 297
32 298
32 300
33 34
33 35
33 37
33 38
33 41
33 46
33 47
33 48
33 55
33 59
33 60
33 61
33 63
33 64
33 65
33 66
33 70
33 71
33 75
33 76
33 77
33 80
33 81
33 82
33 84
33 86
33 87
33 89
33 91
33 93
33 97
33 98
33 99
33 101
33 103
33 107
33 109
33 111
33 112
33 113
33 114
33 118
33 119
33 121
33 122
33 123
33 126
33 127
33 128
33 130
33 132
33 133
33 134
33 135
33 136
33 137
33 140
33 141
33 146
33 148
33 152
33 153
33 155
33 156
33 157
33 159
33 160
33 162
33 164
33 166
33 167
33 168
33 170
33 172
33 175
33 176
33 178
33 179
33 180
33 181
33 182
33 187
33 194
33 195
33 196
33 197
33 198
33 200
33 201
33 205
33 209
33 211
33 212
33 214
33 216
33 217
33 218
33 220
33 222
33 224
33 226
33 228
33 229
33 231
33 233
33 235
33 236
33 243
33 244
33 245
33 246
33 247
33 251
33 254
33 257
33 258
33 259
33 260
33 262
33 263
33 264
33 265
33 267
33 268
33 271
33 276
33 278
33 280
33 281
33 282
33 286
33 289
33 292
33 293
33 294
33 296
33 299
34 46
34 47
34 49
34 50
34 51
34 52
34 53
34 61
34 62
34 63
34 64
34 66
34 68
34 69
34 70
34 71
34 73
34 76
34 77
34 78
34 79
34 81
34 82
34 86
34 88
34 90
34 91
34 93
34 94
34 96
34 97
34 98
34 100
34 102
34 103
34 104
34 105
34 109
34 110
34 112
34 117
34 119
34 120
34 127
34 130
34 133
34 134
34 138
34 140
34 141
34 144
34 145
34 146
34 148
34 150
34 153
34 154
34 157
34 158
34 160
34 162
34 163
34 164
34 165
34 166
34 168
34 169
34 172
34 173
34 174
34 182
34 184
34 186
34 187
34 188
34 190
34 191
34 192
34 194
34 197
34 199
34 200
34 201
34 206
34 207
34 209
34 211
34 215
34 216
34 220
34 223
34 225
34 226
34 227
34 229
34 230
34 232
34 233
34 237
34 239
34 242
34 243
34 244
34 245
34 249
34 250
34 252
34 253
34 256
34 259
34 263
34 268
34 269
34 271
34 274
34 275
34 276
34 277
34 282
34 283
34 286
34 288
34 289
34 290
34 291
34 292
34 293
34 294
34 295
35 47
35 49
35 50
35 51
35 52
35 55
35 56
35 58
35 60
35 61
35 63
35 64
35 65
35 68
35 69
35 71
35 75
35 77
35 78
35 79
35 81
35 83
35 85
35 86
35 87
35 89
35 92
35 93
35 101
35 102
35 106
35 110
35 111
35 112
35 114
35 115
35 118
35 119
35 122
35 124
35 127
35 129
35 132
35 133
35 134
35 136
35 137
35 138
35 139
35 146
35 147
35 149
35 150
35 151
35 152
35 153
35 155
35 157
35 158
35 159
35 163
35 164
35 167
35 168
35 169
35 173
35 174
35 175
35 176
35 178
35 179
35 184
35 185
35 187
35 188
35 190
35 196
35 197
35 198
35 200
35 203
35 204
35 205
35 207
35 208
35 210
35 211
35 214
35 215
35 218
35 219
35 220
35 223
35 224
35 225
35 228
35 229
35 231
35 235
35 236
35 237
35 238
35 240
35 242
35 243
35 245
35 246
35 248
35 250
35 251
35 254
35 255
35 256
35 257
35 258
35 262
35 264
35 266
35 267
35 269
35 272
35 273
35 275
35 276
35 278
35 279
35 281
35 284
35 286
35 287
35 289
35 290
35 292
35 296
35 297
36 45
36 50
36 55
36 56
36 59
36 61
36 64
36 68
36 72
36 73
36 80
36 84
36 86
36 87
36 90
36 92
36 93
36 95
36 97
36 98
36 99
36 100
36 101
36 102
36 103
36 104
36 107
36 109
36 111
36 114
36 120
36 121
36 122
36 125
36 126
36 128
36 132
36 133
36 136
36 138
36 139
36 140
36 142
36 143
36 144
36 145
36 146
36 147
36 150
36 151
36 156
36 158
36 159
36 160
36 161
36 163
36 166
36 167
36 168
36 171
36 172
36 177
36 180
36 182
36 183
36 184
36 188
36 189
36 191
36 193
36 194
36 197
36 198
36 199
36 202
36 205
36 209
36 211
36 213
36 215
36 219
36 222
36 223
36 224
36 225
36 228
36 230
36 231
36 232
36 233
36 234
36 237
36 239
36 241
36 243
36 246
36 251
36 255
36 257
36 259
36 261
36 262
36 266
36 269
36 270
36 275
36 278
36 279
36 280
36 281
36 283
36 286
36 288
36 289
36 291
36 293
36 295
36 299
37 45
37 47
37 56
37 57
37 59
37 60
37 61
37 64
37 65
37 67
37 70
37 71
37 74
37 76
37 77
37 81
37 83
37 84
37 87
37 88
37 90
37 91
37 92
37 93
37 96
37 100
37 103
37 104
37 106
37 107
37 110
37 111
37 112
37 114
37 116
37 117
37 121
37 124
37 126
37 127
37 128
37 129
37 131
37 132
37 133
37 134
37 137
37 138
37 139
37 141
37 142
37 144
37 145
37 146
37 148
37 154
37 156
37 160
37 161
37 164
37 167
37 169
37 171
37 172
37 176
37 177
37 178
37 180
37 181
37 182
37 184
37 185
37 188
37 189
37 190
37 193
37 194
37 197
37 198
37 199
37 201
37 202
37 203
37 204
37 208
37 210
37 213
37 215
37 216
37 219
37 220
37 221
37 222
37 226
37 228
37 230
37 232
37 234
37 237
37 238
37 242
37 246
37 247
37 248
37 249
37 250
37 251
37 252
37 253
37 254
37 257
37 259
37 261
37 262
37 265
37 266
37 269
37 270
37 274
37 275
37 277
37 278
37 279
37 280
37 281
37 282
37 288
37 291
37 292
37 293
37 294
37 296
37 299
38 45
38 46
38 53
38 55
38 56
38 58
38 59
38 60
38 65
38 66
38 67
38 68
38 69
38 70
38 74
38 75
38 78
38 83
38 84
38 86
38 89
38 91
38 93
38 96
38 99
38 104
38 105
38 107
38 108
38 111
38 115
38 116
38 117
38 118
38 119
38 120
38 122
38 123
38 126
38 130
38 131
38 132
38 133
38 134
38 135
38 138
38 139
38 142
38 143
38 144
38 146
38 150
38 153
38 154
38 156
38 157
38 160
38 164
38 165
38 166
38 171
38 175
38 177
38 178
38 179
38 180
38 181
38 184
38 186
38 190
38 194
38 197
38 199
38 200
38 203
38 206
38 211
38 212
38 213
38 214
38 216
38 219
38 220
38 221
38 223
38 225
38 229
38 230
38 231
38 232
38 233
38 236
38 240
38 243
38 244
38 245
38 249
38 251
38 252
38 256
38 258
38 262
38 263
38 265
38 268
38 272
38 273
38 274
38 276
38 277
38 280
38 282
38 283
38 285
38 286
38 288
38 289
38 291
38 293
38 295
38 296
38 298
38 299
39 46
39 48
39 49
39 50
39 51
39 52
39 57
39 59
39 60
39 61
39 64
39 74
39 75
39 76
39 77
39 79
39 82
39 83
39 84
39 86
39 88
39 89
39 90
39 92
39 94
39 95
39 101
39 102
39 104
39 105
39 106
39 108
39 110
39 116
39 117
39 118
39 120
39 122
39 123
39 124
39 125
39 127
39 128
39 129
39 134
39 139
39 140
39 145
39 146
39 147
39 148
39 151
39 152
39 154
39 156
39 157
39 158
39 160
39 162
39 163
39 165
39 166
39 171
39 172
39 174
39 175
39 176
39 179
39 180
39 183
39 184
39 186
39 187
39 189
39 190
39 191
39 192
39 195
39 196
39 198
39 199
39 202
39 203
39 204
39 206
39 207
39 208
39 210
39 214
39 216
39 218
39 223
39 227
39 229
39 231
39 232
39 238
39 240
39 242
39 243
39 247
39 249
39 251
39 253
39 254
39 255
39 258
39 261
39 263
39 264
39 265
39 266
39 267
39 271
39 272
39 273
39 277
39 281
39 282
39 286
39 289
39 290
39 291
39 294
39 295
39 297
39 298
40 45
40 48
40 49
40 51
40 52
40 53
40 54
40 56
40 57
40 58
40 59
40 60
40 62
40 67
40 68
40 69
40 70
40 71
40 73
40 74
40 78
40 79
40 80
40 82
40 83
40 88
40 89
40 92
40 94
40 96
40 99
40 100
40 102
40 105
40 111
40 113
40 115
40 116
40 118
40 120
40 121
40 122
40 125
40 126
40 129
40 130
40 131
40 132
40 134
40 136
40 137
40 138
40 139
40 142
40 144
40 145
40 147
40 150
40 151
40 152
40 153
40 158
40 159
40 160
40 161
40 162
40 164
40 166
40 168
40 170
40 175
40 177
40 178
40 180
40 181
40 182
40 187
40 188
40 191
40 192
40 193
40 196
40 197
40 200
40 205
40 208
40 210
40 211
40 212
40 216
40 217
40 218
40 224
40 227
40 229
40 230
40 233
40 234
40 235
40 237
40 238
40 240
40 241
40 243
40 244
40 245
40 246
40 247
40 252
40 253
40 254
40 256
40 258
40 259
40 261
40 262
40 263
40 265
40 267
40 271
40 272
40 273
40 274
40 277
40 278
40 281
40 282
40 285
40 288
40 289
40 290
40 292
40 293
40 295
40 297
40 298
40 299
41 45
41 46
41 48
41 51
41 53
41 55
41 57
41 62
41 65
41 67
41 68
41 73
41 74
41 75
41 77
41 82
41 85
41 86
41 90
41 91
41 94
41 95
41 96
41 97
41 99
41 100
41 102
41 105
41 108
41 109
41 113
41 114
41 117
41 119
41 121
41 123
41 125
41 128
41 129
41 132
41 133
41 134
41 137
41 140
41 141
41 143
41 144
41 145
41 147
41 150
41 153
41 154
41 156
41 160
41 161
41 162
41 164
41 165
41 166
41 167
41 168
41 169
41 170
41 175
41 176
41 177
41 178
41 179
41 181
41 183
41 185
41 190
41 194
41 195
41 196
41 198
41 199
41 200
41 201
41 204
41 205
41 207
41 208
41 210
41 213
41 214
41 215
41 217
41 220
41 221
41 223
41 224
41 225
41 226
41 228
41 233
41 235
41 236
41 238
41 239
41 240
41 242
41 243
41 245
41 247
41 249
41 250
41 251
41 252
41 253
41 254
41 256
41 259
41 263
41 265
41 266
41 267
41 269
41 272
41 274
41 277
41 282
41 283
41 284
41 288
41 290
41 291
41 294
41 296
42 45
42 46
42 47
42 48
42 49
42 52
42 55
42 57
42 58
42 59
42 60
42 61
42 65
42 66
42 67
42 69
42 73
42 74
42 75
42 76
42 78
42 81
42 82
42 84
42 86
42 89
42 90
42 91
42 92
42 95
42 98
42 99
42 102
42 103
42 104
42 107
42 112
42 113
42 118
42 119
42 120
42 121
42 122
42 126
42 129
42 130
42 131
42 133
42 135
42 137
42 139
42 140
42 142
42 145
42 146
42 151
42 159
42 161
42 164
42 165
42 166
42 168
42 169
42 170
42 173
42 174
42 182
42 187
42 188
42 192
42 193
42 194
42 195
42 198
42 199
42 200
42 202
42 205
42 207
42 208
42 210
42 212
42 214
42 216
42 217
42 219
42 221
42 222
42 225
42 227
42 229
42 231
42 232
42 233
42 234
42 238
42 239
42 242
42 244
42 248
42 250
42 252
42 253
42 256
42 257
42 258
42 259
42 261
42 263
42 264
42 267
42 268
42 269
42 272
42 273
42 274
42 279
42 280
42 281
42 285
42 286
42 287
42 292
42 294
42 295
42 297
42 298
42 300
43 47
43 49
43 50
43 51
43 52
43 55
43 56
43 58
43 59
43 61
43 64
43 65
43 69
43 70
43 71
43 72
43 74
43 75
43 76
43 78
43 79
43 80
43 83
43 84
43 87
43 88
43 89
43 91
43 92
43 94
43 96
43 98
43 100
43 101
43 105
43 106
43 107
43 109
43 110
43 111
43 113
43 114
43 117
43 119
43 121
43 122
43 123
43 124
43 125
43 127
43 130
43 131
43 135
43 138
43 140
43 141
43 149
43 150
43 152
43 153
43 156
43 157
43 158
43 159
43 161
43 162
43 169
43 171
43 172
43 173
43 174
43 175
43 176
43 177
43 179
43 180
43 183
43 184
43 186
43 190
43 192
43 193
43 195
43 196
43 200
43 203
43 204
43 205
43 206
43 207
43 208
43 211
43 213
43 217
43 221
43 223
43 224
43 225
43 226
43 230
43 232
43 233
43 238
43 241
43 245
43 248
43 249
43 251
43 252
43 254
43 255
43 258
43 262
43 263
43 264
43 265
43 266
43 270
43 271
43 273
43 274
43 279
43 280
43 282
43 285
43 286
43 288
43 289
43 290
43 292
43 293
43 294
43 295
43 299
44 45
44 46
44 48
44 49
44 51
44 52
44 53
44 56
44 57
44 62
44 64
44 66
44 72
44 73
44 76
44 77
44 78
44 80
44 83
44 84
44 85
44 87
44 88
44 94
44 95
44 99
44 100
44 101
44 103
44 104
44 105
44 110
44 112
44 118
44 119
44 120
44 121
44 125
44 128
44 129
44 130
44 131
44 135
44 137
44 142
44 143
44 144
44 147
44 151
44 157
44 162
44 165
44 167
44 169
44 172
44 173
44 174
44 178
44 179
44 182
44 185
44 186
44 187
44 189
44 191
44 192
44 196
44 202
44 204
44 205
44 206
44 209
44 210
44 211
44 212
44 213
44 214
44 218
44 219
44 221
44 224
44 228
44 230
44 234
44 236
44 237
44 239
44 240
44 242
44 244
44 245
44 246
44 247
44 249
44 253
44 256
44 260
44 264
44 265
44 266
44 270
44 271
44 272
44 273
44 276
44 278
44 281
44 283
44 290
44 291
44 294
44 296
44 297
44 298
44 299
45 57
45 58
45 61
45 63
45 64
45 67
45 71
45 72
45 73
45 74
45 77
45 78
45 79
45 81
45 82
45 84
45 87
45 88
45 91
45 94
45 95
45 96
45 97
45 98
45 99
45 100
45 101
45 102
45 104
45 106
45 115
45 118
45 119
45 121
45 122
45 127
45 131
45 132
45 135
45 136
45 138
45 139
45 143
45 144
45 150
45 151
45 152
45 153
45 155
45 156
45 157
45 158
45 160
45 163
45 165
45 168
45 172
45 173
45 177
45 182
45 183
45 185
45 186
45 187
45 188
45 189
45 191
45 193
45 194
45 195
45 198
45 199
45 204
45 209
45 211
45 213
45 214
45 215
45 216
45 217
45 218
45 221
45 222
45 223
45 224
45 226
45 230
45 232
45 234
45 237
45 239
45 240
45 245
45 250
45 251
45 253
45 255
45 257
45 259
45 260
45 261
45 262
45 264
45 265
45 270
45 271
45 275
45 277
45 278
45 283
45 288
45 289
45 290
45 292
45 293
45 294
45 298
45 299
45 300
46 56
46 57
46 61
46 64
46 65
46 66
46 68
46 70
46 74
46 76
46 78
46 79
46 80
46 81
46 87
46 88
46 89
46 90
46 91
46 94
46 95
46 98
46 99
46 100
46 102
46 103
46 104
46 105
46 109
46 110
46 111
46 112
46 113
46 115
46 116
46 119
46 120
46 122
46 123
46 124
46 129
46 130
46 132
46 134
46 135
46 136
46 137
46 140
46 142
46 143
46 144
46 146
46 147
46 149
46 150
46 152
46 154
46 156
46 158
46 161
46 164
46 170
46 172
46 173
46 176
46 180
46 181
46 182
46 185
46 188
46 191
46 193
46 194
46 201
46 204
46 205
46 208
46 211
46 214
46 216
46 217
46 218
46 219
46 220
46 221
46 222
46 225
46 226
46 229
46 231
46 235
46 237
46 238
46 240
46 241
46 243
46 245
46 247
46 248
46 249
46 254
46 256
46 258
46 260
46 266
46 267
46 268
46 269
46 270
46 271
46 273
46 275
46 277
46 278
46 281
46 282
46 284
46 286
46 287
46 288
46 293
46 295
46 299
47 56
47 62
47 67
47 71
47 72
47 74
47 75
47 76
47 78
47 82
47 83
47 85
47 86
47 87
47 88
47 89
47 91
47 92
47 93
47 94
47 95
47 99
47 102
47 104
47 106
47 107
47 108
47 109
47 110
47 115
47 118
47 119
47 121
47 122
47 125
47 126
47 127
47 128
47 129
47 130
47 133
47 136
47 139
47 140
47 141
47 142
47 143
47 146
47 147
47 148
47 151
47 157
47 158
47 160
47 161
47 167
47 170
47 171
47 172
47 173
47 174
47 175
47 183
47 185
47 187
47 191
47 193
47 194
47 195
47 196
47 198
47 199
47 200
47 204
47 205
47 206
47 210
47 212
47 213
47 215
47 217
47 219
47 221
47 222
47 223
47 228
47 229
47 230
47 232
47 233
47 236
47 238
47 240
47 241
47 244
47 245
47 246
47 247
47 250
47 251
47 252
47 253
47 258
47 259
47 260
47 261
47 262
47 269
47 270
47 271
47 272
47 273
47 276
47 278
47 280
47 281
47 282
47 284
47 287
47 288
47 292
47 294
47 295
47 300
48 57
48 58
48 59
48 61
48 63
48 64
48 66
48 67
48 68
48 70
48 72
48 73
48 75
48 76
48 78
48 79
48 80
48 84
48 87
48 88
48 91
48 93
48 94
48 102
48 103
48 105
48 113
48 115
48 117
48 118
48 119
48 120
48 121
48 122
48 123
48 126
48 128
48 129
48 130
48 132
48 135
48 137
48 142
48 143
48 144
48 149
48 151
48 154
48 155
48 156
48 158
48 160
48 162
48 168
48 169
48 170
48 171
48 174
48 175
48 177
48 178
48 181
48 182
48 183
48 186
48 189
48 191
48 193
48 195
48 197
48 198
48 201
48 202
48 204
48 206
48 207
48 208
48 209
48 210
48 211
48 214
48 215
48 217
48 218
48 224
48 228
48 229
48 230
48 233
48 235
48 236
48 237
48 242
48 243
48 244
48 246
48 247
48 248
48 251
48 254
48 255
48 256
48 257
48 260
48 261
48 263
48 265
48 269
48 272
48 275
48 280
48 281
48 287
48 288
48 290
48 295
48 297
48 298
48 299
49 60
49 62
49 63
49 64
49 67
49 69
49 70
49 72
49 74
49 79
49 80
49 82
49 83
49 84
49 85
49 86
49 95
49 98
49 99
49 101
49 103
49 105
49 107
49 109
49 111
49 116
49 120
49 124
49 126
49 127
49 128
49 129
49 130
49 132
49 133
49 135
49 137
49 139
49 140
49 142
49 144
49 145
49 147
49 148
49 151
49 152
49 153
49 155
49 156
49 158
49 159
49 160
49 162
49 164
49 169
49 171
49 172
49 173
49 176
49 177
49 181
49 183
49 184
49 185
49 187
49 189
49 192
49 193
49 194
49 196
49 199
49 201
49 202
49 203
49 204
49 206
49 207
49 212
49 213
49 217
49 219
49 223
49 224
49 225
49 232
49 233
49 234
49 235
49 238
49 240
49 241
49 242
49 243
49 244
49 246
49 250
49 251
49 253
49 255
49 256
49 257
49 260
49 261
49 264
49 265
49 267
49 268
49 269
49 273
49 277
49 278
49 280
49 281
49 282
49 283
49 284
49 286
49 288
49 291
49 292
49 294
49 295
49 297
49 299
50 56
50 59
50 60
50 62
50 64
50 65
50 66
50 67
50 68
50 70
50 71
50 74
50 76
50 77
50 80
50 85
50 87
50 88
50 90
50 92
50 93
50 95
50 96
50 97
50 98
50 101
50 103
50 106
50 110
50 112
50 114
50 115
50 116
50 117
50 118
50 120
50 123
50 124
50 133
50 134
50 135
50 140
50 145
50 146
50 149
50 151
50 152
50 154
50 155
50 156
50 159
50 161
50 165
50 170
50 173
50 174
50 178
50 179
50 180
50 182
50 184
50 185
50 186
50 189
50 190
50 191
50 194
50 195
50 196
50 198
50 199
50 201
50 202
50 203
50 208
50 209
50 211
50 215
50 218
50 219
50 220
50 221
50 222
50 223
50 225
50 228
50 229
50 231
50 235
50 236
50 237
50 238
50 239
50 241
50 242
50 243
50 244
50 248
50 249
50 252
50 255
50 257
50 258
50 260
50 262
50 264
50 265
50 266
50 267
50 269
50 271
50 272
50 273
50 274
50 277
50 279
50 283
50 284
50 285
50 286
50 287
50 290
50 292
50 293
50 294
50 297
50 298
50 300
51 57
51 60
51 61
51 62
51 63
51 65
51 68
51 69
51 70
51 71
51 72
51 74
51 77
51 80
51 81
51 82
51 83
51 85
51 86
51 88
51 92
51 94
51 96
51 99
51 100
51 101
51 103
51 104
51 106
51 108
51 113
51 114
51 115
51 116
51 124
51 129
51 130
51 131
51 132
51 133
51 137
51 139
51 141
51 144
51 145
51 150
51 151
51 157
51 158
51 159
51 162
51 164
51 167
51 168
51 169
51 171
51 174
51 175
51 176
51 177
51 178
51 180
51 182
51 186
51 187
51 188
51 190
51 192
51 194
51 195
51 197
51 198
51 200
51 201
51 202
51 203
51 204
51 207
51 208
51 211
51 212
51 217
51 218
51 219
51 220
51 221
51 223
51 224
51 225
51 228
51 230
51 231
51 232
51 238
51 239
51 243
51 244
51 247
51 248
51 249
51 250
51 251
51 253
51 257
51 259
51 261
51 264
51 267
51 268
51 269
51 270
51 272
51 274
51 275
51 279
51 280
51 282
51 285
51 286
51 287
51 288
51 291
51 293
51 294
51 297
51 298
51 299
52 58
52 61
52 62
52 63
52 69
52 73
52 78
52 79
52 80
52 87
52 89
52 90
52 91
52 94
52 95
52 96
52 99
52 100
52 101
52 103
52 104
52 105
52 109
52 111
52 112
52 113
52 114
52 117
52 118
52 120
52 123
52 129
52 131
52 132
52 133
52 134
52 135
52 138
52 139
52 144
52 147
52 148
52 149
52 151
52 152
52 153
52 155
52 160
52 161
52 162
52 163
52 164
52 165
52 167
52 168
52 169
52 170
52 171
52 173
52 174
52 181
52 185
52 187
52 188
52 192
52 196
52 200
52 204
52 207
52 209
52 210
52 211
52 212
52 219
52 220
52 222
52 224
52 225
52 228
52 231
52 235
52 237
52 238
52 239
52 240
52 241
52 243
52 248
52 249
52 250
52 252
52 254
52 261
52 263
52 269
52 270
52 271
52 274
52 276
52 278
52 279
52 284
52 285
52 286
52 287
52 289
52 290
52 291
52 295
52 297
52 299
53 56
53 57
53 62
53 63
53 65
53 66
53 68
53 69
53 70
53 73
53 77
53 83
53 85
53 86
53 87
53 89
53 90
53 96
53 100
53 101
53 102
53 104
53 105
53 106
53 110
53 111
53 114
53 116
53 117
53 119
53 120
53 122
53 124
53 125
53 126
53 128
53 130
53 131
53 133
53 136
53 137
53 139
53 140
53 145
53 147
53 148
53 149
53 153
53 155
53 156
53 158
53 159
53 163
53 164
53 165
53 166
53 167
53 171
53 173
53 174
53 176
53 177
53 179
53 180
53 182
53 183
53 186
53 189
53 191
53 192
53 194
53 195
53 201
53 202
53 207
53 209
53 213
53 215
53 218
53 222
53 223
53 225
53 226
53 227
53 232
53 235
53 236
53 240
53 242
53 244
53 245
53 246
53 248
53 252
53 255
53 256
53 257
53 258
53 259
53 262
53 263
53 264
53 266
53 268
53 270
53 271
53 272
53 274
53 275
53 276
53 279
53 283
53 284
53 286
53 287
53 291
53 292
53 294
53 296
53 297
53 300
54 56
54 57
54 58
54 59
54 63
54 64
54 65
54 68
54 70
54 71
54 72
54 73
54 75
54 76
54 78
54 82
54 85
54 86
54 88
54 89
54 92
54 94
54 95
54 96
54 97
54 100
54 103
54 104
54 105
54 107
54 109
54 111
54 112
54 114
54 115
54 116
54 117
54 118
54 122
54 125
54 128
54 130
54 131
54 132
54 134
54 136
54 137
54 138
54 139
54 140
54 141
54 146
54 148
54 149
54 150
54 153
54 156
54 160
54 161
54 162
54 164
54 167
54 168
54 169
54 172
54 175
54 176
54 177
54 178
54 180
54 181
54 182
54 184
54 187
54 188
54 190
54 193
54 196
54 198
54 199
54 200
54 202
54 206
54 207
54 208
54 209
54 210
54 215
54 216
54 220
54 222
54 224
54 226
54 229
54 231
54 233
54 235
54 236
54 237
54 239
54 247
54 251
54 255
54 258
54 259
54 262
54 266
54 267
54 268
54 274
54 275
54 276
54 278
54 279
54 280
54 282
54 283
54 284
54 285
54 289
54 291
54 292
54 293
54 295
55 56
55 58
55 59
55 60
55 61
55 62
55 64
55 67
55 68
55 72
55 74
55 78
55 81
55 83
55 89
55 90
55 91
55 96
55 97
55 98
55 99
55 101
55 102
55 105
55 110
55 113
55 114
55 116
55 118
55 119
55 122
55 124
55 125
55 127
55 129
55 133
55 134
55 135
55 136
55 138
55 140
55 141
55 144
55 145
55 147
55 149
55 150
55 152
55 157
55 159
55 160
55 164
55 165
55 167
55 168
55 169
55 170
55 171
55 172
55 177
55 178
55 179
55 183
55 184
55 185
55 186
55 190
55 192
55 196
55 197
55 198
55 200
55 201
55 202
55 203
55 207
55 208
55 209
55 212
55 213
55 216
55 217
55 218
55 219
55 220
55 223
55 224
55 225
55 226
55 228
55 229
55 233
55 234
55 238
55 240
55 241
55 242
55 243
55 244
55 248
55 250
55 251
55 253
55 255
55 256
55 257
55 260
55 261
55 263
55 265
55 268
55 270
55 271
55 272
55 275
55 276
55 280
55 285
55 288
55 289
55 290
55 292
55 294
55 297
55 298
55 299
55 300
56 68
56 69
56 70
56 72
56 73
56 75
56 79
56 80
56 81
56 82
56 85
56 88
56 90
56 93
56 94
56 99
56 100
56 104
56 105
56 108
56 111
56 114
56 115
56 116
56 117
56 118
56 123
56 124
56 128
56 130
56 132
56 133
56 137
56 139
56 146
56 148
56 149
56 151
56 152
56 153
56 159
56 161
56 162
56 164
56 165
56 170
56 172
56 173
56 174
56 177
56 178
56 182
56 183
56 184
56 186
56 187
56 188
56 189
56 191
56 195
56 197
56 198
56 201
56 206
56 209
56 210
56 212
56 213
56 215
56 216
56 219
56 220
56 223
56 225
56 226
56 228
56 229
56 235
56 236
56 238
56 239
56 240
56 241
56 242
56 244
56 245
56 246
56 249
56 251
56 252
56 259
56 260
56 262
56 263
56 265
56 266
56 269
56 270
56 271
56 278
56 281
56 282
56 284
56 285
56 287
56 291
56 292
56 294
56 295
56 299
56 300
57 67
57 69
57 74
57 75
57 77
57 79
57 80
57 81
57 85
57 86
57 87
57 88
57 90
57 92
57 93
57 94
57 97
57 98
57 99
57 101
57 102
57 103
57 104
57 106
57 109
57 110
57 111
57 112
57 116
57 117
57 119
57 120
57 121
57 122
57 125
57 126
57 127
57 130
57 133
57 134
57 136
57 137
57 140
57 141
57 142
57 144
57 145
57 146
57 147
57 153
57 154
57 156
57 158
57 159
57 161
57 164
57 168
57 170
57 172
57 178
57 179
57 180
57 184
57 186
57 194
57 196
57 199
57 200
57 201
57 202
57 207
57 208
57 209
57 213
57 214
57 217
57 218
57 219
57 220
57 224
57 225
57 226
57 228
57 229
57 230
57 231
57 234
57 238
57 239
57 241
57 242
57 243
57 245
57 246
57 247
57 251
57 252
57 254
57 255
57 261
57 266
57 268
57 270
57 271
57 272
57 276
57 277
57 280
57 281
57 283
57 285
57 289
57 290
57 292
57 293
57 294
57 297
57 299
57 300
58 71
58 72
58 73
58 74
58 75
58 76
58 77
58 79
58 80
58 82
58 83
58 84
58 85
58 87
58 89
58 90
58 91
58 99
58 107
58 111
58 113
58 116
58 117
58 121
58 122
58 123
58 125
58 126
58 129
58 130
58 131
58 133
58 135
58 138
58 139
58 140
58 141
58 142
58 144
58 145
58 146
58 148
58 153
58 156
58 159
58 162
58 163
58 164
58 165
58 166
58 168
58 170
58 172
58 177
58 178
58 180
58 181
58 182
58 185
58 189
58 190
58 191
58 193
58 194
58 199
58 204
58 205
58 206
58 208
58 209
58 211
58 212
58 220
58 221
58 222
58 228
58 229
58 230
58 231
58 232
58 234
58 236
58 238
58 239
58 244
58 245
58 246
58 247
58 248
58 249
58 253
58 254
58 255
58 257
58 259
58 263
58 264
58 266
58 267
58 268
58 270
58 272
58 274
58 275
58 276
58 281
58 282
58 284
58 287
58 288
58 291
58 292
58 295
58 297
58 298
58 300
59 67
59 70
59 71
59 72
59 73
59 74
59 76
59 78
59 79
59 82
59 84
59 85
59 86
59 87
59 89
59 91
59 94
59 95
59 96
59 102
59 103
59 105
59 107
59 110
59 112
59 114
59 119
59 121
59 123
59 124
59 127
59 128
59 129
59 132
59 134
59 135
59 136
59 137
59 138
59 139
59 147
59 149
59 150
59 151
59 152
59 153
59 155
59 157
59 158
59 159
59 160
59 162
59 165
59 166
59 168
59 169
59 171
59 173
59 174
59 180
59 181
59 184
59 185
59 188
59 189
59 192
59 195
59 197
59 199
59 200
59 202
59 203
59 205
59 208
59 210
59 211
59 215
59 216
59 217
59 218
59 222
59 224
59 225
59 226
59 227
59 230
59 231
59 232
59 235
59 236
59 239
59 241
59 245
59 246
59 248
59 251
59 253
59 254
59 258
59 259
59 260
59 261
59 264
59 265
59 268
59 269
59 271
59 272
59 273
59 275
59 277
59 278
59 284
59 287
59 288
59 291
59 293
59 294
59 295
59 297
59 299
60 67
60 72
60 75
60 76
60 78
60 79
60 80
60 82
60 85
60 87
60 89
60 90
60 91
60 95
60 96
60 97
60 99
60 100
60 101
60 103
60 105
60 107
60 109
60 110
60 111
60 115
60 117
60 120
60 123
60 124
60 125
60 126
60 127
60 129
60 130
60 134
60 135
60 136
60 138
60 139
60 140
60 141
60 144
60 150
60 151
60 153
60 155
60 156
60 158
60 159
60 163
60 164
60 166
60 172
60 173
60 174
60 175
60 176
60 178
60 179
60 180
60 181
60 186
60 188
60 189
60 191
60 192
60 194
60 196
60 198
60 200
60 201
60 203
60 204
60 206
60 207
60 210
60 214
60 215
60 218
60 220
60 221
60 223
60 224
60 225
60 227
60 230
60 231
60 232
60 236
60 237
60 240
60 244
60 246
60 247
60 248
60 249
60 250
60 251
60 253
60 255
60 257
60 259
60 261
60 264
60 265
60 267
60 269
60 270
60 273
60 274
60 276
60 277
60 279
60 283
60 284
60 286
60 288
60 294
60 295
60 297
60 299
60 300
61 67
61 68
61 69
61 70
61 74
61 78
61 84
61 85
61 87
61 90
61 92
61 93
61 94
61 97
61 98
61 99
61 101
61 102
61 103
61 105
61 106
61 108
61 109
61 111
61 112
61 113
61 114
61 116
61 119
61 120
61 122
61 123
61 124
61 125
61 129
61 130
61 132
61 133
61 134
61 136
61 138
61 139
61 142
61 143
61 145
61 146
61 148
61 154
61 155
61 157
61 160
61 161
61 163
61 164
61 168
61 169
61 170
61 171
61 173
61 174
61 175
61 179
61 184
61 185
61 186
61 191
61 192
61 194
61 195
61 199
61 202
61 205
61 207
61 208
61 210
61 211
61 212
61 216
61 217
61 219
61 222
61 223
61 231
61 233
61 236
61 240
61 242
61 245
61 247
61 249
61 250
61 252
61 253
61 254
61 255
61 257
61 260
61 265
61 266
61 268
61 271
61 272
61 273
61 277
61 279
61 280
61 281
61 282
61 283
61 285
61 287
61 288
61 294
61 298
61 299
62 71
62 72
62 76
62 81
62 82
62 83
62 84
62 86
62 89
62 95
62 96
62 97
62 98
62 100
62 103
62 104
62 106
62 107
62 113
62 115
62 116
62 118
62 121
62 123
62 126
62 127
62 128
62 129
62 132
62 135
62 140
62 141
62 143
62 145
62 148
62 150
62 152
62 153
62 154
62 156
62 158
62 161
62 162
62 165
62 168
62 169
62 170
62 172
62 175
62 177
62 180
62 181
62 182
62 185
62 186
62 187
62 188
62 189
62 190
62 192
62 196
62 197
62 198
62 200
62 203
62 205
62 206
62 207
62 208
62 210
62 211
62 212
62 216
62 219
62 220
62 222
62 226
62 232
62 234
62 238
62 240
62 241
62 242
62 243
62 245
62 248
62 250
62 252
62 256
62 259
62 260
62 261
62 262
62 263
62 264
62 267
62 269
62 273
62 274
62 278
62 279
62 280
62 282
62 284
62 286
62 288
62 289
62 290
62 294
62 295
62 297
63 67
63 68
63 69
63 71
63 74
63 76
63 77
63 80
63 81
63 82
63 84
63 86
63 96
63 97
63 98
63 100
63 101
63 102
63 104
63 107
63 109
63 112
63 113
63 117
63 118
63 119
63 122
63 124
63 126
63 127
63 131
63 132
63 134
63 141
63 143
63 144
63 147
63 148
63 149
63 150
63 152
63 154
63 156
63 157
63 158
63 162
63 163
63 164
63 166
63 169
63 170
63 173
63 174
63 176
63 178
63 179
63 180
63 181
63 182
63 183
63 186
63 188
63 190
63 191
63 193
63 195
63 196
63 197
63 200
63 201
63 202
63 204
63 206
63 207
63 211
63 213
63 214
63 216
63 217
63 218
63 219
63 221
63 222
63 224
63 226
63 228
63 229
63 231
63 232
63 234
63 236
63 237
63 238
63 241
63 242
63 243
63 244
63 250
63 253
63 255
63 256
63 257
63 259
63 261
63 263
63 271
63 273
63 276
63 278
63 280
63 281
63 283
63 288
63 289
63 290
63 291
63 292
63 293
63 295
63 296
64 68
64 69
64 71
64 72
64 77
64 80
64 83
64 84
64 85
64 89
64 91
64 96
64 97
64 99
64 100
64 101
64 102
64 106
64 107
64 109
64 110
64 113
64 114
64 115
64 116
64 118
64 119
64 121
64 124
64 126
64 127
64 130
64 139
64 141
64 142
64 143
64 146
64 150
64 152
64 156
64 157
64 159
64 160
64 161
64 166
64 167
64 168
64 169
64 170
64 171
64 174
64 177
64 187
64 191
64 192
64 197
64 202
64 205
64 207
64 209
64 211
64 212
64 215
64 216
64 217
64 221
64 222
64 224
64 225
64 229
64 233
64 234
64 235
64 237
64 238
64 239
64 242
64 244
64 245
64 249
64 250
64 251
64 254
64 255
64 256
64 257
64 260
64 261
64 264
64 265
64 266
64 268
64 269
64 271
64 272
64 273
64 274
64 278
64 280
64 281
64 282
64 283
64 287
64 290
64 293
64 296
64 297
64 299
65 68
65 69
65 70
65 75
65 77
65 78
65 79
65 80
65 86
65 88
65 89
65 90
65 91
65 93
65 94
65 96
65 98
65 100
65 101
65 102
65 103
65 109
65 110
65 111
65 116
65 117
65 118
65 119
65 120
65 121
65 126
65 129
65 134
65 135
65 136
65 138
65 140
65 141
65 143
65 145
65 146
65 148
65 151
65 153
65 154
65 155
65 158
65 159
65 165
65 166
65 169
65 172
65 173
65 174
65 175
65 176
65 177
65 178
65 179
65 180
65 181
65 183
65 186
65 188
65 192
65 193
65 194
65 196
65 197
65 198
65 200
65 201
65 204
65 208
65 210
65 212
65 213
65 215
65 218
65 221
65 224
65 226
65 227
65 228
65 230
65 231
65 233
65 234
65 235
65 236
65 239
65 242
65 243
65 252
65 254
65 255
65 257
65 263
65 264
65 265
65 266
65 267
65 272
65 273
65 278
65 279
65 280
65 282
65 284
65 285
65 289
65 290
65 291
65 292
65 294
65 296
65 297
66 68
66 69
66 72
66 73
66 74
66 75
66 77
66 78
66 79
66 82
66 86
66 87
66 89
66 90
66 93
66 95
66 96
66 97
66 98
66 100
66 102
66 104
66 105
66 106
66 107
66 115
66 118
66 119
66 121
66 124
66 127
66 128
66 129
66 130
66 131
66 135
66 136
66 137
66 140
66 143
66 146
66 147
66 148
66 149
66 150
66 152
66 154
66 155
66 156
66 158
66 160
66 163
66 164
66 166
66 167
66 172
66 173
66 176
66 177
66 178
66 179
66 182
66 183
66 184
66 187
66 188
66 189
66 193
66 194
66 195
66 196
66 197
66 199
66 202
66 203
66 204
66 205
66 207
66 209
66 215
66 216
66 217
66 218
66 219
66 221
66 222
66 227
66 228
66 229
66 230
66 233
66 234
66 238
66 240
66 243
66 244
66 249
66 250
66 253
66 254
66 256
66 257
66 258
66 259
66 263
66 264
66 266
66 267
66 269
66 270
66 271
66 274
66 275
66 278
66 279
66 280
66 282
66 283
66 284
66 285
66 288
66 289
66 291
66 292
66 293
66 295
66 296
66 298
67 79
67 81
67 83
67 86
67 87
67 90
67 91
67 92
67 95
67 96
67 97
67 100
67 102
67 104
67 105
67 106
67 107
67 108
67 112
67 113
67 114
67 115
67 116
67 118
67 120
67 122
67 123
67 125
67 126
67 127
67 130
67 133
67 134
67 135
67 136
67 137
67 141
67 143
67 145
67 146
67 147
67 148
67 149
67 151
67 154
67 156
67 157
67 163
67 165
67 166
67 168
67 170
67 172
67 174
67 175
67 176
67 177
67 179
67 182
67 183
67 184
67 186
67 187
67 188
67 194
67 195
67 196
67 198
67 199
67 200
67 201
67 205
67 206
67 207
67 210
67 211
67 212
67 213
67 214
67 215
67 219
67 221
67 224
67 230
67 233
67 234
67 235
67 238
67 239
67 241
67 244
67 246
67 248
67 249
67 250
67 251
67 254
67 255
67 259
67 261
67 265
67 268
67 269
67 270
67 272
67 273
67 275
67 277
67 278
67 280
67 281
67 286
67 289
67 291
67 292
67 296
67 297
67 299
67 300
68 78
68 81
68 84
68 85
68 86
68 88
68 90
68 92
68 93
68 96
68 100
68 101
68 105
68 106
68 107
68 112
68 113
68 114
68 116
68 119
68 120
68 121
68 124
68 125
68 127
68 128
68 130
68 131
68 134
68 136
68 138
68 139
68 144
68 145
68 148
68 150
68 152
68 153
68 154
68 155
68 156
68 158
68 160
68 161
68 162
68 163
68 166
68 167
68 168
68 170
68 174
68 175
68 176
68 180
68 181
68 183
68 186
68 188
68 190
68 193
68 194
68 196
68 197
68 199
68 201
68 202
68 204
68 205
68 213
68 214
68 218
68 219
68 221
68 223
68 224
68 225
68 229
68 230
68 233
68 236
68 240
68 245
68 246
68 248
68 249
68 250
68 251
68 253
68 254
68 257
68 259
68 260
68 262
68 263
68 264
68 265
68 266
68 268
68 276
68 278
68 279
68 280
68 282
68 283
68 287
68 291
68 293
68 294
68 296
68 299
69 79
69 82
69 83
69 87
69 88
69 92
69 93
69 95
69 98
69 99
69 100
69 102
69 104
69 105
69 109
69 110
69 112
69 115
69 116
69 118
69 121
69 122
69 123
69 124
69 125
69 126
69 129
69 135
69 138
69 139
69 140
69 141
69 142
69 146
69 149
69 152
69 156
69 159
69 162
69 165
69 168
69 172
69 176
69 178
69 179
69 182
69 183
69 184
69 187
69 190
69 191
69 192
69 193
69 194
69 196
69 197
69 200
69 202
69 203
69 204
69 206
69 210
69 216
69 220
69 222
69 224
69 225
69 226
69 228
69 230
69 231
69 233
69 234
69 237
69 238
69 240
69 242
69 243
69 247
69 250
69 252
69 254
69 255
69 260
69 261
69 262
69 265
69 269
69 270
69 273
69 274
69 275
69 277
69 278
69 279
69 281
69 282
69 284
69 285
69 286
69 289
69 292
69 293
69 294
69 296
69 299
70 78
70 79
70 80
70 81
70 83
70 84
70 90
70 91
70 93
70 94
70 96
70 98
70 99
70 101
70 102
70 104
70 107
70 108
70 109
70 111
70 112
70 113
70 114
70 116
70 117
70 120
70 129
70 132
70 133
70 134
70 136
70 137
70 139
70 140
70 141
70 144
70 148
70 149
70 151
70 152
70 154
70 155
70 156
70 163
70 165
70 167
70 168
70 169
70 170
70 171
70 175
70 177
70 178
70 179
70 184
70 185
70 187
70 189
70 190
70 191
70 192
70 194
70 197
70 198
70 199
70 202
70 203
70 204
70 207
70 208
70 210
70 211
70 212
70 216
70 217
70 219
70 220
70 224
70 225
70 226
70 227
70 230
70 233
70 235
70 236
70 237
70 238
70 241
70 242
70 243
70 247
70 248
70 249
70 252
70 254
70 256
70 257
70 259
70 262
70 264
70 266
70 267
70 268
70 269
70 271
70 274
70 275
70 276
70 277
70 282
70 288
70 290
70 292
70 297
70 299
71 79
71 81
71 82
71 83
71 85
71 92
71 93
71 97
71 98
71 99
71 101
71 102
71 103
71 106
71 111
71 112
71 114
71 119
71 120
71 124
71 126
71 129
71 131
71 132
71 135
71 136
71 142
71 144
71 148
71 149
71 153
71 154
71 155
71 157
71 159
71 160
71 163
71 164
71 165
71 166
71 168
71 174
71 175
71 178
71 181
71 182
71 185
71 188
71 189
71 191
71 193
71 195
71 198
71 199
71 200
71 202
71 204
71 205
71 207
71 209
71 211
71 212
71 215
71 216
71 218
71 221
71 222
71 225
71 226
71 227
71 228
71 232
71 236
71 237
71 238
71 239
71 240
71 243
71 245
71 248
71 249
71 251
71 253
71 256
71 258
71 259
71 260
71 262
71 263
71 264
71 266
71 267
71 270
71 272
71 273
71 276
71 277
71 278
71 279
71 281
71 282
71 286
71 287
71 288
71 290
71 292
71 295
71 297
71 298
71 299
71 300
72 78
72 79
72 82
72 83
72 86
72 87
72 88
72 89
72 93
72 94
72 95
72 99
72 100
72 101
72 102
72 103
72 104
72 110
72 111
72 116
72 119
72 124
72 126
72 127
72 135
72 139
72 140
72 141
72 142
72 143
72 144
72 150
72 151
72 152
72 153
72 154
72 155
72 159
72 160
72 162
72 164
72 165
72 167
72 172
72 173
72 174
72 175
72 178
72 179
72 180
72 181
72 182
72 185
72 186
72 189
72 197
72 198
72 200
72 201
72 206
72 212
72 215
72 216
72 217
72 222
72 223
72 224
72 225
72 227
72 228
72 234
72 235
72 236
72 237
72 240
72 242
72 243
72 246
72 250
72 252
72 254
72 257
72 258
72 260
72 261
72 262
72 263
72 268
72 269
72 272
72 274
72 277
72 278
72 283
72 286
72 287
72 289
72 290
72 293
72 294
72 295
72 299
73 79
73 84
73 85
73 86
73 87
73 89
73 96
73 97
73 98
73 99
73 101
73 103
73 106
73 115
73 118
73 119
73 123
73 125
73 127
73 128
73 129
73 130
73 131
73 133
73 134
73 137
73 141
73 144
73 145
73 148
73 149
73 150
73 151
73 154
73 156
73 158
73 160
73 164
73 166
73 167
73 170
73 172
73 177
73 179
73 180
73 181
73 183
73 184
73 186
73 191
73 194
73 196
73 198
73 199
73 200
73 204
73 205
73 206
73 208
73 209
73 211
73 213
73 214
73 216
73 217
73 219
73 220
73 224
73 226
73 227
73 228
73 229
73 230
73 231
73 234
73 235
73 237
73 242
73 244
73 245
73 246
73 248
73 250
73 251
73 252
73 256
73 258
73 261
73 264
73 265
73 266
73 270
73 273
73 274
73 280
73 281
73 282
73 285
73 287
73 288
73 290
73 291
73 294
73 295
73 296
73 297
73 300
74 80
74 81
74 82
74 83
74 85
74 86
74 89
74 92
74 94
74 96
74 99
74 100
74 101
74 103
74 104
74 105
74 106
74 109
74 111
74 112
74 115
74 116
74 117
74 119
74 120
74 122
74 123
74 124
74 125
74 126
74 131
74 133
74 135
74 136
74 137
74 140
74 142
74 143
74 145
74 146
74 151
74 153
74 155
74 158
74 160
74 161
74 164
74 165
74 166
74 171
74 172
74 173
74 174
74 176
74 177
74 181
74 184
74 185
74 186
74 187
74 193
74 195
74 197
74 198
74 201
74 202
74 204
74 205
74 207
74 209
74 210
74 211
74 212
74 214
74 215
74 217
74 218
74 222
74 226
74 232
74 233
74 234
74 237
74 238
74 240
74 241
74 242
74 243
74 244
74 247
74 248
74 251
74 252
74 254
74 255
74 258
74 259
74 261
74 264
74 268
74 269
74 270
74 271
74 274
74 275
74 276
74 277
74 279
74 281
74 282
74 285
74 286
74 288
74 289
74 293
74 296
74 298
74 299
74 300
75 80
75 81
75 84
75 85
75 86
75 87
75 90
75 91
75 92
75 93
75 94
75 95
75 98
75 100
75 104
75 106
75 107
75 108
75 109
75 111
75 115
75 116
75 118
75 119
75 121
75 123
75 127
75 128
75 129
75 131
75 133
75 134
75 138
75 140
75 142
75 143
75 144
75 145
75 148
75 154
75 156
75 157
75 158
75 159
75 160
75 162
75 163
75 167
75 168
75 169
75 173
75 174
75 175
75 178
75 179
75 180
75 181
75 182
75 186
75 188
75 189
75 191
75 193
75 194
75 195
75 196
75 205
75 206
75 208
75 210
75 213
75 215
75 216
75 217
75 219
75 221
75 225
75 227
75 228
75 231
75 234
75 235
75 236
75 237
75 238
75 241
75 243
75 246
75 247
75 249
75 251
75 252
75 256
75 257
75 260
75 266
75 268
75 270
75 272
75 273
75 275
75 276
75 278
75 281
75 283
75 284
75 285
75 288
75 290
75 291
75 292
75 294
75 295
76 78
76 79
76 80
76 84
76 87
76 89
76 93
76 98
76 99
76 101
76 102
76 104
76 105
76 107
76 109
76 110
76 114
76 117
76 118
76 120
76 124
76 125
76 126
76 127
76 129
76 130
76 132
76 133
76 134
76 137
76 139
76 140
76 141
76 145
76 146
76 147
76 148
76 149
76 151
76 153
76 155
76 157
76 158
76 160
76 161
76 163
76 165
76 167
76 168
76 169
76 170
76 172
76 174
76 176
76 178
76 179
76 181
76 184
76 188
76 189
76 191
76 196
76 197
76 200
76 202
76 203
76 206
76 207
76 208
76 210
76 211
76 213
76 215
76 217
76 218
76 219
76 222
76 223
76 227
76 228
76 230
76 236
76 239
76 240
76 242
76 243
76 245
76 247
76 249
76 250
76 251
76 252
76 255
76 259
76 260
76 262
76 263
76 265
76 268
76 269
76 270
76 271
76 272
76 273
76 274
76 279
76 282
76 283
76 284
76 285
76 288
76 290
76 291
76 292
76 293
76 297
76 298
77 81
77 82
77 83
77 86
77 88
77 89
77 90
77 91
77 92
77 95
77 97
77 98
77 103
77 106
77 109
77 110
77 112
77 113
77 114
77 117
77 118
77 120
77 121
77 123
77 126
77 127
77 129
77 130
77 131
77 132
77 133
77 138
77 140
77 141
77 143
77 145
77 147
77 149
77 150
77 155
77 156
77 157
77 159
77 162
77 169
77 171
77 173
77 175
77 176
77 184
77 185
77 186
77 190
77 191
77 194
77 195
77 196
77 198
77 202
77 203
77 204
77 206
77 208
77 209
77 211
77 212
77 216
77 222
77 223
77 225
77 228
77 229
77 230
77 232
77 233
77 234
77 236
77 239
77 240
77 242
77 247
77 249
77 255
77 256
77 257
77 259
77 260
77 262
77 267
77 269
77 272
77 273
77 274
77 277
77 280
77 281
77 283
77 284
77 288
77 290
77 294
77 295
77 296
77 297
77 298
77 300
78 90
78 93
78 97
78 98
78 99
78 100
78 105
78 106
78 109
78 110
78 111
78 112
78 114
78 118
78 119
78 120
78 121
78 124
78 128
78 129
78 133
78 135
78 139
78 140
78 141
78 143
78 147
78 148
78 149
78 151
78 153
78 154
78 155
78 160
78 164
78 165
78 168
78 169
78 174
78 177
78 179
78 183
78 184
78 185
78 187
78 188
78 189
78 191
78 192
78 197
78 200
78 201
78 202
78 203
78 205
78 207
78 211
78 214
78 215
78 216
78 218
78 219
78 220
78 222
78 223
78 226
78 227
78 228
78 231
78 234
78 238
78 239
78 240
78 243
78 246
78 247
78 248
78 249
78 250
78 251
78 252
78 254
78 255
78 256
78 260
78 264
78 265
78 266
78 267
78 268
78 270
78 271
78 273
78 274
78 276
78 281
78 283
78 287
78 288
78 289
78 291
78 292
78 296
78 297
78 299
78 300
79 89
79 90
79 92
79 94
79 95
79 96
79 97
79 102
79 103
79 106
79 107
79 108
79 109
79 110
79 114
79 117
79 121
79 122
79 124
79 125
79 128
79 130
79 131
79 133
79 135
79 136
79 137
79 142
79 143
79 144
79 145
79 146
79 149
79 151
79 152
79 154
79 156
79 157
79 158
79 159
79 160
79 162
79 164
79 167
79 168
79 172
79 173
79 177
79 179
79 180
79 181
79 182
79 186
79 187
79 190
79 191
79 192
79 194
79 196
79 197
79 198
79 200
79 201
79 202
79 203
79 204
79 205
79 209
79 215
79 216
79 217
79 218
79 221
79 224
79 225
79 226
79 230
79 231
79 233
79 234
79 235
79 239
79 240
79 242
79 244
79 245
79 246
79 247
79 254
79 256
79 259
79 266
79 267
79 268
79 269
79 271
79 272
79 276
79 280
79 284
79 285
79 289
79 290
79 292
79 293
79 296
79 297
79 299
80 89
80 90
80 91
80 96
80 98
80 101
80 102
80 103
80 104
80 107
80 108
80 109
80 111
80 112
80 115
80 117
80 119
80 120
80 121
80 124
80 125
80 127
80 129
80 130
80 131
80 132
80 133
80 134
80 135
80 137
80 140
80 142
80 143
80 144
80 145
80 147
80 148
80 149
80 150
80 151
80 157
80 158
80 161
80 162
80 163
80 168
80 172
80 173
80 175
80 176
80 178
80 179
80 181
80 183
80 185
80 186
80 187
80 189
80 190
80 191
80 193
80 194
80 200
80 202
80 203
80 206
80 207
80 208
80 210
80 211
80 215
80 220
80 222
80 223
80 225
80 228
80 230
80 232
80 235
80 241
80 243
80 245
80 246
80 249
80 250
80 251
80 252
80 256
80 257
80 258
80 259
80 261
80 262
80 264
80 265
80 267
80 270
80 272
80 274
80 277
80 279
80 282
80 283
80 284
80 286
80 287
80 290
80 294
80 296
80 299
81 89
81 94
81 97
81 99
81 102
81 105
81 110
81 112
81 114
81 115
81 116
81 118
81 120
81 121
81 123
81 124
81 126
81 130
81 131
81 134
81 135
81 136
81 139
81 140
81 141
81 144
81 145
81 150
81 151
81 152
81 156
81 160
81 161
81 162
81 163
81 164
81 166
81 169
81 170
81 171
81 173
81 174
81 175
81 179
81 180
81 182
81 188
81 189
81 190
81 194
81 195
81 196
81 199
81 200
81 202
81 205
81 206
81 207
81 209
81 210
81 213
81 217
81 223
81 224
81 226
81 228
81 232
81 233
81 234
81 237
81 238
81 243
81 247
81 257
81 258
81 260
81 261
81 268
81 269
81 270
81 271
81 272
81 276
81 277
81 278
81 280
81 281
81 282
81 284
81 285
81 288
81 289
81 291
81 293
81 297
82 89
82 95
82 96
82 97
82 99
82 101
82 102
82 103
82 105
82 106
82 114
82 115
82 116
82 117
82 120
82 123
82 125
82 127
82 129
82 130
82 131
82 133
82 135
82 137
82 138
82 139
82 143
82 144
82 146
82 149
82 151
82 153
82 154
82 157
82 159
82 160
82 162
82 163
82 167
82 168
82 171
82 172
82 174
82 177
82 178
82 179
82 180
82 182
82 183
82 186
82 188
82 191
82 192
82 194
82 195
82 198
82 199
82 200
82 201
82 202
82 206
82 207
82 209
82 211
82 212
82 217
82 218
82 219
82 222
82 225
82 227
82 229
82 231
82 237
82 238
82 239
82 242
82 243
82 244
82 245
82 253
82 257
82 260
82 262
82 267
82 268
82 269
82 273
82 274
82 276
82 279
82 280
82 282
82 285
82 286
82 289
82 290
82 293
82 296
82 297
82 299
82 300
83 89
83 90
83 91
83 94
83 95
83 100
83 103
83 104
83 106
83 107
83 108
83 110
83 114
83 115
83 117
83 119
83 120
83 124
83 125
83 127
83 128
83 131
83 136
83 137
83 139
83 144
83 146
83 150
83 155
83 158
83 160
83 161
83 164
83 165
83 166
83 169
83 170
83 171
83 172
83 173
83 174
83 177
83 181
83 182
83 184
83 185
83 186
83 187
83 189
83 191
83 192
83 197
83 198
83 199
83 200
83 201
83 203
83 205
83 206
83 209
83 211
83 215
83 216
83 218
83 219
83 221
83 223
83 226
83 227
83 228
83 229
83 232
83 233
83 234
83 236
83 237
83 239
83 246
83 247
83 248
83 250
83 251
83 253
83 255
83 257
83 258
83 260
83 261
83 263
83 264
83 267
83 270
83 274
83 275
83 277
83 279
83 280
83 282
83 284
83 286
83 287
83 288
83 292
83 293
83 295
83 297
83 298
83 299
84 90
84 92
84 93
84 94
84 96
84 98
84 99
84 102
84 109
84 111
84 116
84 119
84 122
84 123
84 127
84 129
84 130
84 132
84 135
84 136
84 138
84 139
84 140
84 141
84 142
84 145
84 147
84 148
84 150
84 151
84 155
84 156
84 157
84 159
84 161
84 165
84 168
84 169
84 171
84 173
84 174
84 175
84 176
84 185
84 186
84 189
84 190
84 194
84 196
84 197
84 199
84 200
84 203
84 204
84 209
84 210
84 213
84 214
84 217
84 218
84 219
84 220
84 223
84 224
84 227
84 228
84 230
84 231
84 233
84 235
84 236
84 237
84 239
84 241
84 245
84 248
84 249
84 250
84 251
84 255
84 256
84 257
84 259
84 262
84 263
84 264
84 265
84 266
84 271
84 272
84 273
84 276
84 277
84 280
84 283
84 285
84 286
84 288
84 290
84 292
84 293
84 294
84 295
84 297
84 300
85 89
85 90
85 97
85 98
85 100
85 102
85 105
85 108
85 113
85 114
85 115
85 116
85 117
85 121
85 122
85 124
85 125
85 126
85 127
85 130
85 132
85 133
85 137
85 138
85 140
85 143
85 146
85 147
85 149
85 153
85 154
85 155
85 157
85 163
85 164
85 165
85 168
85 169
85 170
85 172
85 173
85 176
85 179
85 182
85 183
85 186
85 187
85 188
85 189
85 194
85 196
85 197
85 199
85 201
85 202
85 203
85 205
85 207
85 210
85 212
85 213
85 214
85 216
85 222
85 225
85 226
85 227
85 229
85 231
85 233
85 234
85 235
85 237
85 239
85 243
85 244
85 245
85 247
85 249
85 250
85 251
85 254
85 255
85 256
85 258
85 260
85 261
85 264
85 266
85 267
85 268
85 270
85 273
85 274
85 276
85 278
85 280
85 281
85 282
85 283
85 285
85 288
85 291
85 294
85 295
85 296
85 299
86 94
86 97
86 98
86 99
86 103
86 105
86 106
86 107
86 108
86 109
86 110
86 111
86 113
86 118
86 120
86 122
86 125
86 126
86 132
86 135
86 137
86 139
86 141
86 146
86 147
86 150
86 152
86 155
86 156
86 159
86 160
86 161
86 163
86 164
86 167
86 168
86 169
86 172
86 175
86 178
86 180
86 183
86 185
86 186
86 187
86 189
86 190
86 195
86 197
86 198
86 204
86 207
86 209
86 210
86 211
86 214
86 215
86 216
86 218
86 219
86 222
86 225
86 228
86 230
86 232
86 235
86 236
86 238
86 242
86 244
86 247
86 248
86 249
86 252
86 254
86 257
86 258
86 259
86 260
86 261
86 263
86 264
86 268
86 269
86 270
86 271
86 273
86 274
86 277
86 279
86 284
86 285
86 287
86 288
86 289
86 292
86 293
86 295
86 298
87 90
87 92
87 94
87 96
87 97
87 98
87 99
87 102
87 103
87 104
87 106
87 108
87 109
87 110
87 111
87 112
87 115
87 116
87 117
87 119
87 120
87 123
87 126
87 129
87 131
87 132
87 136
87 139
87 142
87 143
87 144
87 145
87 146
87 148
87 152
87 156
87 157
87 158
87 159
87 161
87 165
87 166
87 167
87 169
87 174
87 176
87 178
87 182
87 183
87 184
87 190
87 191
87 192
87 193
87 196
87 198
87 199
87 203
87 205
87 210
87 211
87 213
87 214
87 215
87 216
87 217
87 222
87 223
87 225
87 227
87 229
87 230
87 231
87 235
87 237
87 238
87 240
87 242
87 243
87 244
87 245
87 248
87 249
87 251
87 254
87 255
87 258
87 259
87 261
87 263
87 265
87 267
87 269
87 270
87 271
87 274
87 275
87 277
87 280
87 281
87 282
87 284
87 291
87 292
87 293
87 296
87 297
87 300
88 89
88 92
88 93
88 94
88 95
88 98
88 99
88 101
88 105
88 106
88 107
88 108
88 109
88 110
88 112
88 114
88 115
88 116
88 117
88 119
88 121
88 124
88 125
88 126
88 127
88 130
88 131
88 132
88 133
88 134
88 136
88 137
88 140
88 141
88 143
88 145
88 146
88 147
88 149
88 150
88 152
88 154
88 158
88 160
88 161
88 166
88 167
88 171
88 173
88 174
88 175
88 176
88 178
88 179
88 180
88 181
88 182
88 184
88 185
88 188
88 190
88 191
88 194
88 196
88 199
88 201
88 205
88 206
88 212
88 213
88 215
88 217
88 218
88 219
88 221
88 222
88 225
88 227
88 228
88 229
88 232
88 233
88 234
88 235
88 236
88 240
88 243
88 244
88 245
88 247
88 248
88 249
88 251
88 253
88 254
88 255
88 258
88 259
88 263
88 265
88 268
88 271
88 275
88 276
88 277
88 278
88 279
88 281
88 282
88 284
88 286
88 288
88 289
88 292
88 294
88 296
88 298
88 299
88 300
89 100
89 101
89 106
89 107
89 108
89 109
89 110
89 112
89 115
89 117
89 118
89 119
89 121
89 122
89 124
89 129
89 136
89 138
89 140
89 143
89 144
89 146
89 151
89 152
89 154
89 155
89 156
89 157
89 158
89 161
89 165
89 167
89 168
89 169
89 171
89 173
89 174
89 176
89 177
89 180
89 183
89 185
89 187
89 189
89 190
89 192
89 193
89 197
89 198
89 200
89 201
89 203
89 204
89 206
89 209
89 212
89 214
89 215
89 216
89 217
89 218
89 222
89 224
89 225
89 226
89 227
89 229
89 234
89 236
89 237
89 238
89 239
89 240
89 243
89 244
89 245
89 247
89 249
89 250
89 254
89 256
89 260
89 261
89 262
89 263
89 264
89 266
89 267
89 271
89 272
89 273
89 275
89 279
89 280
89 284
89 285
89 288
89 290
89 294
89 295
89 297
90 101
90 106
90 107
90 108
90 111
90 112
90 115
90 117
90 118
90 120
90 121
90 123
90 124
90 125
90 126
90 127
90 129
90 134
90 136
90 137
90 138
90 140
90 141
90 142
90 144
90 146
90 147
90 149
90 152
90 154
90 155
90 157
90 160
90 161
90 162
90 164
90 165
90 166
90 167
90 173
90 174
90 175
90 176
90 178
90 179
90 180
90 181
90 182
90 183
90 186
90 192
90 195
90 196
90 197
90 198
90 199
90 200
90 202
90 203
90 205
90 206
90 209
90 210
90 211
90 214
90 215
90 222
90 223
90 225
90 227
90 228
90 229
90 231
90 234
90 237
90 239
90 242
90 243
90 244
90 246
90 247
90 251
90 252
90 255
90 257
90 260
90 261
90 263
90 265
90 266
90 267
90 270
90 271
90 272
90 273
90 274
90 278
90 279
90 281
90 282
90 286
90 288
90 289
90 290
90 294
90 296
90 297
90 298
90 299
91 101
91 102
91 103
91 104
91 105
91 106
91 112
91 118
91 122
91 123
91 124
91 126
91 129
91 132
91 135
91 137
91 138
91 139
91 140
91 142
91 143
91 144
91 147
91 153
91 154
91 155
91 156
91 159
91 161
91 165
91 166
91 168
91 169
91 170
91 171
91 175
91 180
91 182
91 183
91 185
91 188
91 191
91 192
91 193
91 199
91 202
91 205
91 206
91 207
91 209
91 210
91 212
91 213
91 214
91 216
91 217
91 220
91 223
91 224
91 231
91 234
91 235
91 237
91 238
91 240
91 242
91 243
91 245
91 248
91 252
91 253
91 257
91 258
91 259
91 260
91 261
91 263
91 265
91 266
91 269
91 270
91 271
91 272
91 274
91 278
91 279
91 282
91 283
91 287
91 290
91 291
91 293
91 294
91 299
92 100
92 102
92 103
92 104
92 106
92 107
92 109
92 111
92 113
92 118
92 120
92 121
92 122
92 123
92 125
92 129
92 131
92 136
92 137
92 139
92 141
92 145
92 148
92 150
92 152
92 153
92 155
92 157
92 158
92 159
92 160
92 164
92 165
92 168
92 169
92 172
92 173
92 174
92 175
92 176
92 177
92 178
92 180
92 181
92 182
92 183
92 189
92 191
92 193
92 195
92 199
92 202
92 204
92 205
92 206
92 210
92 211
92 212
92 213
92 214
92 216
92 217
92 222
92 223
92 224
92 229
92 230
92 231
92 232
92 233
92 235
92 236
92 237
92 243
92 244
92 247
92 251
92 253
92 254
92 255
92 259
92 260
92 264
92 268
92 275
92 276
92 278
92 280
92 281
92 283
92 286
92 288
92 290
92 291
92 292
92 296
92 297
92 298
93 104
93 106
93 110
93 111
93 113
93 114
93 116
93 119
93 121
93 123
93 126
93 127
93 128
93 130
93 132
93 133
93 134
93 139
93 140
93 142
93 143
93 148
93 150
93 151
93 155
93 156
93 157
93 160
93 162
93 164
93 166
93 171
93 172
93 174
93 176
93 178
93 181
93 186
93 187
93 188
93 190
93 194
93 195
93 196
93 199
93 200
93 202
93 203
93 206
93 208
93 215
93 217
93 218
93 219
93 222
93 223
93 226
93 227
93 229
93 230
93 231
93 233
93 234
93 235
93 238
93 240
93 241
93 242
93 243
93 244
93 248
93 249
93 251
93 252
93 257
93 258
93 261
93 264
93 265
93 266
93 269
93 270
93 271
93 275
93 276
93 278
93 280
93 281
93 283
93 284
93 286
93 288
93 292
93 299
94 102
94 103
94 104
94 105
94 106
94 110
94 111
94 112
94 114
94 115
94 120
94 121
94 123
94 124
94 129
94 130
94 131
94 132
94 135
94 137
94 141
94 142
94 147
94 150
94 151
94 152
94 153
94 154
94 160
94 161
94 164
94 166
94 168
94 170
94 175
94 176
94 178
94 179
94 180
94 183
94 184
94 185
94 187
94 188
94 189
94 191
94 192
94 196
94 197
94 198
94 199
94 200
94 202
94 204
94 206
94 208
94 209
94 210
94 214
94 215
94 216
94 224
94 226
94 227
94 228
94 230
94 232
94 234
94 236
94 237
94 238
94 239
94 241
94 247
94 249
94 251
94 253
94 257
94 259
94 261
94 262
94 267
94 268
94 269
94 270
94 271
94 275
94 278
94 281
94 282
94 283
94 284
94 285
94 288
94 291
94 292
94 293
94 294
94 295
94 296
95 100
95 101
95 103
95 108
95 109
95 111
95 113
95 114
95 116
95 118
95 119
95 120
95 122
95 124
95 128
95 130
95 133
95 139
95 140
95 141
95 142
95 143
95 146
95 148
95 149
95 150
95 153
95 154
95 155
95 158
95 162
95 164
95 165
95 168
95 169
95 170
95 173
95 174
95 177
95 178
95 179
95 182
95 184
95 185
95 187
95 188
95 189
95 190
95 191
95 193
95 194
95 197
95 199
95 200
95 201
95 202
95 205
95 210
95 212
95 213
95 214
95 216
95 217
95 220
95 223
95 225
95 227
95 229
95 230
95 232
95 240
95 242
95 245
95 246
95 247
95 249
95 250
95 251
95 253
95 259
95 260
95 263
95 264
95 265
95 267
95 269
95 270
95 272
95 274
95 276
95 277
95 278
95 280
95 281
95 285
95 286
95 289
95 290
95 293
95 294
95 296
95 297
95 299
95 300
96 100
96 101
96 102
96 103
96 104
96 106
96 108
96 111
96 113
96 116
96 117
96 118
96 119
96 120
96 123
96 126
96 127
96 128
96 129
96 130
96 131
96 134
96 136
96 138
96 139
96 142
96 144
96 145
96 146
96 147
96 151
96 153
96 157
96 158
96 159
96 160
96 165
96 166
96 167
96 168
96 170
96 171
96 173
96 176
96 177
96 181
96 182
96 183
96 184
96 185
96 189
96 190
96 193
96 194
96 199
96 200
96 201
96 204
96 205
96 212
96 213
96 217
96 219
96 220
96 222
96 224
96 225
96 226
96 229
96 232
96 234
96 235
96 236
96 238
96 239
96 241
96 243
96 244
96 246
96 248
96 250
96 252
96 253
96 254
96 258
96 259
96 261
96 262
96 263
96 266
96 267
96 270
96 272
96 273
96 274
96 277
96 279
96 280
96 287
96 289
96 292
96 293
96 295
96 297
96 298
96 300
97 100
97 101
97 105
97 107
97 115
97 117
97 122
97 125
97 127
97 129
97 130
97 131
97 132
97 136
97 137
97 139
97 140
97 144
97 145
97 146
97 149
97 150
97 153
97 158
97 159
97 160
97 161
97 162
97 163
97 164
97 167
97 169
97 171
97 172
97 175
97 177
97 181
97 182
97 184
97 187
97 188
97 189
97 192
97 196
97 197
97 198
97 204
97 208
97 209
97 210
97 211
97 218
97 221
97 222
97 223
97 225
97 227
97 228
97 236
97 237
97 239
97 240
97 241
97 243
97 246
97 247
97 248
97 249
97 251
97 252
97 255
97 257
97 259
97 260
97 263
97 266
97 268
97 269
97 272
97 273
97 277
97 279
97 283
97 285
97 286
97 287
97 289
97 290
97 291
97 293
97 296
97 297
97 298
97 300
98 100
98 101
98 102
98 103
98 104
98 107
98 110
98 111
98 113
98 116
98 118
98 119
98 122
98 123
98 124
98 125
98 127
98 128
98 131
98 133
98 134
98 136
98 137
98 139
98 143
98 144
98 145
98 148
98 149
98 150
98 151
98 153
98 157
98 160
98 162
98 164
98 165
98 168
98 170
98 172
98 174
98 175
98 177
98 181
98 184
98 185
98 190
98 191
98 193
98 194
98 195
98 196
98 197
98 202
98 203
98 204
98 205
98 206
98 208
98 209
98 210
98 212
98 213
98 216
98 217
98 219
98 220
98 221
98 225
98 226
98 227
98 232
98 236
98 238
98 242
98 244
98 246
98 248
98 250
98 252
98 253
98 254
98 255
98 257
98 259
98 261
98 263
98 266
98 268
98 270
98 271
98 274
98 275
98 276
98 282
98 285
98 286
98 287
98 288
98 289
98 291
98 293
98 295
98 297
98 299
98 300
99 100
99 103
99 107
99 108
99 112
99 113
99 114
99 115
99 117
99 120
99 121
99 122
99 124
99 132
99 133
99 135
99 136
99 137
99 138
99 140
99 143
99 144
99 146
99 147
99 149
99 150
99 152
99 154
99 155
99 156
99 158
99 162
99 170
99 175
99 178
99 180
99 182
99 183
99 185
99 187
99 189
99 191
99 192
99 193
99 194
99 197
99 200
99 205
99 209
99 211
99 213
99 214
99 215
99 216
99 219
99 221
99 223
99 226
99 228
99 230
99 232
99 234
99 235
99 236
99 239
99 240
99 241
99 244
99 247
99 248
99 250
99 251
99 253
99 255
99 257
99 258
99 260
99 264
99 268
99 271
99 272
99 274
99 275
99 279
99 280
99 282
99 283
99 284
99 285
99 289
99 290
99 291
99 295
99 296
99 298
99 299
99 300
100 111
100 112
100 114
100 123
100 125
100 126
100 128
100 130
100 131
100 132
100 135
100 136
100 137
100 138
100 140
100 141
100 144
100 145
100 147
100 148
100 151
100 152
100 154
100 156
100 157
100 158
100 159
100 165
100 166
100 168
100 169
100 172
100 173
100 174
100 176
100 179
100 180
100 182
100 183
100 185
100 186
100 189
100 190
100 191
100 192
100 194
100 195
100 197
100 199
100 201
100 202
100 203
100 205
100 207
100 211
100 212
100 213
100 214
100 217
100 218
100 221
100 224
100 225
100 227
100 228
100 230
100 231
100 233
100 234
100 235
100 239
100 240
100 242
100 246
100 249
100 250
100 254
100 256
100 257
100 259
100 261
100 263
100 267
100 268
100 271
100 273
100 275
100 278
100 279
100 280
100 281
100 282
100 284
100 285
100 286
100 287
100 291
100 292
100 293
100 295
100 296
100 300
101 112
101 113
101 115
101 117
101 118
101 119
101 123
101 124
101 125
101 129
101 130
101 131
101 132
101 135
101 137
101 140
101 142
101 143
101 145
101 147
101 149
101 152
101 154
101 157
101 158
101 161
101 162
101 164
101 165
101 168
101 169
101 170
101 171
101 174
101 176
101 177
101 179
101 180
101 181
101 182
101 183
101 186
101 188
101 192
101 193
101 195
101 198
101 199
101 200
101 201
101 203
101 204
101 211
101 213
101 217
101 225
101 226
101 227
101 230
101 233
101 238
101 240
101 241
101 242
101 244
101 246
101 249
101 250
101 251
101 252
101 254
101 255
101 257
101 258
101 262
101 265
101 267
101 268
101 270
101 274
101 277
101 278
101 279
101 283
101 286
101 287
101 288
101 289
101 290
101 291
101 295
101 297
101 298
101 299
102 112
102 114
102 115
102 116
102 119
102 122
102 123
102 124
102 125
102 128
102 130
102 133
102 135
102 136
102 138
102 139
102 141
102 142
102 145
102 149
102 150
102 152
102 155
102 157
102 159
102 161
102 163
102 165
102 166
102 169
102 170
102 171
102 173
102 174
102 177
102 178
102 180
102 181
102 185
102 186
102 189
102 191
102 194
102 197
102 200
102 202
102 203
102 205
102 206
102 207
102 208
102 210
102 211
102 212
102 214
102 217
102 218
102 221
102 222
102 226
102 228
102 229
102 230
102 232
102 233
102 234
102 236
102 240
102 243
102 245
102 247
102 248
102 249
102 250
102 252
102 255
102 257
102 258
102 259
102 260
102 261
102 262
102 263
102 266
102 268
102 270
102 279
102 280
102 283
102 286
102 288
102 289
102 294
102 295
102 298
102 299
102 300
103 112
103 114
103 116
103 118
103 120
103 121
103 122
103 123
103 125
103 128
103 129
103 132
103 133
103 134
103 142
103 144
103 146
103 147
103 150
103 153
103 154
103 157
103 158
103 161
103 163
103 165
103 167
103 168
103 171
103 173
103 177
103 179
103 182
103 183
103 184
103 185
103 186
103 188
103 189
103 190
103 191
103 196
103 199
103 202
103 203
103 204
103 205
103 206
103 210
103 211
103 212
103 213
103 214
103 218
103 220
103 221
103 224
103 227
103 228
103 229
103 230
103 237
103 239
103 240
103 241
103 246
103 247
103 248
103 250
103 251
103 253
103 254
103 256
103 258
103 259
103 261
103 262
103 263
103 268
103 272
103 273
103 274
103 276
103 279
103 280
103 281
103 286
103 287
103 290
103 292
103 293
103 294
103 295
103 298
103 299
104 111
104 112
104 114
104 115
104 116
104 119
104 123
104 126
104 129
104 130
104 131
104 132
104 134
104 135
104 136
104 137
104 138
104 141
104 142
104 146
104 148
104 152
104 153
104 155
104 160
104 164
104 165
104 166
104 168
104 169
104 171
104 172
104 173
104 176
104 179
104 180
104 181
104 182
104 183
104 187
104 188
104 192
104 194
104 195
104 197
104 199
104 202
104 204
104 205
104 207
104 212
104 214
104 215
104 216
104 217
104 220
104 221
104 222
104 225
104 226
104 229
104 232
104 234
104 235
104 236
104 237
104 238
104 241
104 244
104 245
104 247
104 248
104 250
104 252
104 253
104 259
104 262
104 264
104 265
104 266
104 268
104 273
104 274
104 277
104 278
104 285
104 288
104 289
104 290
104 291
104 292
104 295
104 296
104 299
105 111
105 112
105 115
105 116
105 118
105 120
105 121
105 122
105 123
105 126
105 130
105 135
105 138
105 139
105 141
105 143
105 144
105 145
105 146
105 148
105 151
105 153
105 154
105 155
105 157
105 159
105 162
105 163
105 164
105 166
105 170
105 175
105 182
105 184
105 186
105 187
105 189
105 191
105 195
105 196
105 197
105 198
105 200
105 201
105 202
105 204
105 208
105 209
105 210
105 214
105 217
105 218
105 222
105 223
105 224
105 226
105 228
105 230
105 233
105 234
105 235
105 237
105 238
105 241
105 244
105 247
105 251
105 252
105 254
105 257
105 259
105 260
105 261
105 264
105 266
105 267
105 268
105 270
105 271
105 272
105 274
105 277
105 278
105 279
105 283
105 284
105 285
105 290
105 292
105 294
105 296
105 297
105 298
106 111
106 113
106 114
106 115
106 116
106 119
106 120
106 122
106 123
106 125
106 126
106 128
106 134
106 135
106 136
106 139
106 140
106 142
106 144
106 147
106 148
106 149
106 150
106 152
106 154
106 156
106 158
106 160
106 161
106 163
106 165
106 167
106 171
106 172
106 173
106 174
106 175
106 179
106 180
106 183
106 184
106 185
106 186
106 187
106 189
106 192
106 195
106 196
106 197
106 200
106 202
106 206
106 208
106 209
106 210
106 212
106 216
106 218
106 219
106 221
106 222
106 223
106 227
106 234
106 235
106 236
106 237
106 239
106 240
106 244
106 245
106 246
106 252
106 254
106 255
106 256
106 262
106 263
106 267
106 269
106 272
106 273
106 274
106 275
106 276
106 278
106 281
106 285
106 288
106 290
106 291
106 299
107 113
107 117
107 118
107 119
107 121
107 122
107 127
107 128
107 129
107 131
107 132
107 134
107 137
107 140
107 141
107 143
107 145
107 146
107 148
107 150
107 151
107 154
107 156
107 158
107 159
107 161
107 162
107 163
107 164
107 170
107 171
107 172
107 174
107 176
107 177
107 180
107 182
107 184
107 185
107 187
107 188
107 190
107 192
107 195
107 196
107 197
107 198
107 199
107 201
107 203
107 205
107 208
107 209
107 210
107 214
107 215
107 216
107 219
107 220
107 223
107 225
107 226
107 228
107 232
107 233
107 235
107 236
107 239
107 240
107 241
107 244
107 246
107 247
107 248
107 250
107 252
107 253
107 254
107 257
107 261
107 263
107 265
107 267
107 269
107 270
107 272
107 273
107 274
107 275
107 281
107 283
107 285
107 286
107 287
107 289
107 291
107 293
107 299
108 111
108 118
108 122
108 124
108 126
108 127
108 128
108 129
108 130
108 133
108 134
108 137
108 138
108 139
108 140
108 143
108 146
108 150
108 151
108 153
108 155
108 156
108 158
108 159
108 161
108 162
108 166
108 167
108 168
108 172
108 173
108 175
108 176
108 178
108 179
108 183
108 184
108 190
108 191
108 192
108 194
108 196
108 197
108 200
108 201
108 204
108 205
108 206
108 208
108 209
108 211
108 212
108 213
108 214
108 215
108 218
108 222
108 223
108 225
108 227
108 229
108 230
108 231
108 232
108 233
108 234
108 236
108 239
108 241
108 243
108 244
108 245
108 247
108 248
108 251
108 252
108 253
108 255
108 258
108 260
108 262
108 263
108 264
108 265
108 266
108 267
108 272
108 274
108 275
108 277
108 280
108 281
108 283
108 285
108 286
108 287
108 288
108 292
108 293
108 294
108 295
108 297
108 298
109 111
109 113
109 115
109 116
109 117
109 118
109 120
109 122
109 124
109 125
109 126
109 132
109 135
109 136
109 138
109 140
109 145
109 146
109 148
109 150
109 156
109 159
109 161
109 162
109 163
109 168
109 175
109 177
109 178
109 180
109 183
109 188
109 191
109 192
109 193
109 194
109 196
109 207
109 210
109 212
109 213
109 215
109 218
109 219
109 220
109 221
109 225
109 226
109 227
109 229
109 231
109 238
109 239
109 241
109 242
109 243
109 246
109 250
109 251
109 254
109 255
109 258
109 259
109 260
109 264
109 266
109 267
109 268
109 271
109 272
109 273
109 275
109 277
109 279
109 281
109 282
109 285
109 286
109 288
109 289
109 291
109 293
109 294
109 296
109 297
109 298
110 111
110 112
110 115
110 116
110 117
110 118
110 120
110 130
110 132
110 138
110 139
110 140
110 142
110 143
110 144
110 145
110 146
110 147
110 149
110 150
110 154
110 155
110 156
110 158
110 160
110 163
110 167
110 168
110 169
110 171
110 172
110 173
110 175
110 178
110 182
110 185
110 186
110 188
110 189
110 193
110 194
110 196
110 199
110 200
110 202
110 205
110 206
110 208
110 209
110 211
110 213
110 216
110 217
110 219
110 223
110 224
110 226
110 231
110 232
110 233
110 236
110 237
110 239
110 242
110 243
110 244
110 247
110 248
110 253
110 255
110 257
110 260
110 262
110 264
110 265
110 266
110 270
110 271
110 272
110 273
110 275
110 278
110 279
110 282
110 284
110 287
110 288
110 290
110 291
110 292
110 293
110 295
110 296
110 297
111 122
111 123
111 125
111 126
111 127
111 128
111 133
111 134
111 135
111 137
111 138
111 142
111 143
111 144
111 146
111 147
111 151
111 152
111 153
111 154
111 157
111 162
111 163
111 164
111 167
111 176
111 177
111 178
111 180
111 181
111 182
111 186
111 187
111 189
111 196
111 199
111 200
111 202
111 205
111 206
111 208
111 209
111 210
111 211
111 216
111 219
111 220
111 222
111 223
111 224
111 226
111 228
111 230
111 233
111 235
111 241
111 244
111 246
111 247
111 248
111 250
111 252
111 256
111 257
111 259
111 261
111 265
111 266
111 267
111 272
111 273
111 275
111 279
111 280
111 282
111 283
111 284
111 288
111 289
111 291
111 294
111 297
111 298
111 299
112 127
112 128
112 129
112 130
112 132
112 133
112 134
112 136
112 140
112 141
112 142
112 144
112 148
112 149
112 154
112 155
112 156
112 158
112 163
112 164
112 167
112 168
112 169
112 171
112 176
112 177
112 179
112 181
112 182
112 186
112 191
112 192
112 193
112 194
112 195
112 196
112 197
112 199
112 200
112 203
112 206
112 209
112 212
112 213
112 214
112 216
112 218
112 219
112 220
112 222
112 223
112 226
112 227
112 228
112 229
112 231
112 232
112 234
112 238
112 239
112 240
112 243
112 245
112 247
112 249
112 250
112 251
112 253
112 254
112 255
112 257
112 260
112 261
112 263
112 264
112 265
112 266
112 268
112 272
112 274
112 275
112 277
112 278
112 280
112 282
112 283
112 284
112 285
112 287
112 288
112 294
112 296
112 297
112 298
112 300
113 122
113 123
113 126
113 127
113 129
113 130
113 132
113 134
113 136
113 138
113 139
113 142
113 145
113 146
113 148
113 149
113 151
113 153
113 154
113 156
113 157
113 161
113 165
113 166
113 169
113 172
113 174
113 175
113 176
113 179
113 180
113 181
113 182
113 185
113 187
113 189
113 190
113 193
113 195
113 197
113 198
113 200
113 202
113 203
113 205
113 207
113 208
113 209
113 210
113 211
113 214
113 216
113 217
113 218
113 219
113 221
113 224
113 226
113 229
113 230
113 231
113 234
113 235
113 236
113 237
113 238
113 242
113 243
113 244
113 245
113 247
113 249
113 252
113 254
113 255
113 256
113 259
113 261
113 262
113 263
113 266
113 269
113 270
113 271
113 274
113 277
113 278
113 284
113 286
113 287
113 288
113 289
113 290
113 292
113 294
113 295
113 296
113 299
113 300
114 123
114 124
114 126
114 129
114 130
114 132
114 133
114 136
114 142
114 145
114 147
114 150
114 151
114 152
114 153
114 154
114 155
114 157
114 161
114 162
114 165
114 166
114 167
114 170
114 174
114 175
114 176
114 177
114 178
114 179
114 182
114 186
114 188
114 191
114 192
114 194
114 195
114 198
114 202
114 203
114 204
114 206
114 207
114 208
114 209
114 211
114 214
114 216
114 218
114 220
114 222
114 224
114 225
114 227
114 228
114 230
114 232
114 234
114 235
114 238
114 239
114 240
114 242
114 243
114 248
114 250
114 252
114 255
114 256
114 258
114 259
114 260
114 264
114 265
114 272
114 273
114 274
114 277
114 279
114 281
114 282
114 284
114 289
114 291
114 292
114 295
114 296
114 297
114 300
115 124
115 125
115 126
115 129
115 132
115 133
115 134
115 138
115 139
115 144
115 146
115 147
115 149
115 150
115 153
115 154
115 155
115 156
115 159
115 160
115 161
115 162
115 163
115 167
115 170
115 171
115 172
115 174
115 180
115 181
115 182
115 183
115 185
115 187
115 188
115 189
115 190
115 191
115 192
115 194
115 196
115 199
115 200
115 202
115 204
115 205
115 208
115 209
115 210
115 213
115 216
115 218
115 220
115 221
115 224
115 227
115 230
115 233
115 234
115 236
115 240
115 241
115 242
115 243
115 246
115 248
115 249
115 251
115 252
115 253
115 254
115 255
115 260
115 262
115 264
115 266
115 268
115 269
115 270
115 271
115 272
115 273
115 274
115 279
115 280
115 285
115 287
115 289
115 290
115 293
115 295
115 298
116 123
116 125
116 129
116 131
116 132
116 133
116 135
116 137
116 141
116 142
116 143
116 144
116 146
116 148
116 151
116 154
116 156
116 158
116 160
116 161
116 163
116 165
116 166
116 167
116 169
116 171
116 172
116 173
116 175
116 177
116 178
116 179
116 180
116 187
116 188
116 191
116 192
116 194
116 195
116 197
116 198
116 207
116 210
116 213
116 215
116 217
116 219
116 222
116 224
116 225
116 228
116 232
116 233
116 234
116 237
116 238
116 240
116 243
116 244
116 245
116 246
116 250
116 252
116 255
116 256
116 257
116 258
116 260
116 265
116 269
116 270
116 272
116 273
116 274
116 276
116 278
116 280
116 281
116 282
116 290
116 291
116 292
116 297
116 298
116 299
116 300
117 122
117 123
117 124
117 126
117 136
117 137
117 140
117 141
117 142
117 143
117 147
117 151
117 155
117 159
117 160
117 161
117 162
117 165
117 166
117 167
117 169
117 171
117 172
117 173
117 176
117 177
117 178
117 180
117 181
117 182
117 185
117 187
117 189
117 190
117 192
117 193
117 198
117 200
117 203
117 204
117 205
117 206
117 208
117 209
117 210
117 212
117 218
117 223
117 225
117 226
117 229
117 231
117 232
117 233
117 236
117 239
117 241
117 247
117 249
117 250
117 251
117 254
117 258
117 259
117 262
117 264
117 266
117 268
117 269
117 270
117 279
117 280
117 283
117 285
117 287
117 288
117 292
117 293
117 294
117 295
117 296
117 299
118 122
118 123
118 125
118 127
118 130
118 131
118 132
118 133
118 135
118 136
118 138
118 139
118 141
118 146
118 147
118 148
118 151
118 153
118 154
118 155
118 156
118 157
118 159
118 160
118 164
118 166
118 169
118 170
118 171
118 172
118 177
118 179
118 181
118 185
118 186
118 191
118 194
118 196
118 200
118 201
118 203
118 206
118 210
118 211
118 213
118 214
118 216
118 219
118 220
118 222
118 223
118 228
118 229
118 233
118 235
118 237
118 238
118 239
118 241
118 242
118 244
118 245
118 248
118 250
118 251
118 253
118 255
118 257
118 259
118 260
118 261
118 265
118 266
118 267
118 269
118 270
118 271
118 273
118 275
118 276
118 279
118 281
118 282
118 285
118 286
118 287
118 289
118 294
118 296
118 298
118 299
119 122
119 124
119 125
119 126
119 127
119 133
119 134
119 139
119 140
119 141
119 142
119 143
119 144
119 146
119 147
119 149
119 150
119 152
119 153
119 158
119 159
119 160
119 161
119 162
119 163
119 168
119 169
119 170
119 171
119 172
119 173
119 175
119 179
119 180
119 183
119 185
119 188
119 190
119 192
119 194
119 195
119 197
119 201
119 202
119 203
119 205
119 209
119 212
119 214
119 215
119 218
119 220
119 221
119 222
119 228
119 229
119 231
119 235
119 236
119 237
119 241
119 243
119 245
119 248
119 249
119 256
119 257
119 258
119 262
119 263
119 264
119 266
119 269
119 271
119 272
119 273
119 275
119 281
119 283
119 284
119 285
119 286
119 288
119 291
119 293
119 294
119 295
119 298
119 299
120 122
120 127
120 129
120 130
120 131
120 134
120 136
120 137
120 140
120 141
120 143
120 145
120 149
120 155
120 157
120 158
120 159
120 160
120 163
120 164
120 166
120 169
120 170
120 173
120 174
120 178
120 180
120 181
120 182
120 184
120 187
120 188
120 192
120 193
120 195
120 198
120 200
120 201
120 202
120 203
120 204
120 207
120 208
120 211
120 212
120 215
120 217
120 218
120 219
120 220
120 221
120 222
120 223
120 226
120 229
120 230
120 231
120 233
120 234
120 238
120 239
120 241
120 243
120 246
120 247
120 249
120 251
120 253
120 255
120 258
120 262
120 263
120 264
120 265
120 267
120 269
120 271
120 274
120 275
120 278
120 279
120 280
120 282
120 285
120 286
120 287
120 289
120 290
120 291
120 294
120 295
120 299
121 122
121 123
121 126
121 127
121 131
121 132
121 136
121 138
121 139
121 140
121 144
121 146
121 147
121 148
121 149
121 150
121 153
121 155
121 158
121 159
121 161
121 166
121 171
121 172
121 175
121 176
121 177
121 179
121 183
121 185
121 187
121 188
121 189
121 191
121 193
121 195
121 196
121 201
121 202
121 206
121 208
121 214
121 215
121 216
121 219
121 221
121 225
121 227
121 228
121 229
121 230
121 231
121 234
121 235
121 236
121 238
121 239
121 244
121 249
121 250
121 251
121 252
121 257
121 258
121 259
121 261
121 263
121 265
121 267
121 270
121 271
121 272
121 274
121 277
121 279
121 280
121 282
121 283
121 285
121 286
121 288
121 292
121 295
121 296
121 300
122 136
122 137
122 138
122 140
122 141
122 142
122 143
122 144
122 145
122 147
122 150
122 152
122 153
122 155
122 156
122 159
122 160
122 163
122 165
122 167
122 169
122 170
122 171
122 172
122 177
122 178
122 181
122 182
122 184
122 186
122 188
122 190
122 193
122 194
122 195
122 199
122 201
122 202
122 203
122 205
122 208
122 209
122 213
122 216
122 217
122 221
122 222
122 225
122 227
122 229
122 230
122 233
122 237
122 238
122 239
122 242
122 243
122 244
122 247
122 250
122 252
122 253
122 254
122 256
122 258
122 262
122 264
122 265
122 266
122 268
122 274
122 276
122 277
122 278
122 279
122 280
122 281
122 282
122 283
122 286
122 287
122 290
122 292
122 293
122 294
122 295
122 300
123 134
123 135
123 138
123 139
123 147
123 151
123 152
123 153
123 154
123 155
123 157
123 159
123 162
123 164
123 171
123 172
123 174
123 175
123 176
123 179
123 181
123 183
123 184
123 185
123 188
123 190
123 192
123 195
123 196
123 198
123 202
123 205
123 206
123 207
123 211
123 213
123 214
123 215
123 216
123 220
123 221
123 224
123 225
123 226
123 228
123 235
123 236
123 237
123 238
123 239
123 240
123 241
123 242
123 243
123 245
123 246
123 250
123 252
123 254
123 257
123 258
123 259
123 263
123 265
123 266
123 267
123 268
123 271
123 274
123 275
123 276
123 277
123 280
123 282
123 283
123 284
123 286
123 287
123 288
123 292
123 294
123 297
123 298
123 299
123 300
124 134
124 135
124 136
124 137
124 138
124 139
124 141
124 146
124 147
124 148
124 149
124 150
124 151
124 155
124 157
124 158
124 162
124 163
124 164
124 165
124 167
124 172
124 174
124 175
124 176
124 177
124 178
124 180
124 182
124 183
124 185
124 187
124 188
124 190
124 192
124 194
124 197
124 198
124 199
124 203
124 206
124 208
124 209
124 211
124 212
124 213
124 214
124 215
124 217
124 219
124 223
124 226
124 227
124 230
124 231
124 232
124 236
124 237
124 241
124 242
124 243
124 244
124 245
124 250
124 251
124 253
124 255
124 257
124 259
124 261
124 263
124 264
124 266
124 267
124 269
124 275
124 276
124 277
124 278
124 279
124 280
124 283
124 285
124 287
124 288
124 289
124 295
124 296
124 299
124 300
125 133
125 134
125 136
125 138
125 139
125 142
125 143
125 144
125 146
125 147
125 148
125 149
125 153
125 154
125 155
125 156
125 157
125 158
125 159
125 161
125 163
125 166
125 167
125 168
125 169
125 173
125 174
125 177
125 179
125 183
125 187
125 189
125 190
125 193
125 195
125 196
125 198
125 199
125 200
125 203
125 204
125 205
125 207
125 208
125 211
125 212
125 213
125 214
125 217
125 218
125 219
125 221
125 223
125 229
125 233
125 234
125 238
125 241
125 242
125 244
125 245
125 247
125 248
125 251
125 252
125 253
125 254
125 256
125 262
125 264
125 266
125 267
125 268
125 270
125 271
125 272
125 274
125 281
125 288
125 290
125 291
125 294
125 295
125 296
125 297
125 299
126 134
126 135
126 137
126 138
126 139
126 146
126 147
126 148
126 150
126 153
126 163
126 166
126 168
126 169
126 171
126 175
126 176
126 177
126 178
126 179
126 182
126 184
126 185
126 187
126 189
126 191
126 192
126 194
126 196
126 198
126 200
126 201
126 202
126 207
126 208
126 209
126 210
126 214
126 217
126 219
126 222
126 223
126 224
126 225
126 233
126 235
126 236
126 237
126 240
126 241
126 244
126 246
126 248
126 249
126 250
126 252
126 254
126 255
126 256
126 259
126 261
126 264
126 267
126 268
126 269
126 274
126 276
126 280
126 285
126 286
126 289
126 296
126 298
126 300
127 133
127 134
127 136
127 137
127 138
127 140
127 141
127 144
127 146
127 148
127 149
127 153
127 154
127 155
127 157
127 159
127 161
127 164
127 166
127 167
127 170
127 172
127 173
127 174
127 176
127 179
127 180
127 181
127 183
127 184
127 186
127 188
127 189
127 191
127 192
127 193
127 198
127 199
127 201
127 202
127 203
127 208
127 209
127 211
127 212
127 219
127 223
127 225
127 226
127 227
127 229
127 230
127 232
127 233
127 236
127 237
127 238
127 239
127 241
127 245
127 249
127 251
127 255
127 258
127 259
127 260
127 262
127 265
127 268
127 269
127 273
127 275
127 277
127 278
127 280
127 282
127 283
127 285
127 286
127 287
127 289
127 291
127 292
127 293
127 296
127 298
127 300
128 133
128 134
128 135
128 137
128 140
128 142
128 144
128 145
128 147
128 149
128 150
128 152
128 158
128 159
128 161
128 162
128 163
128 165
128 170
128 174
128 177
128 178
128 180
128 185
128 187
128 189
128 191
128 192
128 193
128 194
128 196
128 197
128 199
128 204
128 206
128 207
128 211
128 212
128 214
128 215
128 216
128 217
128 218
128 222
128 224
128 227
128 230
128 232
128 234
128 239
128 240
128 241
128 245
128 246
128 249
128 250
128 251
128 255
128 256
128 257
128 260
128 261
128 262
128 263
128 264
128 269
128 270
128 273
128 274
128 277
128 278
128 279
128 280
128 281
128 282
128 283
128 286
128 287
128 289
128 294
128 295
128 296
128 297
128 298
129 137
129 139
129 140
129 145
129 146
129 148
129 150
129 151
129 152
129 154
129 155
129 158
129 160
129 161
129 163
129 165
129 166
129 167
129 168
129 171
129 172
129 174
129 175
129 178
129 179
129 180
129 181
129 182
129 183
129 186
129 188
129 191
129 193
129 196
129 197
129 199
129 201
129 202
129 204
129 205
129 209
129 211
129 215
129 216
129 218
129 219
129 221
129 223
129 224
129 228
129 229
129 230
129 232
129 233
129 235
129 236
129 237
129 240
129 243
129 244
129 248
129 251
129 257
129 258
129 260
129 263
129 264
129 265
129 269
129 270
129 272
129 273
129 274
129 279
129 280
129 281
129 282
129 285
129 287
129 288
129 291
129 292
129 296
129 297
129 298
129 300
130 136
130 139
130 142
130 143
130 144
130 145
130 148
130 150
130 153
130 154
130 156
130 157
130 161
130 162
130 163
130 164
130 165
130 166
130 168
130 169
130 170
130 171
130 175
130 176
130 177
130 181
130 184
130 185
130 191
130 192
130 193
130 194
130 196
130 197
130 199
130 203
130 208
130 212
130 214
130 216
130 217
130 218
130 219
130 221
130 225
130 226
130 227
130 229
130 231
130 232
130 233
130 234
130 235
130 238
130 242
130 245
130 246
130 248
130 249
130 250
130 251
130 253
130 255
130 256
130 257
130 258
130 265
130 266
130 267
130 268
130 274
130 276
130 277
130 278
130 279
130 282
130 286
130 287
130 288
130 289
130 290
130 291
130 293
130 294
130 297
130 298
130 300
131 140
131 141
131 142
131 143
131 146
131 149
131 150
131 153
131 157
131 159
131 160
131 161
131 164
131 166
131 168
131 170
131 177
131 178
131 180
131 182
131 184
131 185
131 188
131 190
131 193
131 194
131 197
131 202
131 203
131 204
131 205
131 207
131 208
131 210
131 212
131 213
131 216
131 218
131 220
131 221
131 222
131 225
131 226
131 227
131 229
131 231
131 232
131 234
131 236
131 238
131 240
131 241
131 242
131 243
131 246
131 247
131 252
131 253
131 255
131 258
131 259
131 263
131 267
131 270
131 273
131 275
131 276
131 278
131 279
131 282
131 283
131 284
131 290
131 292
131 293
131 294
131 295
131 296
132 134
132 136
132 137
132 138
132 139
132 142
132 143
132 146
132 148
132 149
132 155
132 156
132 158
132 159
132 161
132 162
132 166
132 167
132 168
132 170
132 171
132 172
132 176
132 182
132 183
132 184
132 188
132 194
132 195
132 200
132 201
132 202
132 204
132 205
132 207
132 209
132 210
132 211
132 212
132 213
132 214
132 215
132 217
132 221
132 224
132 225
132 227
132 228
132 229
132 231
132 232
132 234
132 236
132 237
132 242
132 246
132 248
132 249
132 251
132 253
132 256
132 258
132 259
132 261
132 262
132 263
132 265
132 266
132 267
132 272
132 275
132 276
132 277
132 279
132 283
132 285
132 286
132 289
132 290
132 291
132 298
132 299
133 145
133 147
133 148
133 149
133 150
133 151
133 152
133 155
133 156
133 157
133 159
133 162
133 166
133 171
133 172
133 173
133 174
133 180
133 181
133 184
133 185
133 186
133 188
133 189
133 190
133 191
133 192
133 194
133 197
133 199
133 201
133 207
133 209
133 210
133 211
133 212
133 213
133 215
133 216
133 218
133 221
133 222
133 224
133 227
133 228
133 230
133 231
133 232
133 234
133 238
133 239
133 242
133 244
133 245
133 246
133 249
133 252
133 254
133 256
133 261
133 262
133 263
133 267
133 268
133 270
133 271
133 272
133 275
133 276
133 279
133 280
133 281
133 282
133 283
133 285
133 289
133 290
133 291
133 295
133 296
133 297
133 298
133 299
134 144
134 145
134 147
134 148
134 150
134 151
134 154
134 155
134 158
134 162
134 165
134 166
134 167
134 168
134 169
134 170
134 171
134 176
134 177
134 178
134 183
134 186
134 187
134 188
134 189
134 190
134 192
134 193
134 200
134 201
134 202
134 204
134 206
134 209
134 212
134 213
134 214
134 215
134 216
134 221
134 223
134 224
134 225
134 227
134 229
134 232
134 233
134 236
134 237
134 240
134 242
134 244
134 247
134 249
134 251
134 253
134 254
134 255
134 256
134 257
134 262
134 268
134 269
134 275
134 276
134 277
134 278
134 283
134 285
134 286
134 287
134 289
134 290
134 293
134 296
134 298
134 299
135 144
135 145
135 146
135 148
135 149
135 150
135 153
135 158
135 161
135 164
135 165
135 166
135 167
135 171
135 174
135 176
135 178
135 181
135 183
135 189
135 191
135 192
135 193
135 196
135 198
135 201
135 202
135 206
135 208
135 209
135 210
135 213
135 216
135 217
135 219
135 221
135 222
135 225
135 228
135 229
135 230
135 232
135 234
135 237
135 238
135 239
135 240
135 244
135 246
135 250
135 252
135 259
135 260
135 261
135 262
135 265
135 266
135 269
135 270
135 273
135 274
135 277
135 280
135 281
135 282
135 290
135 293
135 294
135 295
135 297
135 299
135 300
136 144
136 148
136 151
136 154
136 157
136 161
136 162
136 163
136 164
136 167
136 171
136 172
136 173
136 174
136 175
136 176
136 182
136 185
136 186
136 189
136 190
136 191
136 192
136 193
136 199
136 203
136 204
136 207
136 208
136 210
136 211
136 212
136 214
136 217
136 223
136 229
136 230
136 231
136 237
136 240
136 242
136 243
136 245
136 247
136 248
136 249
136 252
136 257
136 258
136 259
136 260
136 261
136 262
136 263
136 264
136 265
136 271
136 273
136 274
136 275
136 276
136 278
136 282
136 284
136 287
136 288
136 289
136 290
136 292
136 293
136 294
136 296
136 297
136 298
137 145
137 148
137 151
137 152
137 156
137 157
137 158
137 159
137 161
137 163
137 166
137 168
137 171
137 173
137 176
137 177
137 178
137 179
137 180
137 182
137 183
137 187
137 191
137 195
137 196
137 198
137 201
137 202
137 203
137 204
137 205
137 208
137 212
137 215
137 218
137 220
137 223
137 225
137 226
137 227
137 231
137 232
137 233
137 235
137 236
137 239
137 244
137 246
137 247
137 248
137 249
137 251
137 252
137 253
137 257
137 258
137 260
137 266
137 267
137 268
137 269
137 270
137 273
137 274
137 276
137 277
137 281
137 284
137 285
137 288
137 289
137 290
137 292
137 298
137 299
137 300
138 144
138 146
138 147
138 148
138 149
138 150
138 151
138 156
138 157
138 160
138 161
138 162
138 163
138 164
138 167
138 168
138 170
138 175
138 176
138 177
138 179
138 180
138 185
138 186
138 187
138 188
138 195
138 196
138 197
138 198
138 201
138 202
138 203
138 204
138 205
138 206
138 207
138 211
138 213
138 214
138 215
138 218
138 219
138 220
138 223
138 228
138 229
138 230
138 232
138 233
138 235
138 236
138 238
138 242
138 243
138 246
138 247
138 249
138 251
138 254
138 256
138 257
138 258
138 260
138 263
138 264
138 265
138 266
138 268
138 269
138 271
138 272
138 273
138 274
138 276
138 278
138 283
138 284
138 287
138 288
138 290
138 294
138 295
138 297
138 300
139 146
139 147
139 149
139 150
139 151
139 154
139 155
139 158
139 159
139 161
139 162
139 163
139 165
139 166
139 168
139 169
139 171
139 172
139 173
139 175
139 177
139 178
139 179
139 181
139 183
139 184
139 188
139 189
139 191
139 192
139 194
139 199
139 200
139 203
139 206
139 209
139 210
139 215
139 217
139 219
139 221
139 223
139 224
139 225
139 226
139 230
139 232
139 235
139 236
139 237
139 238
139 241
139 242
139 243
139 245
139 247
139 251
139 253
139 256
139 257
139 259
139 260
139 261
139 262
139 263
139 264
139 265
139 266
139 271
139 273
139 274
139 275
139 278
139 279
139 281
139 282
139 284
139 286
139 289
139 291
139 292
139 293
139 295
139 296
139 300
140 144
140 149
140 152
140 156
140 157
140 159
140 160
140 162
140 163
140 164
140 168
140 169
140 171
140 172
140 173
140 177
140 179
140 180
140 181
140 182
140 184
140 187
140 188
140 189
140 190
140 191
140 193
140 195
140 197
140 199
140 200
140 201
140 203
140 213
140 217
140 218
140 220
140 224
140 225
140 227
140 228
140 229
140 230
140 233
140 234
140 236
140 237
140 238
140 239
140 243
140 244
140 245
140 246
140 249
140 250
140 251
140 252
140 254
140 256
140 258
140 259
140 263
140 265
140 270
140 273
140 274
140 275
140 276
140 277
140 279
140 282
140 284
140 286
140 287
140 291
140 292
140 293
140 296
140 297
140 299
141 146
141 147
141 148
141 149
141 150
141 153
141 154
141 157
141 160
141 161
141 165
141 166
141 168
141 170
141 173
141 176
141 177
141 181
141 182
141 183
141 184
141 186
141 187
141 188
141 192
141 193
141 194
141 198
141 200
141 202
141 203
141 206
141 207
141 208
141 209
141 210
141 212
141 213
141 215
141 216
141 219
141 220
141 221
141 224
141 226
141 229
141 230
141 235
141 237
141 238
141 239
141 241
141 244
141 245
141 246
141 247
141 252
141 255
141 257
141 258
141 259
141 260
141 261
141 264
141 266
141 268
141 276
141 277
141 278
141 279
141 280
141 283
141 284
141 285
141 286
141 289
141 293
141 296
141 298
142 145
142 146
142 147
142 153
142 154
142 156
142 157
142 158
142 161
142 162
142 163
142 166
142 170
142 172
142 177
142 180
142 182
142 183
142 185
142 186
142 190
142 191
142 192
142 196
142 197
142 199
142 202
142 204
142 205
142 206
142 208
142 210
142 211
142 212
142 213
142 214
142 215
142 220
142 221
142 223
142 224
142 226
142 227
142 231
142 236
142 238
142 239
142 242
142 245
142 246
142 247
142 248
142 251
142 258
142 260
142 262
142 263
142 264
142 267
142 268
142 269
142 271
142 273
142 277
142 279
142 281
142 285
142 288
142 291
142 293
142 294
142 297
142 298
143 145
143 149
143 150
143 152
143 156
143 158
143 160
143 164
143 165
143 167
143 168
143 170
143 172
143 173
143 174
143 175
143 180
143 182
143 183
143 184
143 186
143 187
143 188
143 189
143 190
143 193
143 195
143 197
143 201
143 203
143 204
143 205
143 207
143 210
143 211
143 214
143 216
143 217
143 219
143 225
143 227
143 228
143 229
143 231
143 232
143 234
143 235
143 237
143 240
143 241
143 242
143 243
143 248
143 249
143 250
143 252
143 254
143 257
143 258
143 259
143 261
143 266
143 267
143 269
143 270
143 274
143 275
143 277
143 280
143 282
143 283
143 285
143 288
143 289
143 290
143 294
143 296
143 297
143 298
143 299
144 155
144 158
144 159
144 160
144 161
144 162
144 164
144 167
144 168
144 171
144 172
144 174
144 177
144 178
144 179
144 180
144 182
144 184
144 190
144 193
144 195
144 196
144 201
144 202
144 203
144 204
144 206
144 207
144 209
144 211
144 212
144 213
144 214
144 217
144 223
144 224
144 225
144 228
144 231
144 232
144 233
144 235
144 236
144 240
144 241
144 242
144 245
144 247
144 248
144 249
144 252
144 253
144 254
144 257
144 262
144 263
144 265
144 268
144 269
144 274
144 277
144 278
144 279
144 284
144 285
144 286
144 288
144 290
144 293
144 294
144 295
144 296
144 297
144 298
145 156
145 157
145 158
145 159
145 162
145 163
145 165
145 167
145 168
145 169
145 170
145 172
145 175
145 178
145 181
145 183
145 184
145 185
145 186
145 189
145 191
145 194
145 195
145 196
145 197
145 198
145 199
145 200
145 201
145 202
145 205
145 206
145 208
145 210
145 215
145 216
145 218
145 221
145 222
145 225
145 228
145 229
145 232
145 235
145 237
145 238
145 239
145 240
145 242
145 243
145 247
145 248
145 251
145 252
145 253
145 254
145 255
145 257
145 261
145 264
145 265
145 266
145 267
145 270
145 271
145 272
145 273
145 275
145 276
145 279
145 282
145 283
145 284
145 286
145 288
145 289
145 292
145 293
145 295
145 296
145 297
145 300
146 155
146 162
146 164
146 165
146 166
146 168
146 169
146 170
146 172
146 176
146 177
146 178
146 179
146 182
146 189
146 192
146 194
146 195
146 199
146 202
146 208
146 219
146 222
146 224
146 226
146 228
146 230
146 232
146 239
146 241
146 244
146 245
146 247
146 248
146 250
146 251
146 253
146 256
146 259
146 263
146 264
146 266
146 267
146 271
146 276
146 277
146 278
146 279
146 280
146 282
146 283
146 285
146 288
146 292
146 293
146 296
146 300
147 155
147 157
147 163
147 165
147 168
147 172
147 175
147 176
147 178
147 180
147 182
147 183
147 184
147 185
147 186
147 188
147 193
147 195
147 196
147 197
147 200
147 201
147 202
147 203
147 205
147 207
147 210
147 211
147 213
147 216
147 220
147 221
147 225
147 226
147 228
147 229
147 236
147 237
147 238
147 239
147 242
147 243
147 246
147 247
147 251
147 253
147 254
147 257
147 259
147 260
147 262
147 263
147 265
147 268
147 270
147 272
147 273
147 274
147 277
147 281
147 283
147 285
147 290
147 291
147 298
147 300
148 156
148 157
148 158
148 159
148 165
148 167
148 168
148 172
148 173
148 174
148 175
148 180
148 181
148 182
148 184
148 186
148 187
148 188
148 189
148 190
148 192
148 193
148 203
148 204
148 206
148 214
148 215
148 216
148 217
148 218
148 219
148 220
148 222
148 223
148 224
148 225
148 227
148 229
148 231
148 232
148 233
148 237
148 240
148 242
148 246
148 249
148 250
148 252
148 255
148 256
148 257
148 259
148 260
148 263
148 264
148 265
148 268
148 269
148 270
148 274
148 275
148 280
148 284
148 285
148 287
148 289
148 290
148 292
148 293
148 294
148 296
148 299
149 156
149 157
149 158
149 166
149 167
149 170
149 173
149 174
149 175
149 178
149 180
149 181
149 184
149 185
149 187
149 188
149 189
149 190
149 191
149 194
149 196
149 198
149 201
149 203
149 206
149 207
149 209
149 210
149 211
149 213
149 215
149 216
149 219
149 220
149 221
149 224
149 225
149 227
149 229
149 230
149 231
149 232
149 233
149 236
149 237
149 238
149 246
149 249
149 252
149 253
149 254
149 255
149 258
149 260
149 265
149 266
149 267
149 269
149 270
149 274
149 275
149 276
149 277
149 278
149 279
149 282
149 283
149 284
149 286
149 287
149 288
149 291
149 294
149 295
149 300
150 157
150 158
150 160
150 161
150 164
150 169
150 170
150 174
150 177
150 178
150 180
150 184
150 185
150 186
150 189
150 191
150 193
150 198
150 199
150 201
150 208
150 209
150 210
150 211
150 212
150 214
150 216
150 217
150 219
150 222
150 232
150 233
150 235
150 238
150 239
150 240
150 241
150 243
150 245
150 246
150 249
150 251
150 253
150 257
150 258
150 259
150 260
150 263
150 266
150 268
150 269
150 270
150 271
150 272
150 276
150 277
150 279
150 280
150 282
150 283
150 284
150 288
150 291
150 294
150 295
150 297
150 298
150 300
151 155
151 156
151 160
151 164
151 165
151 169
151 170
151 171
151 172
151 173
151 174
151 176
151 177
151 178
151 181
151 182
151 183
151 184
151 185
151 188
151 189
151 191
151 192
151 194
151 197
151 198
151 201
151 202
151 203
151 204
151 205
151 206
151 207
151 210
151 211
151 213
151 214
151 216
151 217
151 221
151 226
151 228
151 229
151 230
151 231
151 234
151 236
151 237
151 240
151 242
151 244
151 245
151 246
151 249
151 250
151 252
151 254
151 259
151 260
151 262
151 264
151 265
151 268
151 269
151 271
151 273
151 276
151 277
151 280
151 281
151 282
151 287
151 290
151 291
151 292
151 293
151 294
151 296
151 299
152 155
152 157
152 159
152 160
152 161
152 162
152 163
152 167
152 168
152 169
152 170
152 173
152 175
152 176
152 180
152 181
152 185
152 186
152 190
152 191
152 193
152 195
152 196
152 197
152 198
152 200
152 201
152 202
152 203
152 204
152 207
152 209
152 211
152 212
152 213
152 214
152 215
152 218
152 219
152 221
152 222
152 225
152 226
152 229
152 230
152 231
152 232
152 236
152 237
152 239
152 242
152 245
152 247
152 248
152 249
152 250
152 255
152 258
152 259
152 261
152 263
152 264
152 265
152 266
152 268
152 271
152 273
152 274
152 275
152 278
152 282
152 285
152 286
152 287
152 288
152 289
152 293
152 294
152 298
152 299
152 300
153 155
153 156
153 157
153 158
153 159
153 160
153 161
153 166
153 167
153 168
153 171
153 172
153 173
153 176
153 177
153 181
153 185
153 186
153 188
153 193
153 194
153 195
153 197
153 199
153 202
153 203
153 204
153 206
153 207
153 208
153 210
153 212
153 213
153 214
153 219
153 222
153 224
153 225
153 227
153 228
153 229
153 231
153 234
153 235
153 238
153 239
153 240
153 241
153 243
153 245
153 246
153 247
153 250
153 252
153 255
153 256
153 257
153 259
153 260
153 261
153 262
153 267
153 268
153 270
153 271
153 272
153 276
153 277
153 282
153 283
153 284
153 287
153 288
153 290
153 295
153 296
153 297
153 299
154 155
154 156
154 158
154 161
154 162
154 163
154 164
154 166
154 167
154 170
154 171
154 179
154 181
154 182
154 183
154 188
154 191
154 194
154 196
154 197
154 200
154 204
154 207
154 208
154 210
154 211
154 212
154 213
154 214
154 217
154 220
154 221
154 222
154 223
154 224
154 226
154 228
154 234
154 237
154 239
154 240
154 241
154 243
154 244
154 247
154 248
154 250
154 251
154 254
154 257
154 258
154 264
154 266
154 270
154 271
154 272
154 273
154 274
154 276
154 278
154 283
154 284
154 285
154 287
154 289
154 291
154 292
154 294
154 295
154 296
154 299
155 167
155 168
155 169
155 173
155 174
155 175
155 176
155 179
155 181
155 184
155 185
155 186
155 187
155 189
155 190
155 193
155 194
155 196
155 197
155 198
155 200
155 201
155 204
155 210
155 212
155 214
155 215
155 217
155 219
155 220
155 221
155 222
155 223
155 226
155 227
155 229
155 233
155 234
155 235
155 236
155 238
155 240
155 241
155 242
155 243
155 246
155 248
155 250
155 251
155 252
155 254
155 255
155 256
155 259
155 261
155 263
155 265
155 267
155 268
155 271
155 272
155 273
155 277
155 279
155 281
155 282
155 284
155 285
155 289
155 290
155 291
155 292
155 297
155 298
155 299
156 168
156 169
156 170
156 174
156 175
156 176
156 177
156 180
156 182
156 183
156 185
156 188
156 189
156 190
156 192
156 195
156 196
156 198
156 200
156 201
156 202
156 205
156 207
156 208
156 212
156 213
156 214
156 215
156 216
156 219
156 220
156 222
156 223
156 226
156 230
156 231
156 235
156 236
156 237
156 238
156 242
156 243
156 246
156 247
156 248
156 249
156 252
156 253
156 254
156 258
156 262
156 268
156 269
156 270
156 272
156 275
156 276
156 280
156 281
156 282
156 285
156 286
156 287
156 288
156 293
156 294
156 295
156 296
156 299
156 300
157 166
157 171
157 173
157 176
157 177
157 179
157 181
157 184
157 185
157 186
157 187
157 190
157 192
157 193
157 194
157 195
157 197
157 198
157 199
157 200
157 201
157 202
157 203
157 204
157 206
157 211
157 213
157 216
157 217
157 218
157 219
157 225
157 226
157 227
157 228
157 229
157 230
157 231
157 234
157 235
157 236
157 237
157 239
157 241
157 243
157 245
157 247
157 248
157 250
157 253
157 255
157 256
157 257
157 259
157 260
157 263
157 264
157 265
157 266
157 267
157 270
157 271
157 272
157 275
157 276
157 279
157 280
157 281
157 283
157 286
157 290
157 293
157 295
157 296
157 297
157 298
157 300
158 168
158 170
158 171
158 173
158 175
158 176
158 178
158 183
158 189
158 190
158 193
158 194
158 196
158 200
158 201
158 202
158 203
158 205
158 209
158 211
158 213
158 214
158 216
158 219
158 225
158 226
158 227
158 228
158 231
158 232
158 233
158 237
158 238
158 240
158 241
158 243
158 245
158 247
158 250
158 251
158 253
158 255
158 257
158 258
158 261
158 264
158 265
158 266
158 268
158 270
158 273
158 275
158 278
158 279
158 284
158 286
158 288
158 294
158 296
158 297
158 300
159 166
159 167
159 168
159 169
159 171
159 174
159 175
159 177
159 178
159 182
159 183
159 184
159 185
159 186
159 191
159 193
159 194
159 197
159 198
159 200
159 203
159 204
159 207
159 208
159 209
159 210
159 211
159 212
159 214
159 216
159 220
159 224
159 228
159 231
159 232
159 234
159 239
159 242
159 245
159 246
159 252
159 253
159 254
159 262
159 268
159 269
159 272
159 278
159 280
159 281
159 284
159 285
159 287
159 288
159 289
159 292
159 293
159 296
160 166
160 167
160 169
160 171
160 179
160 182
160 184
160 185
160 186
160 187
160 188
160 189
160 190
160 191
160 194
160 198
160 203
160 204
160 205
160 209
160 212
160 213
160 215
160 220
160 223
160 224
160 226
160 227
160 228
160 234
160 236
160 238
160 241
160 244
160 248
160 249
160 250
160 251
160 253
160 255
160 256
160 257
160 259
160 261
160 262
160 267
160 269
160 270
160 271
160 273
160 274
160 275
160 276
160 278
160 281
160 283
160 284
160 286
160 290
160 292
160 293
160 294
160 295
160 298
160 299
161 166
161 168
161 169
161 170
161 171
161 173
161 174
161 179
161 180
161 182
161 186
161 189
161 190
161 193
161 194
161 195
161 196
161 197
161 203
161 204
161 205
161 206
161 207
161 208
161 209
161 211
161 215
161 217
161 221
161 222
161 223
161 225
161 226
161 227
161 233
161 234
161 235
161 237
161 239
161 240
161 241
161 243
161 246
161 248
161 250
161 251
161 253
161 255
161 256
161 258
161 259
161 261
161 263
161 264
161 267
161 269
161 270
161 271
161 273
161 275
161 278
161 280
161 281
161 283
161 284
161 287
161 288
161 290
161 292
161 294
161 297
161 298
161 299
161 300
162 167
162 168
162 172
162 175
162 176
162 177
162 180
162 181
162 182
162 186
162 187
162 192
162 196
162 197
162 199
162 200
162 201
162 203
162 207
162 209
162 211
162 213
162 214
162 215
162 216
162 218
162 223
162 225
162 227
162 228
162 229
162 230
162 233
162 236
162 237
162 238
162 241
162 244
162 246
162 248
162 256
162 257
162 259
162 262
162 265
162 266
162 268
162 269
162 270
162 271
162 272
162 273
162 276
162 278
162 279
162 284
162 286
162 287
162 289
162 290
162 292
162 294
162 295
162 296
162 299
163 169
163 170
163 173
163 174
163 175
163 178
163 180
163 182
163 183
163 185
163 189
163 190
163 192
163 193
163 194
163 195
163 196
163 199
163 201
163 202
163 205
163 206
163 207
163 209
163 210
163 212
163 213
163 215
163 217
163 219
163 222
163 224
163 225
163 228
163 230
163 231
163 233
163 235
163 236
163 237
163 239
163 243
163 244
163 245
163 248
163 251
163 254
163 255
163 257
163 258
163 259
163 261
163 262
163 264
163 265
163 269
163 270
163 272
163 274
163 276
163 277
163 282
163 283
163 284
163 286
163 289
163 290
163 292
163 294
163 296
163 297
163 298
163 299
164 168
164 172
164 173
164 174
164 177
164 178
164 180
164 182
164 183
164 184
164 186
164 188
164 191
164 192
164 193
164 196
164 204
164 207
164 211
164 216
164 217
164 218
164 220
164 221
164 223
164 224
164 226
164 229
164 231
164 233
164 234
164 236
164 241
164 242
164 243
164 245
164 250
164 251
164 253
164 255
164 257
164 258
164 259
164 261
164 263
164 265
164 267
164 269
164 271
164 273
164 275
164 276
164 277
164 278
164 282
164 283
164 286
164 289
164 293
164 297
164 298
164 300
165 166
165 169
165 170
165 172
165 176
165 177
165 178
165 181
165 183
165 185
165 188
165 195
165 201
165 202
165 205
165 206
165 207
165 209
165 210
165 211
165 213
165 215
165 216
165 220
165 222
165 223
165 224
165 225
165 227
165 229
165 231
165 234
165 238
165 239
165 240
165 242
165 244
165 245
165 246
165 247
165 250
165 252
165 256
165 257
165 260
165 261
165 265
165 268
165 271
165 272
165 275
165 276
165 277
165 279
165 281
165 282
165 287
165 290
165 291
165 293
165 296
165 300
166 178
166 181
166 183
166 185
166 187
166 190
166 192
166 193
166 196
166 198
166 201
166 202
166 204
166 205
166 206
166 207
166 208
166 210
166 211
166 214
166 216
166 217
166 218
166 220
166 222
166 230
166 231
166 233
166 235
166 240
166 241
166 243
166 244
166 245
166 247
166 249
166 251
166 252
166 256
166 258
166 261
166 262
166 265
166 266
166 267
166 270
166 271
166 273
166 277
166 279
166 281
166 282
166 284
166 285
166 288
166 290
166 292
166 293
166 295
166 296
166 297
167 178
167 179
167 180
167 183
167 186
167 188
167 189
167 190
167 191
167 192
167 193
167 196
167 201
167 207
167 210
167 215
167 216
167 217
167 220
167 223
167 225
167 226
167 227
167 228
167 229
167 231
167 232
167 238
167 239
167 240
167 241
167 243
167 246
167 251
167 252
167 257
167 258
167 259
167 265
167 266
167 268
167 273
167 275
167 276
167 279
167 281
167 283
167 284
167 285
167 288
167 289
167 292
167 293
167 295
167 297
167 300
168 177
168 178
168 180
168 181
168 182
168 184
168 185
168 188
168 189
168 193
168 194
168 198
168 199
168 200
168 203
168 204
168 207
168 208
168 209
168 210
168 211
168 213
168 214
168 215
168 220
168 225
168 227
168 228
168 229
168 230
168 232
168 235
168 236
168 237
168 238
168 240
168 241
168 242
168 244
168 245
168 246
168 248
168 251
168 253
168 258
168 266
168 267
168 268
168 269
168 270
168 272
168 273
168 274
168 275
168 277
168 279
168 281
168 282
168 287
168 288
168 289
168 292
168 293
168 295
168 296
168 297
168 298
169 177
169 181
169 183
169 184
169 185
169 186
169 187
169 188
169 190
169 191
169 194
169 196
169 197
169 198
169 201
169 203
169 205
169 207
169 208
169 209
169 210
169 212
169 213
169 214
169 216
169 218
169 221
169 222
169 223
169 226
169 227
169 228
169 231
169 237
169 238
169 239
169 241
169 243
169 244
169 247
169 250
169 254
169 258
169 260
169 265
169 267
169 268
169 273
169 276
169 277
169 278
169 279
169 281
169 283
169 284
169 286
169 287
169 289
169 291
169 294
169 298
169 299
169 300
170 177
170 179
170 184
170 186
170 187
170 188
170 190
170 191
170 192
170 194
170 198
170 199
170 200
170 201
170 202
170 203
170 206
170 209
170 210
170 211
170 212
170 213
170 217
170 218
170 219
170 221
170 223
170 226
170 228
170 229
170 233
170 235
170 237
170 240
170 243
170 245
170 246
170 247
170 248
170 250
170 251
170 255
170 256
170 257
170 259
170 260
170 261
170 263
170 264
170 266
170 269
170 271
170 276
170 277
170 278
170 279
170 282
170 286
170 287
170 291
170 292
170 294
170 297
170 298
171 178
171 179
171 181
171 184
171 185
171 188
171 189
171 192
171 194
171 195
171 196
171 197
171 202
171 203
171 205
171 209
171 210
171 211
171 212
171 214
171 216
171 218
171 221
171 222
171 223
171 225
171 226
171 227
171 233
171 235
171 236
171 239
171 242
171 243
171 246
171 248
171 249
171 250
171 251
171 252
171 253
171 254
171 255
171 263
171 267
171 269
171 272
171 278
171 279
171 280
171 285
171 287
171 289
171 294
171 295
171 297
171 298
171 299
172 180
172 181
172 182
172 183
172 185
172 188
172 190
172 191
172 194
172 195
172 202
172 203
172 208
172 209
172 214
172 215
172 216
172 217
172 218
172 219
172 220
172 221
172 222
172 223
172 226
172 228
172 231
172 232
172 233
172 236
172 238
172 240
172 242
172 244
172 245
172 246
172 248
172 253
172 254
172 256
172 257
172 259
172 260
172 262
172 263
172 265
172 267
172 268
172 270
172 271
172 272
172 273
172 274
172 275
172 277
172 281
172 282
172 285
172 286
172 288
172 289
172 292
172 293
172 295
172 299
173 181
173 182
173 184
173 187
173 190
173 196
173 197
173 200
173 201
173 203
173 204
173 206
173 208
173 212
173 217
173 220
173 221
173 224
173 225
173 227
173 228
173 233
173 234
173 235
173 236
173 238
173 239
173 242
173 244
173 245
173 246
173 252
173 256
173 257
173 258
173 259
173 260
173 261
173 262
173 263
173 264
173 265
173 270
173 271
173 273
173 274
173 275
173 277
173 280
173 282
173 284
173 288
173 291
173 292
173 295
173 296
173 297
173 300
174 177
174 179
174 180
174 183
174 184
174 191
174 193
174 195
174 197
174 198
174 199
174 201
174 202
174 204
174 206
174 211
174 212
174 213
174 214
174 215
174 217
174 220
174 221
174 222
174 224
174 227
174 229
174 230
174 232
174 233
174 235
174 236
174 238
174 239
174 243
174 248
174 249
174 250
174 252
174 253
174 254
174 255
174 256
174 259
174 262
174 263
174 264
174 266
174 267
174 268
174 272
174 273
174 274
174 278
174 279
174 280
174 283
174 284
174 285
174 288
174 290
174 291
174 292
174 296
174 299
174 300
175 178
175 179
175 181
175 182
175 185
175 186
175 188
175 189
175 194
175 195
175 197
175 198
175 200
175 202
175 203
175 205
175 206
175 207
175 211
175 212
175 215
175 224
175 226
175 227
175 228
175 229
175 230
175 232
175 234
175 235
175 236
175 240
175 241
175 244
175 245
175 248
175 249
175 251
175 252
175 256
175 258
175 259
175 261
175 262
175 263
175 264
175 266
175 269
175 275
175 278
175 280
175 282
175 284
175 285
175 288
175 289
175 290
175 291
175 294
175 298
176 177
176 178
176 180
176 183
176 184
176 185
176 187
176 189
176 193
176 197
176 198
176 199
176 201
176 202
176 204
176 205
176 207
176 208
176 213
176 214
176 219
176 220
176 221
176 222
176 229
176 233
176 234
176 236
176 237
176 238
176 241
176 242
176 243
176 245
176 246
176 251
176 252
176 253
176 254
176 255
176 260
176 261
176 262
176 263
176 264
176 265
176 269
176 272
176 275
176 276
176 277
176 278
176 280
176 282
176 284
176 285
176 286
176 287
176 289
176 291
176 293
176 294
176 295
176 299
176 300
177 188
177 193
177 196
177 198
177 200
177 201
177 204
177 205
177 206
177 208
177 210
177 212
177 219
177 220
177 221
177 222
177 225
177 226
177 229
177 230
177 231
177 232
177 235
177 237
177 238
177 239
177 244
177 246
177 248
177 249
177 250
177 253
177 254
177 255
177 258
177 259
177 260
177 262
177 264
177 265
177 266
177 267
177 269
177 272
177 273
177 274
177 278
177 279
177 280
177 281
177 283
177 284
177 285
177 287
177 290
177 291
177 292
177 293
177 294
178 189
178 191
178 194
178 195
178 199
178 200
178 201
178 202
178 206
178 208
178 209
178 210
178 213
178 214
178 216
178 217
178 220
178 222
178 223
178 224
178 225
178 228
178 231
178 233
178 234
178 235
178 237
178 240
178 241
178 242
178 245
178 248
178 251
178 252
178 256
178 257
178 258
178 262
178 264
178 266
178 268
178 270
178 274
178 276
178 277
178 278
178 279
178 280
178 285
178 286
178 287
178 288
178 291
178 293
178 294
178 295
178 299
178 300
179 188
179 190
179 191
179 192
179 193
179 197
179 200
179 203
179 204
179 206
179 208
179 209
179 211
179 212
179 213
179 215
179 216
179 218
179 221
179 222
179 224
179 225
179 229
179 230
179 231
179 233
179 235
179 237
179 239
179 241
179 243
179 244
179 246
179 248
179 251
179 252
179 253
179 254
179 255
179 258
179 261
179 262
179 265
179 266
179 268
179 270
179 272
179 273
179 274
179 275
179 278
179 280
179 283
179 284
179 285
179 288
179 289
179 290
179 291
179 293
179 295
179 296
179 298
179 299
180 189
180 190
180 191
180 192
180 196
180 199
180 201
180 203
180 206
180 210
180 211
180 213
180 218
180 222
180 224
180 226
180 229
180 231
180 232
180 234
180 235
180 240
180 243
180 245
180 248
180 249
180 250
180 252
180 257
180 259
180 261
180 265
180 268
180 270
180 272
180 273
180 276
180 280
180 281
180 283
180 284
180 285
180 288
180 290
180 291
180 293
180 294
180 295
180 297
180 298
181 188
181 189
181 190
181 195
181 196
181 198
181 202
181 203
181 206
181 209
181 214
181 215
181 216
181 217
181 218
181 220
181 223
181 224
181 225
181 227
181 229
181 230
181 232
181 235
181 236
181 237
181 238
181 239
181 241
181 243
181 244
181 245
181 248
181 249
181 251
181 252
181 255
181 257
181 258
181 259
181 262
181 264
181 265
181 267
181 268
181 271
181 274
181 276
181 277
181 278
181 281
181 283
181 288
181 291
181 293
181 296
181 297
181 299
181 300
182 188
182 189
182 192
182 196
182 197
182 198
182 200
182 201
182 202
182 204
182 208
182 210
182 213
182 216
182 217
182 220
182 221
182 223
182 226
182 227
182 230
182 231
182 233
182 234
182 236
182 238
182 240
182 241
182 242
182 243
182 246
182 249
182 250
182 251
182 253
182 255
182 257
182 258
182 260
182 261
182 269
182 270
182 272
182 273
182 274
182 276
182 277
182 279
182 281
182 284
182 286
182 290
182 294
182 300
183 188
183 189
183 190
183 192
183 194
183 196
183 198
183 199
183 203
183 205
183 206
183 207
183 208
183 209
183 210
183 211
183 212
183 214
183 216
183 218
183 220
183 222
183 224
183 225
183 229
183 231
183 232
183 233
183 236
183 237
183 242
183 244
183 245
183 247
183 248
183 249
183 251
183 254
183 260
183 265
183 268
183 269
183 270
183 272
183 277
183 281
183 283
183 284
183 287
183 288
183 292
183 294
183 297
183 299
184 189
184 190
184 191
184 192
184 194
184 197
184 201
184 203
184 204
184 205
184 206
184 208
184 210
184 212
184 213
184 214
184 217
184 220
184 223
184 225
184 226
184 227
184 228
184 229
184 231
184 232
184 234
184 238
184 241
184 243
184 247
184 249
184 250
184 252
184 254
184 256
184 257
184 258
184 261
184 264
184 265
184 269
184 275
184 277
184 278
184 280
184 282
184 283
184 284
184 286
184 287
184 289
184 291
184 293
184 296
184 298
184 299
184 300
185 190
185 192
185 193
185 195
185 197
185 199
185 200
185 201
185 203
185 205
185 207
185 210
185 213
185 215
185 217
185 218
185 221
185 222
185 224
185 228
185 233
185 235
185 236
185 239
185 240
185 241
185 242
185 244
185 247
185 248
185 251
185 254
185 255
185 256
185 259
185 260
185 261
185 262
185 263
185 264
185 266
185 267
185 271
185 273
185 275
185 279
185 285
185 287
185 289
185 290
185 295
185 296
185 297
186 189
186 190
186 191
186 193
186 195
186 197
186 198
186 199
186 200
186 202
186 203
186 205
186 211
186 214
186 216
186 217
186 218
186 219
186 220
186 221
186 224
186 225
186 226
186 227
186 228
186 237
186 239
186 240
186 243
186 244
186 247
186 249
186 250
186 251
186 255
186 256
186 257
186 261
186 263
186 265
186 267
186 269
186 270
186 271
186 272
186 275
186 276
186 279
186 280
186 285
186 286
186 287
186 288
186 289
186 291
186 292
186 293
186 294
186 295
186 300
187 191
187 192
187 193
187 196
187 197
187 199
187 201
187 202
187 208
187 209
187 212
187 215
187 217
187 218
187 222
187 229
187 230
187 233
187 234
187 235
187 237
187 241
187 244
187 245
187 253
187 255
187 256
187 257
187 259
187 261
187 263
187 264
187 266
187 269
187 270
187 273
187 275
187 276
187 277
187 278
187 280
187 283
187 284
187 286
187 287
187 288
187 290
187 292
187 295
187 296
187 297
187 298
187 299
188 199
188 202
188 204
188 206
188 207
188 208
188 209
188 210
188 211
188 213
188 217
188 221
188 222
188 224
188 226
188 228
188 230
188 231
188 232
188 235
188 236
188 240
188 241
188 242
188 247
188 248
188 249
188 250
188 252
188 254
188 256
188 258
188 262
188 265
188 270
188 271
188 274
188 276
188 277
188 278
188 279
188 282
188 284
188 285
188 288
188 289
188 290
188 294
188 295
188 296
188 297
188 298
189 199
189 200
189 201
189 213
189 214
189 216
189 218
189 221
189 223
189 224
189 225
189 228
189 231
189 233
189 235
189 236
189 237
189 239
189 245
189 246
189 248
189 249
189 251
189 253
189 256
189 257
189 259
189 260
189 261
189 262
189 266
189 267
189 268
189 271
189 272
189 274
189 276
189 277
189 281
189 282
189 284
189 286
189 288
189 289
189 292
189 293
189 296
190 200
190 204
190 207
190 208
190 209
190 211
190 213
190 214
190 217
190 219
190 220
190 222
190 223
190 227
190 231
190 234
190 236
190 237
190 238
190 240
190 242
190 245
190 246
190 247
190 248
190 250
190 253
190 258
190 259
190 260
190 262
190 263
190 264
190 267
190 268
190 269
190 273
190 274
190 275
190 278
190 279
190 282
190 283
190 285
190 286
190 287
190 288
190 292
190 295
190 296
190 297
190 298
190 300
191 200
191 202
191 203
191 205
191 207
191 208
191 209
191 211
191 212
191 215
191 216
191 218
191 222
191 226
191 227
191 228
191 230
191 231
191 233
191 234
191 236
191 240
191 242
191 247
191 248
191 249
191 254
191 255
191 256
191 257
191 258
191 260
191 265
191 266
191 267
191 268
191 270
191 271
191 272
191 276
191 279
191 280
191 282
191 283
191 285
191 286
191 287
191 294
191 295
191 298
192 199
192 200
192 201
192 207
192 209
192 211
192 214
192 215
192 216
192 217
192 220
192 223
192 225
192 226
192 227
192 231
192 233
192 235
192 236
192 238
192 240
192 243
192 244
192 246
192 248
192 254
192 256
192 257
192 258
192 259
192 260
192 262
192 265
192 267
192 268
192 270
192 271
192 272
192 273
192 274
192 276
192 278
192 283
192 288
192 289
192 295
192 296
192 298
192 299
192 300
193 199
193 201
193 202
193 203
193 204
193 205
193 208
193 210
193 211
193 213
193 214
193 215
193 219
193 224
193 225
193 226
193 227
193 228
193 229
193 233
193 234
193 235
193 238
193 239
193 242
193 243
193 244
193 247
193 249
193 252
193 253
193 256
193 257
193 258
193 261
193 263
193 266
193 268
193 272
193 273
193 274
193 276
193 281
193 282
193 284
193 285
193 288
193 290
193 291
193 292
193 294
193 295
194 199
194 204
194 207
194 208
194 211
194 215
194 216
194 217
194 219
194 220
194 221
194 223
194 227
194 229
194 230
194 232
194 234
194 239
194 243
194 245
194 247
194 249
194 250
194 253
194 255
194 262
194 264
194 265
194 266
194 268
194 270
194 272
194 275
194 276
194 277
194 279
194 280
194 282
194 283
194 285
194 287
194 288
194 290
194 291
194 293
194 294
194 297
194 298
194 299
195 199
195 201
195 203
195 206
195 210
195 211
195 212
195 216
195 218
195 219
195 220
195 221
195 222
195 226
195 228
195 230
195 237
195 238
195 240
195 241
195 242
195 243
195 246
195 248
195 250
195 251
195 254
195 255
195 256
195 257
195 259
195 261
195 263
195 265
195 266
195 269
195 270
195 274
195 275
195 278
195 280
195 281
195 283
195 284
195 291
195 293
195 294
195 296
195 297
195 299
196 200
196 202
196 203
196 204
196 205
196 208
196 210
196 214
196 215
196 216
196 220
196 221
196 222
196 223
196 226
196 229
196 230
196 231
196 232
196 235
196 236
196 239
196 240
196 241
196 248
196 249
196 250
196 252
196 253
196 254
196 255
196 259
196 260
196 262
196 263
196 267
196 271
196 272
196 276
196 277
196 278
196 279
196 282
196 285
196 287
196 290
196 291
196 293
196 294
196 298
196 299
197 202
197 203
197 205
197 206
197 207
197 210
197 212
197 214
197 216
197 217
197 218
197 220
197 221
197 224
197 226
197 227
197 228
197 231
197 233
197 234
197 237
197 241
197 242
197 244
197 245
197 247
197 250
197 253
197 254
197 259
197 260
197 262
197 264
197 266
197 267
197 269
197 270
197 275
197 278
197 279
197 280
197 283
197 284
197 287
197 290
197 292
197 293
197 296
197 297
197 298
197 300
198 199
198 200
198 203
198 204
198 205
198 206
198 209
198 210
198 213
198 214
198 215
198 218
198 221
198 222
198 224
198 228
198 230
198 232
198 233
198 234
198 235
198 236
198 237
198 241
198 242
198 246
198 249
198 250
198 251
198 252
198 256
198 257
198 258
198 260
198 261
198 265
198 267
198 268
198 269
198 270
198 273
198 274
198 275
198 280
198 283
198 285
198 286
198 287
198 288
198 289
198 292
198 294
198 295
198 296
198 297
198 299
199 210
199 211
199 212
199 213
199 215
199 216
199 220
199 222
199 223
199 225
199 226
199 228
199 230
199 231
199 234
199 235
199 236
199 238
199 241
199 243
199 246
199 247
199 251
199 253
199 256
199 258
199 259
199 260
199 261
199 263
199 265
199 266
199 268
199 269
199 272
199 273
199 274
199 275
199 278
199 279
199 281
199 282
199 285
199 286
199 289
199 290
199 291
199 293
199 294
199 295
199 298
199 299
200 212
200 214
200 215
200 216
200 218
200 219
200 220
200 223
200 225
200 229
200 231
200 237
200 238
200 240
200 241
200 244
200 245
200 247
200 250
200 252
200 253
200 255
200 256
200 257
200 260
200 262
200 263
200 265
200 268
200 269
200 270
200 271
200 273
200 275
200 276
200 279
200 280
200 281
200 284
200 288
200 293
200 296
201 210
201 211
201 212
201 213
201 214
201 215
201 216
201 222
201 223
201 224
201 225
201 227
201 228
201 231
201 233
201 237
201 239
201 240
201 241
201 244
201 245
201 247
201 249
201 250
201 251
201 252
201 256
201 257
201 262
201 266
201 268
201 269
201 270
201 274
201 275
201 277
201 281
201 283
201 284
201 285
201 286
201 288
201 291
201 293
201 294
201 296
201 298
201 299
202 214
202 219
202 220
202 222
202 228
202 230
202 231
202 232
202 234
202 235
202 237
202 240
202 243
202 247
202 249
202 251
202 254
202 255
202 256
202 261
202 263
202 264
202 267
202 271
202 272
202 277
202 282
202 283
202 288
202 290
202 291
202 295
202 297
202 298
202 299
203 210
203 212
203 213
203 215
203 216
203 218
203 220
203 221
203 223
203 225
203 226
203 229
203 232
203 239
203 241
203 244
203 245
203 249
203 250
203 253
203 254
203 256
203 257
203 258
203 260
203 263
203 265
203 266
203 267
203 270
203 271
203 274
203 275
203 276
203 278
203 279
203 282
203 283
203 284
203 288
203 289
203 292
203 293
203 295
203 300
204 210
204 211
204 213
204 217
204 218
204 219
204 220
204 222
204 224
204 226
204 227
204 228
204 229
204 231
204 233
204 234
204 236
204 238
204 239
204 244
204 245
204 246
204 247
204 249
204 250
204 251
204 252
204 253
204 254
204 259
204 260
204 263
204 268
204 269
204 271
204 272
204 274
204 275
204 278
204 279
204 281
204 282
204 285
204 286
204 289
204 290
204 296
204 297
204 298
204 299
204 300
205 212
205 214
205 218
205 224
205 229
205 230
205 234
205 235
205 236
205 237
205 238
205 240
205 241
205 242
205 245
205 247
205 248
205 250
205 253
205 254
205 256
205 258
205 259
205 265
205 266
205 268
205 269
205 272
205 278
205 279
205 280
205 282
205 283
205 284
205 286
205 288
205 289
205 291
205 293
205 295
205 297
205 298
205 299
206 210
206 211
206 213
206 215
206 217
206 218
206 223
206 224
206 225
206 226
206 228
206 230
206 231
206 233
206 236
206 237
206 238
206 239
206 241
206 243
206 246
206 247
206 248
206 250
206 251
206 253
206 257
206 258
206 259
206 260
206 262
206 263
206 265
206 266
206 268
206 271
206 273
206 276
206 277
206 280
206 281
206 282
206 284
206 286
206 292
206 294
206 296
206 298
206 299
207 212
207 215
207 216
207 218
207 220
207 222
207 223
207 227
207 228
207 229
207 230
207 231
207 232
207 234
207 237
207 238
207 239
207 243
207 245
207 246
207 248
207 249
207 250
207 252
207 253
207 255
207 256
207 260
207 264
207 265
207 267
207 269
207 270
207 272
207 274
207 276
207 278
207 280
207 284
207 287
207 288
207 289
207 290
207 292
207 294
207 295
207 296
207 297
207 300
208 212
208 213
208 222
208 223
208 224
208 225
208 226
208 230
208 232
208 233
208 237
208 238
208 239
208 241
208 243
208 251
208 252
208 254
208 257
208 261
208 262
208 264
208 266
208 267
208 270
208 272
208 274
208 275
208 278
208 279
208 282
208 283
208 284
208 286
208 289
208 290
208 293
208 294
208 298
208 299
208 300
209 210
209 211
209 213
209 215
209 216
209 217
209 220
209 221
209 222
209 225
209 228
209 230
209 233
209 236
209 239
209 240
209 242
209 243
209 244
209 245
209 246
209 249
209 251
209 255
209 257
209 263
209 264
209 265
209 266
209 268
209 270
209 272
209 273
209 274
209 275
209 276
209 278
209 283
209 288
209 289
209 290
209 292
209 293
209 294
209 295
209 297
210 221
210 222
210 228
210 229
210 230
210 233
210 234
210 235
210 238
210 239
210 241
210 244
210 247
210 248
210 252
210 256
210 257
210 258
210 263
210 265
210 266
210 271
210 272
210 274
210 276
210 278
210 280
210 282
210 283
210 285
210 289
210 290
210 294
210 295
210 299
211 222
211 223
211 226
211 228
211 233
211 235
211 236
211 238
211 240
211 246
211 247
211 249
211 251
211 252
211 256
211 257
211 259
211 260
211 261
211 263
211 264
211 268
211 270
211 275
211 276
211 278
211 287
211 288
211 290
211 295
211 297
211 299
211 300
212 221
212 222
212 224
212 225
212 230
212 234
212 236
212 237
212 240
212 242
212 245
212 248
212 249
212 251
212 252
212 253
212 254
212 255
212 256
212 262
212 265
212 266
212 267
212 268
212 270
212 276
212 278
212 279
212 283
212 285
212 286
212 289
212 290
212 292
212 293
212 295
212 296
212 297
212 298
213 223
213 224
213 227
213 232
213 238
213 239
213 240
213 241
213 244
213 246
213 247
213 248
213 249
213 252
213 254
213 255
213 257
213 258
213 262
213 264
213 265
213 268
213 269
213 270
213 271
213 274
213 275
213 277
213 278
213 280
213 284
213 287
213 288
213 292
213 293
213 294
213 295
213 296
213 300
214 221
214 223
214 224
214 225
214 227
214 228
214 234
214 235
214 236
214 238
214 239
214 242
214 243
214 244
214 245
214 248
214 251
214 255
214 261
214 262
214 264
214 267
214 269
214 270
214 271
214 274
214 275
214 276
214 277
214 279
214 281
214 282
214 285
214 286
214 288
214 289
214 291
214 293
214 294
214 297
214 298
214 299
215 222
215 223
215 227
215 230
215 231
215 234
215 237
215 238
215 240
215 241
215 242
215 244
215 245
215 246
215 249
215 252
215 253
215 254
215 255
215 263
215 264
215 265
215 266
215 267
215 270
215 271
215 275
215 276
215 277
215 278
215 280
215 281
215 282
215 283
215 284
215 289
215 290
215 291
215 292
215 294
215 297
215 299
215 300
216 221
216 222
216 224
216 225
216 226
216 231
216 232
216 234
216 235
216 238
216 241
216 242
216 243
216 246
216 247
216 250
216 254
216 255
216 256
216 257
216 258
216 259
216 261
216 264
216 267
216 268
216 271
216 273
216 277
216 279
216 281
216 282
216 283
216 286
216 287
216 289
216 293
216 295
216 296
216 298
216 299
216 300
217 223
217 225
217 226
217 227
217 229
217 230
217 231
217 233
217 234
217 236
217 237
217 239
217 242
217 246
217 247
217 248
217 249
217 250
217 251
217 252
217 253
217 255
217 256
217 257
217 261
217 262
217 265
217 266
217 270
217 271
217 273
217 274
217 279
217 280
217 282
217 283
217 285
217 286
217 288
217 289
217 291
217 292
217 294
217 295
217 300
218 223
218 225
218 226
218 227
218 230
218 231
218 232
218 233
218 235
218 236
218 240
218 241
218 245
218 248
218 249
218 251
218 253
218 254
218 255
218 257
218 260
218 261
218 262
218 266
218 268
218 269
218 270
218 272
218 274
218 276
218 278
218 279
218 280
218 281
218 283
218 285
218 287
218 289
218 291
218 294
218 295
218 296
218 297
219 221
219 224
219 225
219 228
219 229
219 230
219 231
219 232
219 234
219 235
219 237
219 240
219 241
219 242
219 245
219 246
219 247
219 249
219 252
219 254
219 256
219 258
219 259
219 264
219 265
219 271
219 272
219 273
219 275
219 282
219 283
219 287
219 290
219 291
219 292
219 297
219 299
220 222
220 223
220 225
220 227
220 228
220 230
220 231
220 238
220 239
220 240
220 243
220 245
220 246
220 247
220 250
220 254
220 257
220 258
220 259
220 260
220 263
220 264
220 265
220 266
220 267
220 268
220 273
220 274
220 276
220 277
220 278
220 279
220 281
220 282
220 284
220 285
220 288
220 290
220 296
220 297
220 298
220 299
221 231
221 233
221 234
221 240
221 242
221 243
221 244
221 248
221 251
221 253
221 254
221 255
221 262
221 263
221 265
221 267
221 268
221 270
221 271
221 273
221 274
221 275
221 276
221 280
221 282
221 285
221 286
221 288
221 289
221 290
221 292
221 293
221 294
221 300
222 231
222 232
222 233
222 236
222 237
222 240
222 241
222 244
222 246
222 247
222 248
222 249
222 251
222 252
222 254
222 255
222 257
222 264
222 266
222 267
222 269
222 270
222 271
222 276
222 278
222 281
222 282
222 284
222 288
222 290
222 292
222 294
222 295
222 296
222 297
222 299
223 231
223 233
223 235
223 236
223 238
223 239
223 241
223 242
223 243
223 247
223 249
223 251
223 258
223 259
223 261
223 264
223 265
223 267
223 269
223 272
223 273
223 274
223 276
223 277
223 279
223 281
223 285
223 286
223 287
223 289
223 290
223 292
223 294
223 296
223 298
223 299
223 300
224 232
224 234
224 235
224 236
224 237
224 240
224 242
224 243
224 246
224 248
224 249
224 250
224 252
224 255
224 256
224 257
224 259
224 261
224 262
224 263
224 264
224 266
224 272
224 275
224 278
224 281
224 283
224 284
224 287
224 288
224 290
224 292
224 293
224 297
224 299
224 300
225 235
225 236
225 238
225 242
225 243
225 248
225 250
225 251
225 252
225 254
225 255
225 256
225 258
225 261
225 263
225 265
225 270
225 271
225 273
225 275
225 278
225 279
225 280
225 282
225 283
225 284
225 286
225 287
225 290
225 292
225 293
225 296
225 297
225 298
225 300
226 235
226 237
226 240
226 244
226 245
226 248
226 250
226 251
226 252
226 254
226 258
226 259
226 260
226 261
226 262
226 264
226 266
226 267
226 268
226 271
226 273
226 276
226 277
226 278
226 279
226 285
226 289
226 291
226 292
226 295
226 296
226 297
226 298
227 231
227 232
227 233
227 234
227 238
227 241
227 243
227 245
227 246
227 247
227 250
227 252
227 254
227 257
227 261
227 262
227 263
227 266
227 267
227 269
227 274
227 277
227 278
227 280
227 282
227 283
227 284
227 285
227 286
227 290
227 293
227 294
227 295
227 297
227 298
227 299
228 231
228 232
228 235
228 236
228 237
228 238
228 242
228 245
228 246
228 253
228 256
228 257
228 258
228 259
228 260
228 262
228 263
228 264
228 265
228 266
228 269
228 271
228 274
228 275
228 278
228 279
228 280
228 281
228 282
228 284
228 285
228 287
228 291
228 294
228 295
228 299
229 232
229 236
229 237
229 238
229 240
229 241
229 244
229 246
229 247
229 249
229 250
229 253
229 255
229 256
229 257
229 258
229 260
229 261
229 264
229 265
229 269
229 273
229 276
229 277
229 279
229 283
229 287
229 288
229 289
229 293
229 297
229 298
229 300
230 231
230 232
230 235
230 237
230 238
230 240
230 242
230 244
230 245
230 246
230 248
230 250
230 251
230 253
230 254
230 255
230 257
230 258
230 263
230 266
230 269
230 271
230 273
230 274
230 276
230 277
230 279
230 281
230 283
230 284
230 287
230 291
230 299
230 300
231 244
231 246
231 247
231 251
231 255
231 258
231 263
231 264
231 265
231 266
231 269
231 272
231 273
231 276
231 280
231 283
231 284
231 285
231 289
231 296
231 298
231 299
231 300
232 241
232 242
232 243
232 244
232 246
232 248
232 255
232 256
232 257
232 259
232 260
232 263
232 265
232 266
232 268
232 269
232 271
232 273
232 278
232 281
232 282
232 286
232 287
232 288
232 291
232 293
232 294
232 295
232 298
232 300
233 241
233 242
233 243
233 245
233 246
233 249
233 251
233 255
233 257
233 259
233 265
233 266
233 268
233 270
233 271
233 272
233 275
233 277
233 279
233 281
233 282
233 283
233 285
233 290
233 292
233 293
233 294
233 295
233 296
233 297
234 242
234 243
234 244
234 245
234 248
234 250
234 251
234 254
234 256
234 257
234 260
234 261
234 263
234 264
234 267
234 268
234 270
234 271
234 272
234 274
234 276
234 277
234 279
234 281
234 284
234 285
234 287
234 289
234 290
234 291
234 292
234 293
234 297
234 298
234 299
235 242
235 243
235 244
235 246
235 247
235 249
235 251
235 256
235 258
235 259
235 265
235 266
235 268
235 269
235 270
235 272
235 275
235 276
235 277
235 279
235 280
235 282
235 288
235 289
235 294
235 295
235 296
235 298
235 300
236 242
236 243
236 245
236 249
236 250
236 252
236 256
236 257
236 258
236 259
236 260
236 261
236 262
236 263
236 264
236 267
236 270
236 273
236 274
236 275
236 277
236 281
236 282
236 283
236 285
236 287
236 291
236 292
236 293
236 295
236 296
236 299
237 241
237 243
237 244
237 245
237 248
237 250
237 252
237 255
237 256
237 258
237 259
237 260
237 261
237 264
237 265
237 266
237 267
237 269
237 272
237 274
237 276
237 278
237 279
237 280
237 284
237 286
237 288
237 289
237 290
237 292
237 293
237 298
237 300
238 242
238 244
238 245
238 249
238 250
238 251
238 252
238 253
238 257
238 258
238 260
238 263
238 264
238 266
238 267
238 268
238 270
238 271
238 274
238 277
238 279
238 282
238 284
238 285
238 287
238 289
238 290
238 292
238 293
238 297
238 298
239 241
239 245
239 247
239 250
239 252
239 254
239 257
239 258
239 259
239 260
239 267
239 268
239 270
239 271
239 274
239 275
239 276
239 278
239 279
239 281
239 283
239 286
239 287
239 288
239 291
239 292
239 294
239 295
239 299
240 241
240 248
240 250
240 252
240 253
240 254
240 255
240 256
240 263
240 264
240 267
240 269
240 271
240 272
240 273
240 274
240 275
240 278
240 284
240 286
240 287
240 288
240 289
240 290
240 291
240 294
240 295
240 297
241 251
241 252
241 253
241 254
241 256
241 260
241 262
241 264
241 266
241 269
241 273
241 274
241 275
241 278
241 279
241 280
241 281
241 283
241 285
241 289
241 290
241 292
241 293
241 294
241 297
241 298
241 299
242 251
242 253
242 255
242 256
242 258
242 260
242 264
242 265
242 267
242 268
242 271
242 272
242 274
242 277
242 279
242 280
242 282
242 283
242 284
242 285
242 287
242 288
242 294
242 296
242 298
243 251
243 254
243 255
243 256
243 257
243 259
243 262
243 264
243 266
243 267
243 268
243 271
243 272
243 274
243 275
243 277
243 278
243 281
243 282
243 286
243 288
243 289
243 290
243 291
243 292
243 293
243 296
243 298
243 300
244 254
244 256
244 258
244 262
244 267
244 269
244 270
244 271
244 274
244 277
244 280
244 281
244 282
244 286
244 287
244 288
244 290
244 291
244 293
244 297
244 298
245 251
245 252
245 255
245 258
245 261
245 262
245 263
245 265
245 268
245 269
245 272
245 273
245 276
245 278
245 279
245 282
245 283
245 291
245 292
245 294
245 296
245 299
245 300
246 252
246 253
246 259
246 261
246 262
246 265
246 266
246 268
246 269
246 271
246 274
246 276
246 278
246 280
246 285
246 289
246 290
246 291
246 292
246 293
246 296
246 300
247 251
247 252
247 253
247 254
247 258
247 260
247 263
247 264
247 265
247 267
247 269
247 270
247 272
247 276
247 277
247 284
247 285
247 287
247 288
247 289
247 290
247 293
247 294
247 297
247 299
247 300
248 253
248 255
248 259
248 260
248 263
248 266
248 267
248 268
248 269
248 270
248 271
248 272
248 275
248 276
248 277
248 278
248 281
248 283
248 286
248 288
248 290
248 292
248 294
248 295
248 298
248 299
249 254
249 255
249 256
249 257
249 259
249 260
249 263
249 265
249 266
249 271
249 275
249 280
249 283
249 284
249 285
249 286
249 287
249 289
249 291
249 292
249 294
249 298
249 299
249 300
250 251
250 252
250 255
250 256
250 259
250 260
250 263
250 264
250 265
250 266
250 267
250 270
250 273
250 275
250 276
250 277
250 278
250 279
250 281
250 285
250 287
250 288
250 289
250 291
250 293
250 295
250 300
251 262
251 264
251 266
251 267
251 268
251 269
251 272
251 274
251 276
251 277
251 279
251 280
251 286
251 287
251 288
251 289
251 290
251 291
251 292
251 293
251 295
251 297
251 300
252 261
252 262
252 263
252 264
252 267
252 270
252 272
252 275
252 282
252 283
252 284
252 285
252 288
252 289
252 292
252 293
252 296
252 297
252 298
252 299
253 261
253 263
253 268
253 269
253 270
253 272
253 274
253 275
253 277
253 279
253 281
253 282
253 285
253 286
253 287
253 289
253 293
253 294
253 296
253 298
253 299
253 300
254 261
254 266
254 267
254 270
254 271
254 275
254 276
254 277
254 280
254 282
254 284
254 285
254 287
254 288
254 290
254 292
254 295
254 297
254 298
254 300
255 261
255 262
255 264
255 267
255 268
255 269
255 272
255 273
255 275
255 276
255 278
255 279
255 286
255 288
255 290
255 293
255 294
255 296
255 298
255 300
256 263
256 264
256 265
256 266
256 268
256 271
256 272
256 273
256 274
256 278
256 279
256 284
256 285
256 286
256 287
256 289
256 290
256 291
256 294
256 295
256 296
256 298
256 300
257 262
257 268
257 269
257 271
257 272
257 274
257 276
257 278
257 279
257 281
257 283
257 284
257 285
257 293
257 294
257 295
257 297
257 298
257 300
258 263
258 264
258 265
258 270
258 271
258 274
258 276
258 280
258 282
258 288
258 290
258 292
258 294
258 296
259 263
259 264
259 265
259 266
259 267
259 273
259 275
259 277
259 278
259 280
259 283
259 284
259 285
259 287
259 288
259 289
259 291
259 297
260 262
260 263
260 265
260 266
260 267
260 268
260 271
260 276
260 278
260 279
260 280
260 281
260 283
260 284
260 286
260 290
260 292
260 293
260 294
260 296
260 297
261 272
261 273
261 275
261 278
261 279
261 280
261 283
261 285
261 287
261 288
261 289
261 290
261 292
261 293
261 294
261 295
261 296
261 300
262 273
262 274
262 276
262 277
262 278
262 279
262 283
262 284
262 290
262 291
262 293
262 294
262 298
262 299
262 300
263 271
263 272
263 274
263 275
263 278
263 279
263 281
263 284
263 285
263 287
263 289
263 294
263 295
263 296
263 297
263 299
263 300
264 274
264 275
264 276
264 278
264 279
264 280
264 281
264 282
264 286
264 288
264 289
264 291
264 293
264 294
264 295
264 296
264 298
265 276
265 280
265 284
265 285
265 287
265 288
265 290
265 291
265 294
265 295
265 296
265 300
266 271
266 273
266 274
266 280
266 282
266 284
266 287
266 291
266 297
267 271
267 273
267 274
267 275
267 276
267 279
267 283
267 285
267 287
267 288
267 289
267 290
267 296
267 298
267 299
268 271
268 272
268 279
268 280
268 281
268 282
268 283
268 288
268 290
268 292
268 293
268 298
268 299
269 271
269 272
269 275
269 277
269 280
269 283
269 284
269 285
269 288
269 289
269 290
269 291
269 292
269 294
269 298
269 299
269 300
270 271
270 272
270 275
270 276
270 277
270 281
270 283
270 284
270 285
270 287
270 289
270 291
270 296
270 297
270 298
270 299
270 300
271 281
271 282
271 283
271 285
271 286
271 292
271 297
271 298
271 299
272 282
272 283
272 284
272 286
272 287
272 290
272 291
272 295
272 298
272 299
273 283
273 285
273 289
273 290
273 291
273 296
273 298
273 299
273 300
274 281
274 285
274 286
274 287
274 288
274 289
274 292
274 293
274 294
274 296
275 281
275 285
275 287
275 288
275 289
275 290
275 291
275 293
275 294
275 297
275 298
276 281
276 283
276 285
276 286
276 288
276 290
276 292
276 293
276 294
276 295
276 296
276 299
277 281
277 285
277 291
277 292
277 295
277 297
277 299
278 282
278 283
278 286
278 287
278 289
278 290
278 295
278 296
278 297
278 298
278 300
279 286
279 287
279 288
279 293
279 295
279 296
279 297
279 299
279 300
280 281
280 282
280 283
280 287
280 289
280 290
280 291
280 293
280 294
280 295
280 297
280 300
281 292
281 296
281 297
282 293
282 294
282 295
282 296
282 297
282 299
283 293
283 295
283 296
283 298
283 300
284 291
284 294
284 296
284 297
284 298
284 300
285 292
285 294
285 298
285 299
285 300
286 293
286 296
286 298
286 299
287 294
287 295
287 296
287 297
287 299
288 291
288 292
288 293
288 297
288 299
288 300
289 292
289 293
289 294
289 295
289 297
290 291
290 293
290 294
290 299
290 300
